track	action	src	dest_or_kept	reason
1	drop-neardup	30_Pharmacopoeia/_pharmacopoeia-vault/05_Medical/Claviceps purpurea.md	30_Pharmacopoeia/Medical/Claviceps purpurea.md	vault 47b <= canonical 1283b
1	drop-neardup	30_Pharmacopoeia/_pharmacopoeia-vault/05_Medical/Ergot.md	30_Pharmacopoeia/Medical/Ergot.md	vault 47b <= canonical 1222b
1	drop-neardup	30_Pharmacopoeia/_pharmacopoeia-vault/05_Medical/Claviceps paspali.md	30_Pharmacopoeia/Medical/Claviceps paspali.md	vault 47b <= canonical 1136b
1	drop-neardup	30_Pharmacopoeia/_pharmacopoeia-vault/05_Medical/Cinchona officinalis.md	30_Pharmacopoeia/Medical/Cinchona officinalis.md	vault 47b <= canonical 1273b
1	drop-neardup	30_Pharmacopoeia/_pharmacopoeia-vault/05_Medical/Papaver setigerum.md	30_Pharmacopoeia/Medical/Papaver setigerum.md	vault 47b <= canonical 1473b
1	drop-neardup	30_Pharmacopoeia/_pharmacopoeia-vault/05_Medical/Papaver somniferum.md	30_Pharmacopoeia/Medical/Papaver somniferum.md	vault 47b <= canonical 1478b
1	drop-neardup	30_Pharmacopoeia/_pharmacopoeia-vault/05_Medical/Papaver bracteatum.md	30_Pharmacopoeia/Medical/Papaver bracteatum.md	vault 47b <= canonical 1343b
1	drop-neardup	30_Pharmacopoeia/_pharmacopoeia-vault/03_Functional-Somatic/Ilex paraguariensis.md	30_Pharmacopoeia/Functional/Ilex paraguariensis.md	vault 47b <= canonical 1339b
1	drop-neardup	30_Pharmacopoeia/_pharmacopoeia-vault/03_Functional-Somatic/Coriolus versicolor.md	30_Pharmacopoeia/Functional/Coriolus versicolor.md	vault 47b <= canonical 1372b
1	drop-neardup	30_Pharmacopoeia/_pharmacopoeia-vault/03_Functional-Somatic/Hericium erinaceus.md	30_Pharmacopoeia/Functional/Hericium erinaceus.md	vault 47b <= canonical 1387b
1	drop-neardup	30_Pharmacopoeia/_pharmacopoeia-vault/03_Functional-Somatic/Agaricus subrufescens.md	30_Pharmacopoeia/Functional/Agaricus subrufescens.md	vault 47b <= canonical 1324b
1	drop-neardup	30_Pharmacopoeia/_pharmacopoeia-vault/03_Functional-Somatic/Paullinia yoco.md	30_Pharmacopoeia/Functional/Paullinia yoco.md	vault 47b <= canonical 1210b
1	drop-neardup	30_Pharmacopoeia/_pharmacopoeia-vault/03_Functional-Somatic/Ilex guayusa.md	30_Pharmacopoeia/Functional/Ilex guayusa.md	vault 47b <= canonical 1331b
1	drop-neardup	30_Pharmacopoeia/_pharmacopoeia-vault/03_Functional-Somatic/GHB.md	30_Pharmacopoeia/Functional/GHB.md	vault 47b <= canonical 1095b
1	drop-neardup	30_Pharmacopoeia/_pharmacopoeia-vault/03_Functional-Somatic/Lentinula edodes.md	30_Pharmacopoeia/Functional/Lentinula edodes.md	vault 47b <= canonical 1327b
1	drop-neardup	30_Pharmacopoeia/_pharmacopoeia-vault/03_Functional-Somatic/Astragalus membranaceus.md	30_Pharmacopoeia/Functional/Astragalus membranaceus.md	vault 47b <= canonical 1478b
1	drop-neardup	30_Pharmacopoeia/_pharmacopoeia-vault/03_Functional-Somatic/Cordyceps militaris.md	30_Pharmacopoeia/Functional/Cordyceps militaris.md	vault 47b <= canonical 1400b
1	kept-variant	30_Pharmacopoeia/_pharmacopoeia-vault/03_Functional-Somatic/Ginkgo biloba.md	30_Pharmacopoeia/Functional/Ginkgo biloba (variant).md	vault 3254b > canonical 1202b
1	drop-neardup	30_Pharmacopoeia/_pharmacopoeia-vault/03_Functional-Somatic/Theobroma cacao.md	30_Pharmacopoeia/Functional/Theobroma cacao.md	vault 47b <= canonical 1454b
1	drop-neardup	30_Pharmacopoeia/_pharmacopoeia-vault/03_Functional-Somatic/Erythroxylum coca.md	30_Pharmacopoeia/Functional/Erythroxylum coca.md	vault 47b <= canonical 1298b
1	drop-neardup	30_Pharmacopoeia/_pharmacopoeia-vault/03_Functional-Somatic/Ilex vomitoria.md	30_Pharmacopoeia/Functional/Ilex vomitoria.md	vault 47b <= canonical 1342b
1	kept-variant	30_Pharmacopoeia/_pharmacopoeia-vault/03_Functional-Somatic/Nutmeg.md	30_Pharmacopoeia/Functional/Nutmeg (variant).md	vault 53249b > canonical 946b
1	drop-neardup	30_Pharmacopoeia/_pharmacopoeia-vault/03_Functional-Somatic/Cannabis sativa.md	30_Pharmacopoeia/Functional/Cannabis sativa.md	vault 47b <= canonical 1329b
1	drop-neardup	30_Pharmacopoeia/_pharmacopoeia-vault/03_Functional-Somatic/Ephedra sinica.md	30_Pharmacopoeia/Functional/Ephedra sinica.md	vault 47b <= canonical 1257b
1	drop-neardup	30_Pharmacopoeia/_pharmacopoeia-vault/03_Functional-Somatic/Aralia mandshurica.md	30_Pharmacopoeia/Functional/Aralia mandshurica.md	vault 47b <= canonical 1273b
1	kept-variant	30_Pharmacopoeia/_pharmacopoeia-vault/03_Functional-Somatic/Aconite.md	30_Pharmacopoeia/Functional/Aconite (variant).md	vault 4612b > canonical 1216b
1	drop-neardup	30_Pharmacopoeia/_pharmacopoeia-vault/03_Functional-Somatic/NSI-189.md	30_Pharmacopoeia/Functional/NSI-189.md	vault 47b <= canonical 1212b
1	kept-variant	30_Pharmacopoeia/_pharmacopoeia-vault/03_Functional-Somatic/Tobacco.md	30_Pharmacopoeia/Functional/Tobacco (variant).md	vault 38469b > canonical 1092b
1	drop-neardup	30_Pharmacopoeia/_pharmacopoeia-vault/03_Functional-Somatic/Nicotiana tabacum.md	30_Pharmacopoeia/Functional/Nicotiana tabacum.md	vault 47b <= canonical 1300b
1	drop-neardup	30_Pharmacopoeia/_pharmacopoeia-vault/03_Functional-Somatic/Ganoderma lucidum.md	30_Pharmacopoeia/Functional/Ganoderma lucidum.md	vault 47b <= canonical 1237b
1	drop-neardup	30_Pharmacopoeia/_pharmacopoeia-vault/03_Functional-Somatic/Coffea arabica.md	30_Pharmacopoeia/Functional/Coffea arabica.md	vault 47b <= canonical 1339b
1	drop-neardup	30_Pharmacopoeia/_pharmacopoeia-vault/03_Functional-Somatic/Mitragyna speciosa.md	30_Pharmacopoeia/Functional/Mitragyna speciosa.md	vault 47b <= canonical 1522b
1	drop-neardup	30_Pharmacopoeia/_pharmacopoeia-vault/03_Functional-Somatic/Cola nitida.md	30_Pharmacopoeia/Functional/Cola nitida.md	vault 47b <= canonical 1331b
1	drop-neardup	30_Pharmacopoeia/_pharmacopoeia-vault/03_Functional-Somatic/Acanthopanax senticosus.md	30_Pharmacopoeia/Functional/Acanthopanax senticosus.md	vault 47b <= canonical 1275b
1	drop-neardup	30_Pharmacopoeia/_pharmacopoeia-vault/03_Functional-Somatic/Camellia sinensis.md	30_Pharmacopoeia/Functional/Camellia sinensis.md	vault 47b <= canonical 1341b
1	drop-neardup	30_Pharmacopoeia/_pharmacopoeia-vault/03_Functional-Somatic/Nicotiana rustica.md	30_Pharmacopoeia/Functional/Nicotiana rustica.md	vault 47b <= canonical 1301b
1	drop-neardup	30_Pharmacopoeia/_pharmacopoeia-vault/03_Functional-Somatic/Areca catechu.md	30_Pharmacopoeia/Functional/Areca catechu.md	vault 47b <= canonical 1352b
1	drop-neardup	30_Pharmacopoeia/_pharmacopoeia-vault/03_Functional-Somatic/Catha edulis.md	30_Pharmacopoeia/Functional/Catha edulis.md	vault 47b <= canonical 1321b
1	drop-neardup	30_Pharmacopoeia/_pharmacopoeia-vault/03_Functional-Somatic/Ilex cassine.md	30_Pharmacopoeia/Functional/Ilex cassine.md	vault 47b <= canonical 1208b
1	drop-neardup	30_Pharmacopoeia/_pharmacopoeia-vault/03_Functional-Somatic/Paullinia cupana.md	30_Pharmacopoeia/Functional/Paullinia cupana.md	vault 47b <= canonical 1373b
1	kept-variant	30_Pharmacopoeia/_pharmacopoeia-vault/02_Plants-that-Teach_Pneumatic/MDMA.md	30_Pharmacopoeia/Pneumatic/MDMA (variant).md	vault 4082b > canonical 1287b
1	drop-neardup	30_Pharmacopoeia/_pharmacopoeia-vault/02_Plants-that-Teach_Pneumatic/Echinopsis pachanoi.md	30_Pharmacopoeia/Pneumatic/Echinopsis pachanoi.md	vault 47b <= canonical 1174b
1	drop-neardup	30_Pharmacopoeia/_pharmacopoeia-vault/02_Plants-that-Teach_Pneumatic/Ayahuasca.md	30_Pharmacopoeia/Pneumatic/Ayahuasca.md	vault 47b <= canonical 1222b
1	drop-neardup	30_Pharmacopoeia/_pharmacopoeia-vault/02_Plants-that-Teach_Pneumatic/Trichocereus pachanoi.md	30_Pharmacopoeia/Pneumatic/Trichocereus pachanoi.md	vault 47b <= canonical 1132b
1	drop-neardup	30_Pharmacopoeia/_pharmacopoeia-vault/02_Plants-that-Teach_Pneumatic/Bufo alvarius.md	30_Pharmacopoeia/Pneumatic/Bufo alvarius.md	vault 47b <= canonical 1128b
1	drop-neardup	30_Pharmacopoeia/_pharmacopoeia-vault/02_Plants-that-Teach_Pneumatic/Tabernaemontana pachysiphon.md	30_Pharmacopoeia/Pneumatic/Tabernaemontana pachysiphon.md	vault 47b <= canonical 1440b
1	drop-neardup	30_Pharmacopoeia/_pharmacopoeia-vault/02_Plants-that-Teach_Pneumatic/Echinopsis peruviana.md	30_Pharmacopoeia/Pneumatic/Echinopsis peruviana.md	vault 47b <= canonical 1127b
1	drop-neardup	30_Pharmacopoeia/_pharmacopoeia-vault/02_Plants-that-Teach_Pneumatic/Ipomoea violacea.md	30_Pharmacopoeia/Pneumatic/Ipomoea violacea.md	vault 47b <= canonical 1245b
1	drop-neardup	30_Pharmacopoeia/_pharmacopoeia-vault/02_Plants-that-Teach_Pneumatic/Trichocereus peruvianus.md	30_Pharmacopoeia/Pneumatic/Trichocereus peruvianus.md	vault 47b <= canonical 1142b
1	drop-neardup	30_Pharmacopoeia/_pharmacopoeia-vault/02_Plants-that-Teach_Pneumatic/Peyote.md	30_Pharmacopoeia/Pneumatic/Peyote.md	vault 47b <= canonical 1057b
1	drop-neardup	30_Pharmacopoeia/_pharmacopoeia-vault/02_Plants-that-Teach_Pneumatic/Calea Zacatechichi.md	30_Pharmacopoeia/Pneumatic/Calea Zacatechichi.md	vault 47b <= canonical 1017b
1	drop-neardup	30_Pharmacopoeia/_pharmacopoeia-vault/02_Plants-that-Teach_Pneumatic/Diplopterys cabrerana.md	30_Pharmacopoeia/Pneumatic/Diplopterys cabrerana.md	vault 47b <= canonical 1201b
1	drop-neardup	30_Pharmacopoeia/_pharmacopoeia-vault/02_Plants-that-Teach_Pneumatic/Heimia salicifolia.md	30_Pharmacopoeia/Pneumatic/Heimia salicifolia.md	vault 47b <= canonical 1237b
1	kept-variant	30_Pharmacopoeia/_pharmacopoeia-vault/02_Plants-that-Teach_Pneumatic/Iboga.md	30_Pharmacopoeia/Pneumatic/Iboga (variant).md	vault 8146b > canonical 1184b
1	drop-neardup	30_Pharmacopoeia/_pharmacopoeia-vault/02_Plants-that-Teach_Pneumatic/Psychotria viridis.md	30_Pharmacopoeia/Pneumatic/Psychotria viridis.md	vault 47b <= canonical 1256b
1	drop-neardup	30_Pharmacopoeia/_pharmacopoeia-vault/02_Plants-that-Teach_Pneumatic/Peganum harmala.md	30_Pharmacopoeia/Pneumatic/Peganum harmala.md	vault 47b <= canonical 1234b
1	kept-variant	30_Pharmacopoeia/_pharmacopoeia-vault/02_Plants-that-Teach_Pneumatic/Salvia divinorum.md	30_Pharmacopoeia/Pneumatic/Salvia divinorum (variant).md	vault 30764b > canonical 1113b
1	drop-neardup	30_Pharmacopoeia/_pharmacopoeia-vault/02_Plants-that-Teach_Pneumatic/Rivea corymbosa.md	30_Pharmacopoeia/Pneumatic/Rivea corymbosa.md	vault 47b <= canonical 1256b
1	drop-neardup	30_Pharmacopoeia/_pharmacopoeia-vault/02_Plants-that-Teach_Pneumatic/San Pedro.md	30_Pharmacopoeia/Pneumatic/San Pedro.md	vault 47b <= canonical 1186b
1	drop-neardup	30_Pharmacopoeia/_pharmacopoeia-vault/02_Plants-that-Teach_Pneumatic/Syrian Rue.md	30_Pharmacopoeia/Pneumatic/Syrian Rue.md	vault 47b <= canonical 1202b
1	drop-neardup	30_Pharmacopoeia/_pharmacopoeia-vault/02_Plants-that-Teach_Pneumatic/Lophophora diffusa.md	30_Pharmacopoeia/Pneumatic/Lophophora diffusa.md	vault 47b <= canonical 1017b
1	drop-neardup	30_Pharmacopoeia/_pharmacopoeia-vault/02_Plants-that-Teach_Pneumatic/Mimosa tenuiflora.md	30_Pharmacopoeia/Pneumatic/Mimosa tenuiflora.md	vault 47b <= canonical 1256b
1	kept-variant	30_Pharmacopoeia/_pharmacopoeia-vault/02_Plants-that-Teach_Pneumatic/Sinicuichi.md	30_Pharmacopoeia/Pneumatic/Sinicuichi (variant).md	vault 179139b > canonical 1197b
1	drop-neardup	30_Pharmacopoeia/_pharmacopoeia-vault/02_Plants-that-Teach_Pneumatic/Ipomoea tricolor.md	30_Pharmacopoeia/Pneumatic/Ipomoea tricolor.md	vault 47b <= canonical 1300b
1	drop-neardup	30_Pharmacopoeia/_pharmacopoeia-vault/02_Plants-that-Teach_Pneumatic/Ipomoea corymbosa.md	30_Pharmacopoeia/Pneumatic/Ipomoea corymbosa.md	vault 47b <= canonical 1012b
1	drop-neardup	30_Pharmacopoeia/_pharmacopoeia-vault/02_Plants-that-Teach_Pneumatic/Psychotria carthagenensis.md	30_Pharmacopoeia/Pneumatic/Psychotria carthagenensis.md	vault 47b <= canonical 1140b
1	drop-neardup	30_Pharmacopoeia/_pharmacopoeia-vault/02_Plants-that-Teach_Pneumatic/Banisteriopsis caapi.md	30_Pharmacopoeia/Pneumatic/Banisteriopsis caapi.md	vault 47b <= canonical 1238b
1	drop-neardup	30_Pharmacopoeia/_pharmacopoeia-vault/02_Plants-that-Teach_Pneumatic/Mimosa hostilis.md	30_Pharmacopoeia/Pneumatic/Mimosa hostilis.md	vault 47b <= canonical 1161b
1	drop-neardup	30_Pharmacopoeia/_pharmacopoeia-vault/02_Plants-that-Teach_Pneumatic/Turbina corymbosa.md	30_Pharmacopoeia/Pneumatic/Turbina corymbosa.md	vault 47b <= canonical 1196b
1	drop-neardup	30_Pharmacopoeia/_pharmacopoeia-vault/02_Plants-that-Teach_Pneumatic/Lophophora williamsii.md	30_Pharmacopoeia/Pneumatic/Lophophora williamsii.md	vault 47b <= canonical 1349b
1	kept-variant	30_Pharmacopoeia/_pharmacopoeia-vault/02_Plants-that-Teach_Pneumatic/MDA.md	30_Pharmacopoeia/Pneumatic/MDA (variant).md	vault 17805b > canonical 1401b
1	drop-neardup	30_Pharmacopoeia/_pharmacopoeia-vault/02_Plants-that-Teach_Pneumatic/Ololiuhqui.md	30_Pharmacopoeia/Pneumatic/Ololiuhqui.md	vault 47b <= canonical 1083b
1	drop-neardup	30_Pharmacopoeia/_pharmacopoeia-vault/02_Plants-that-Teach_Pneumatic/Voacanga africana.md	30_Pharmacopoeia/Pneumatic/Voacanga africana.md	vault 47b <= canonical 1240b
1	kept-variant	30_Pharmacopoeia/_pharmacopoeia-vault/02_Plants-that-Teach_Pneumatic/Psilocybin.md	30_Pharmacopoeia/Functional/Psilocybin (variant).md	vault 6244b > canonical 1511b
1	kept-variant	30_Pharmacopoeia/_pharmacopoeia-vault/02_Plants-that-Teach_Pneumatic/LSD.md	30_Pharmacopoeia/Pneumatic/LSD (variant).md	vault 5303b > canonical 1207b
1	drop-neardup	30_Pharmacopoeia/_pharmacopoeia-vault/Manus Compound Notes/Pharmacopoeia_Unified (2) (1).md	30_Pharmacopoeia/_Master_Files/Pharmacopoeia_Unified (2) (1).md	vault 1269b <= canonical 355932b
1	drop-neardup	30_Pharmacopoeia/_pharmacopoeia-vault/01_Plants-of-Power_Chthonic/Conium maculatum.md	30_Pharmacopoeia/Chthonic/Conium maculatum.md	vault 47b <= canonical 1183b
1	kept-variant	30_Pharmacopoeia/_pharmacopoeia-vault/01_Plants-of-Power_Chthonic/Mandrake.md	30_Pharmacopoeia/Chthonic/Mandrake (variant).md	vault 25391b > canonical 1130b
1	drop-neardup	30_Pharmacopoeia/_pharmacopoeia-vault/01_Plants-of-Power_Chthonic/Mandragora turcomanica.md	30_Pharmacopoeia/Chthonic/Mandragora turcomanica.md	vault 47b <= canonical 1150b
1	drop-neardup	30_Pharmacopoeia/_pharmacopoeia-vault/01_Plants-of-Power_Chthonic/Datura ceratocaula.md	30_Pharmacopoeia/Chthonic/Datura ceratocaula.md	vault 47b <= canonical 1175b
1	drop-neardup	30_Pharmacopoeia/_pharmacopoeia-vault/01_Plants-of-Power_Chthonic/Datura ferox.md	30_Pharmacopoeia/Chthonic/Datura ferox.md	vault 47b <= canonical 1145b
1	drop-neardup	30_Pharmacopoeia/_pharmacopoeia-vault/01_Plants-of-Power_Chthonic/Hemlock.md	30_Pharmacopoeia/Chthonic/Hemlock.md	vault 47b <= canonical 1089b
1	drop-neardup	30_Pharmacopoeia/_pharmacopoeia-vault/01_Plants-of-Power_Chthonic/Scopolia carniolica.md	30_Pharmacopoeia/Chthonic/Scopolia carniolica.md	vault 47b <= canonical 1185b
1	drop-neardup	30_Pharmacopoeia/_pharmacopoeia-vault/01_Plants-of-Power_Chthonic/Aconitum ferox.md	30_Pharmacopoeia/Chthonic/Aconitum ferox.md	vault 47b <= canonical 1094b
1	drop-neardup	30_Pharmacopoeia/_pharmacopoeia-vault/01_Plants-of-Power_Chthonic/Hyoscyamus niger.md	30_Pharmacopoeia/Chthonic/Hyoscyamus niger.md	vault 47b <= canonical 1183b
1	drop-neardup	30_Pharmacopoeia/_pharmacopoeia-vault/01_Plants-of-Power_Chthonic/Datura stramonium.md	30_Pharmacopoeia/Chthonic/Datura stramonium.md	vault 47b <= canonical 1232b
1	drop-neardup	30_Pharmacopoeia/_pharmacopoeia-vault/01_Plants-of-Power_Chthonic/Aconitum kusnezoffii.md	30_Pharmacopoeia/Chthonic/Aconitum kusnezoffii.md	vault 47b <= canonical 1124b
1	drop-neardup	30_Pharmacopoeia/_pharmacopoeia-vault/01_Plants-of-Power_Chthonic/Brugmansia aurea.md	30_Pharmacopoeia/Chthonic/Brugmansia aurea.md	vault 47b <= canonical 1170b
1	drop-neardup	30_Pharmacopoeia/_pharmacopoeia-vault/01_Plants-of-Power_Chthonic/Brugmansia arborea.md	30_Pharmacopoeia/Chthonic/Brugmansia arborea.md	vault 47b <= canonical 1180b
1	drop-neardup	30_Pharmacopoeia/_pharmacopoeia-vault/01_Plants-of-Power_Chthonic/Aconitum lycoctonum.md	30_Pharmacopoeia/Chthonic/Aconitum lycoctonum.md	vault 47b <= canonical 1119b
1	drop-neardup	30_Pharmacopoeia/_pharmacopoeia-vault/01_Plants-of-Power_Chthonic/Datura inoxia.md	30_Pharmacopoeia/Chthonic/Datura inoxia.md	vault 47b <= canonical 1150b
1	drop-neardup	30_Pharmacopoeia/_pharmacopoeia-vault/01_Plants-of-Power_Chthonic/Aconitum carmichaelii.md	30_Pharmacopoeia/Chthonic/Aconitum carmichaelii.md	vault 47b <= canonical 1129b
1	drop-neardup	30_Pharmacopoeia/_pharmacopoeia-vault/01_Plants-of-Power_Chthonic/Mandragora autumnalis.md	30_Pharmacopoeia/Chthonic/Mandragora autumnalis.md	vault 47b <= canonical 1145b
1	kept-variant	30_Pharmacopoeia/_pharmacopoeia-vault/01_Plants-of-Power_Chthonic/Belladonna.md	30_Pharmacopoeia/Chthonic/Belladonna (variant).md	vault 8066b > canonical 1184b
1	drop-neardup	30_Pharmacopoeia/_pharmacopoeia-vault/01_Plants-of-Power_Chthonic/Aconitum napellus.md	30_Pharmacopoeia/Chthonic/Aconitum napellus.md	vault 47b <= canonical 1181b
1	drop-neardup	30_Pharmacopoeia/_pharmacopoeia-vault/01_Plants-of-Power_Chthonic/Brugmansia sanguinea.md	30_Pharmacopoeia/Chthonic/Brugmansia sanguinea.md	vault 47b <= canonical 1190b
1	kept-variant	30_Pharmacopoeia/_pharmacopoeia-vault/01_Plants-of-Power_Chthonic/Brugmansia.md	30_Pharmacopoeia/Chthonic/Brugmansia (variant).md	vault 26762b > canonical 1140b
1	drop-neardup	30_Pharmacopoeia/_pharmacopoeia-vault/01_Plants-of-Power_Chthonic/Datura metel.md	30_Pharmacopoeia/Chthonic/Datura metel.md	vault 47b <= canonical 1161b
1	drop-neardup	30_Pharmacopoeia/_pharmacopoeia-vault/01_Plants-of-Power_Chthonic/Brugmansia suaveolens.md	30_Pharmacopoeia/Chthonic/Brugmansia suaveolens.md	vault 47b <= canonical 1195b
1	kept-variant	30_Pharmacopoeia/_pharmacopoeia-vault/01_Plants-of-Power_Chthonic/Atropa belladonna.md	30_Pharmacopoeia/Chthonic/Atropa belladonna (variant).md	vault 4325b > canonical 1233b
1	drop-neardup	30_Pharmacopoeia/_pharmacopoeia-vault/01_Plants-of-Power_Chthonic/Brugmansia versicolor.md	30_Pharmacopoeia/Chthonic/Brugmansia versicolor.md	vault 47b <= canonical 1195b
1	drop-neardup	30_Pharmacopoeia/_pharmacopoeia-vault/01_Plants-of-Power_Chthonic/Datura wrightii.md	30_Pharmacopoeia/Chthonic/Datura wrightii.md	vault 47b <= canonical 1160b
1	drop-neardup	30_Pharmacopoeia/_pharmacopoeia-vault/01_Plants-of-Power_Chthonic/Scopolia japonica.md	30_Pharmacopoeia/Chthonic/Scopolia japonica.md	vault 47b <= canonical 1125b
1	drop-neardup	30_Pharmacopoeia/_pharmacopoeia-vault/01_Plants-of-Power_Chthonic/Datura discolor.md	30_Pharmacopoeia/Chthonic/Datura discolor.md	vault 47b <= canonical 1160b
1	kept-variant	30_Pharmacopoeia/_pharmacopoeia-vault/01_Plants-of-Power_Chthonic/Henbane.md	30_Pharmacopoeia/Chthonic/Henbane (variant).md	vault 23257b > canonical 1191b
1	drop-neardup	30_Pharmacopoeia/_pharmacopoeia-vault/01_Plants-of-Power_Chthonic/Datura kymatocarpa.md	30_Pharmacopoeia/Chthonic/Datura kymatocarpa.md	vault 47b <= canonical 1175b
1	kept-variant	30_Pharmacopoeia/_pharmacopoeia-vault/01_Plants-of-Power_Chthonic/Atropa pallidiflora.md	30_Pharmacopoeia/Chthonic/Atropa pallidiflora (variant).md	vault 13632b > canonical 1117b
1	drop-neardup	30_Pharmacopoeia/_pharmacopoeia-vault/01_Plants-of-Power_Chthonic/Mandragora officinarum.md	30_Pharmacopoeia/Chthonic/Mandragora officinarum.md	vault 47b <= canonical 1200b
1	drop-neardup	30_Pharmacopoeia/_pharmacopoeia-vault/01_Plants-of-Power_Chthonic/Hellebore.md	30_Pharmacopoeia/Chthonic/Hellebore.md	vault 47b <= canonical 1181b
1	drop-neardup	30_Pharmacopoeia/_pharmacopoeia-vault/01_Plants-of-Power_Chthonic/Helleborus orientalis.md	30_Pharmacopoeia/Chthonic/Helleborus orientalis.md	vault 47b <= canonical 1185b
1	drop-neardup	30_Pharmacopoeia/_pharmacopoeia-vault/01_Plants-of-Power_Chthonic/Hyoscyamus albus.md	30_Pharmacopoeia/Chthonic/Hyoscyamus albus.md	vault 47b <= canonical 1271b
1	kept-variant	30_Pharmacopoeia/_pharmacopoeia-vault/01_Plants-of-Power_Chthonic/Datura.md	30_Pharmacopoeia/Chthonic/Datura (variant).md	vault 22859b > canonical 1120b
1	drop-neardup	30_Pharmacopoeia/_pharmacopoeia-vault/01_Plants-of-Power_Chthonic/Hyoscyamus muticus.md	30_Pharmacopoeia/Chthonic/Hyoscyamus muticus.md	vault 47b <= canonical 1130b
1	kept-variant	30_Pharmacopoeia/_pharmacopoeia-vault/01_Plants-of-Power_Chthonic/Atropa baetica.md	30_Pharmacopoeia/Chthonic/Atropa baetica (variant).md	vault 13631b > canonical 1092b
1	drop-neardup	30_Pharmacopoeia/_pharmacopoeia-vault/01_Plants-of-Power_Chthonic/Scopolia stramoniifolia.md	30_Pharmacopoeia/Chthonic/Scopolia stramoniifolia.md	vault 47b <= canonical 1155b
1	drop-neardup	30_Pharmacopoeia/_pharmacopoeia-vault/01_Plants-of-Power_Chthonic/Helleborus niger.md	30_Pharmacopoeia/Chthonic/Helleborus niger.md	vault 47b <= canonical 1323b
1	drop-neardup	30_Pharmacopoeia/_pharmacopoeia-vault/04_Nutritional-Essential/Centella asiatica.md	30_Pharmacopoeia/Nutritional/Centella asiatica.md	vault 47b <= canonical 1359b
1	drop-neardup	30_Pharmacopoeia/_pharmacopoeia-vault/04_Nutritional-Essential/Lycium barbarum.md	30_Pharmacopoeia/Nutritional/Lycium barbarum.md	vault 47b <= canonical 1439b
1	drop-neardup	30_Pharmacopoeia/_pharmacopoeia-vault/04_Nutritional-Essential/Acacia confusa.md	30_Pharmacopoeia/Nutritional/Acacia confusa.md	vault 47b <= canonical 1150b
1	drop-neardup	30_Pharmacopoeia/_pharmacopoeia-vault/04_Nutritional-Essential/Lactuca virosa.md	30_Pharmacopoeia/Nutritional/Lactuca virosa.md	vault 47b <= canonical 1511b
1	drop-neardup	30_Pharmacopoeia/_pharmacopoeia-vault/04_Nutritional-Essential/Myrica gale.md	30_Pharmacopoeia/Nutritional/Myrica gale.md	vault 47b <= canonical 1020b
1	drop-neardup	30_Pharmacopoeia/_pharmacopoeia-vault/04_Nutritional-Essential/Trichilia catigua.md	30_Pharmacopoeia/Nutritional/Trichilia catigua.md	vault 47b <= canonical 1405b
1	drop-neardup	30_Pharmacopoeia/_pharmacopoeia-vault/04_Nutritional-Essential/Ophiocordyceps sinensis.md	30_Pharmacopoeia/Nutritional/Ophiocordyceps sinensis.md	vault 47b <= canonical 1357b
1	drop-neardup	30_Pharmacopoeia/_pharmacopoeia-vault/04_Nutritional-Essential/Piper betle.md	30_Pharmacopoeia/Nutritional/Piper betle.md	vault 47b <= canonical 1230b
1	drop-neardup	30_Pharmacopoeia/_pharmacopoeia-vault/04_Nutritional-Essential/Hippophae rhamnoides.md	30_Pharmacopoeia/Nutritional/Hippophae rhamnoides.md	vault 47b <= canonical 1339b
1	drop-neardup	30_Pharmacopoeia/_pharmacopoeia-vault/04_Nutritional-Essential/Panicum miliaceum.md	30_Pharmacopoeia/Nutritional/Panicum miliaceum.md	vault 47b <= canonical 1006b
1	drop-neardup	30_Pharmacopoeia/_pharmacopoeia-vault/04_Nutritional-Essential/Prunus domestica.md	30_Pharmacopoeia/Nutritional/Prunus domestica.md	vault 47b <= canonical 1001b
1	drop-neardup	30_Pharmacopoeia/_pharmacopoeia-vault/04_Nutritional-Essential/Puma concolor.md	30_Pharmacopoeia/Nutritional/Puma concolor.md	vault 47b <= canonical 1080b
1	drop-neardup	30_Pharmacopoeia/_pharmacopoeia-vault/04_Nutritional-Essential/Piper methysticum.md	30_Pharmacopoeia/Nutritional/Piper methysticum.md	vault 47b <= canonical 1438b
1	drop-neardup	30_Pharmacopoeia/_pharmacopoeia-vault/04_Nutritional-Essential/Petiveria alliacea.md	30_Pharmacopoeia/Nutritional/Petiveria alliacea.md	vault 47b <= canonical 1011b
1	drop-neardup	30_Pharmacopoeia/_pharmacopoeia-vault/04_Nutritional-Essential/Ledum palustre.md	30_Pharmacopoeia/Nutritional/Ledum palustre.md	vault 47b <= canonical 1037b
1	drop-neardup	30_Pharmacopoeia/_pharmacopoeia-vault/04_Nutritional-Essential/Citrus aurantium.md	30_Pharmacopoeia/Nutritional/Citrus aurantium.md	vault 47b <= canonical 1292b
1	drop-neardup	30_Pharmacopoeia/_pharmacopoeia-vault/04_Nutritional-Essential/Avena sativa.md	30_Pharmacopoeia/Nutritional/Avena sativa.md	vault 47b <= canonical 981b
1	kept-variant	30_Pharmacopoeia/_pharmacopoeia-vault/04_Nutritional-Essential/Blue Lotus.md	30_Pharmacopoeia/Nutritional/Blue Lotus (variant).md	vault 4089b > canonical 1010b
1	drop-neardup	30_Pharmacopoeia/_pharmacopoeia-vault/04_Nutritional-Essential/Ptychopetalum olacoides.md	30_Pharmacopoeia/Nutritional/Ptychopetalum olacoides.md	vault 47b <= canonical 1614b
1	drop-neardup	30_Pharmacopoeia/_pharmacopoeia-vault/04_Nutritional-Essential/Pfaffia paniculata.md	30_Pharmacopoeia/Nutritional/Pfaffia paniculata.md	vault 47b <= canonical 1589b
1	drop-neardup	30_Pharmacopoeia/_pharmacopoeia-vault/04_Nutritional-Essential/Acer saccharum.md	30_Pharmacopoeia/Nutritional/Acer saccharum.md	vault 47b <= canonical 991b
1	drop-neardup	30_Pharmacopoeia/_pharmacopoeia-vault/04_Nutritional-Essential/Panax quinquefolius.md	30_Pharmacopoeia/Nutritional/Panax quinquefolius.md	vault 47b <= canonical 1429b
1	drop-neardup	30_Pharmacopoeia/_pharmacopoeia-vault/04_Nutritional-Essential/Saccharomyces unisporus.md	30_Pharmacopoeia/Nutritional/Saccharomyces unisporus.md	vault 47b <= canonical 1138b
1	drop-neardup	30_Pharmacopoeia/_pharmacopoeia-vault/04_Nutritional-Essential/Crocus sativus.md	30_Pharmacopoeia/Nutritional/Crocus sativus.md	vault 47b <= canonical 1113b
1	drop-neardup	30_Pharmacopoeia/_pharmacopoeia-vault/04_Nutritional-Essential/Origanum majorana.md	30_Pharmacopoeia/Nutritional/Origanum majorana.md	vault 47b <= canonical 1392b
1	drop-neardup	30_Pharmacopoeia/_pharmacopoeia-vault/04_Nutritional-Essential/Gentiana lutea.md	30_Pharmacopoeia/Nutritional/Gentiana lutea.md	vault 47b <= canonical 1483b
1	drop-neardup	30_Pharmacopoeia/_pharmacopoeia-vault/04_Nutritional-Essential/Ophiopogon japonicus.md	30_Pharmacopoeia/Nutritional/Ophiopogon japonicus.md	vault 47b <= canonical 1355b
1	drop-neardup	30_Pharmacopoeia/_pharmacopoeia-vault/04_Nutritional-Essential/Artemisia dracunculus.md	30_Pharmacopoeia/Nutritional/Artemisia dracunculus.md	vault 47b <= canonical 1436b
1	drop-neardup	30_Pharmacopoeia/_pharmacopoeia-vault/04_Nutritional-Essential/Duboisia hopwoodii.md	30_Pharmacopoeia/Nutritional/Duboisia hopwoodii.md	vault 47b <= canonical 1468b
1	drop-neardup	30_Pharmacopoeia/_pharmacopoeia-vault/04_Nutritional-Essential/Kluyveromyces marxianus.md	30_Pharmacopoeia/Nutritional/Kluyveromyces marxianus.md	vault 47b <= canonical 1042b
1	drop-neardup	30_Pharmacopoeia/_pharmacopoeia-vault/04_Nutritional-Essential/Lessertia frutescens.md	30_Pharmacopoeia/Nutritional/Lessertia frutescens.md	vault 47b <= canonical 1379b
1	drop-neardup	30_Pharmacopoeia/_pharmacopoeia-vault/04_Nutritional-Essential/Raphia hookeri.md	30_Pharmacopoeia/Nutritional/Raphia hookeri.md	vault 47b <= canonical 991b
1	drop-neardup	30_Pharmacopoeia/_pharmacopoeia-vault/04_Nutritional-Essential/Cocos nucifera.md	30_Pharmacopoeia/Nutritional/Cocos nucifera.md	vault 47b <= canonical 991b
1	drop-neardup	30_Pharmacopoeia/_pharmacopoeia-vault/04_Nutritional-Essential/Nypa fruticans.md	30_Pharmacopoeia/Nutritional/Nypa fruticans.md	vault 47b <= canonical 991b
1	drop-neardup	30_Pharmacopoeia/_pharmacopoeia-vault/04_Nutritional-Essential/Poria cocos.md	30_Pharmacopoeia/Nutritional/Poria cocos.md	vault 47b <= canonical 1685b
1	drop-neardup	30_Pharmacopoeia/_pharmacopoeia-vault/04_Nutritional-Essential/Bacopa monnieri.md	30_Pharmacopoeia/Nutritional/Bacopa monnieri.md	vault 47b <= canonical 1364b
1	drop-neardup	30_Pharmacopoeia/_pharmacopoeia-vault/04_Nutritional-Essential/Sutherlandia frutescens.md	30_Pharmacopoeia/Nutritional/Sutherlandia frutescens.md	vault 47b <= canonical 1377b
1	drop-neardup	30_Pharmacopoeia/_pharmacopoeia-vault/04_Nutritional-Essential/Pausinystalia johimbe.md	30_Pharmacopoeia/Nutritional/Pausinystalia johimbe.md	vault 47b <= canonical 1330b
1	drop-neardup	30_Pharmacopoeia/_pharmacopoeia-vault/04_Nutritional-Essential/Humulus lupulus.md	30_Pharmacopoeia/Nutritional/Humulus lupulus.md	vault 47b <= canonical 1725b
1	drop-neardup	30_Pharmacopoeia/_pharmacopoeia-vault/04_Nutritional-Essential/Rauvolfia serpentina.md	30_Pharmacopoeia/Nutritional/Rauvolfia serpentina.md	vault 47b <= canonical 1537b
1	drop-neardup	30_Pharmacopoeia/_pharmacopoeia-vault/04_Nutritional-Essential/Eriodictyon californicum.md	30_Pharmacopoeia/Nutritional/Eriodictyon californicum.md	vault 47b <= canonical 1270b
1	drop-neardup	30_Pharmacopoeia/_pharmacopoeia-vault/04_Nutritional-Essential/Secale cereale.md	30_Pharmacopoeia/Nutritional/Secale cereale.md	vault 47b <= canonical 991b
1	drop-neardup	30_Pharmacopoeia/_pharmacopoeia-vault/04_Nutritional-Essential/Turnera diffusa.md	30_Pharmacopoeia/Nutritional/Turnera diffusa.md	vault 47b <= canonical 1401b
1	drop-neardup	30_Pharmacopoeia/_pharmacopoeia-vault/04_Nutritional-Essential/Erythroxylum vacciniifolium.md	30_Pharmacopoeia/Nutritional/Erythroxylum vacciniifolium.md	vault 47b <= canonical 1686b
1	drop-neardup	30_Pharmacopoeia/_pharmacopoeia-vault/04_Nutritional-Essential/Rosa damascena.md	30_Pharmacopoeia/Nutritional/Rosa damascena.md	vault 47b <= canonical 1448b
1	drop-neardup	30_Pharmacopoeia/_pharmacopoeia-vault/04_Nutritional-Essential/Borassus aethiopum.md	30_Pharmacopoeia/Nutritional/Borassus aethiopum.md	vault 47b <= canonical 1011b
1	drop-neardup	30_Pharmacopoeia/_pharmacopoeia-vault/04_Nutritional-Essential/Pennisetum glaucum.md	30_Pharmacopoeia/Nutritional/Pennisetum glaucum.md	vault 47b <= canonical 1054b
1	drop-neardup	30_Pharmacopoeia/_pharmacopoeia-vault/04_Nutritional-Essential/Ananas comosus.md	30_Pharmacopoeia/Nutritional/Ananas comosus.md	vault 47b <= canonical 991b
1	drop-neardup	30_Pharmacopoeia/_pharmacopoeia-vault/04_Nutritional-Essential/Bryonia alba.md	30_Pharmacopoeia/Nutritional/Bryonia alba.md	vault 47b <= canonical 1115b
1	drop-neardup	30_Pharmacopoeia/_pharmacopoeia-vault/04_Nutritional-Essential/Smallanthus sonchifolius.md	30_Pharmacopoeia/Nutritional/Smallanthus sonchifolius.md	vault 47b <= canonical 1609b
1	drop-neardup	30_Pharmacopoeia/_pharmacopoeia-vault/04_Nutritional-Essential/Solanum tuberosum.md	30_Pharmacopoeia/Nutritional/Solanum tuberosum.md	vault 47b <= canonical 1320b
1	drop-neardup	30_Pharmacopoeia/_pharmacopoeia-vault/04_Nutritional-Essential/Akoniton lycoctonum.md	30_Pharmacopoeia/Nutritional/Akoniton lycoctonum.md	vault 47b <= canonical 1016b
1	drop-neardup	30_Pharmacopoeia/_pharmacopoeia-vault/04_Nutritional-Essential/Prunus mume.md	30_Pharmacopoeia/Nutritional/Prunus mume.md	vault 47b <= canonical 976b
1	drop-neardup	30_Pharmacopoeia/_pharmacopoeia-vault/04_Nutritional-Essential/Cuminum cyminum.md	30_Pharmacopoeia/Nutritional/Cuminum cyminum.md	vault 47b <= canonical 1498b
1	drop-neardup	30_Pharmacopoeia/_pharmacopoeia-vault/04_Nutritional-Essential/Schisandra chinensis.md	30_Pharmacopoeia/Nutritional/Schisandra chinensis.md	vault 47b <= canonical 1253b
1	drop-neardup	30_Pharmacopoeia/_pharmacopoeia-vault/04_Nutritional-Essential/Artemisia afra.md	30_Pharmacopoeia/Nutritional/Artemisia afra.md	vault 47b <= canonical 1177b
1	drop-neardup	30_Pharmacopoeia/_pharmacopoeia-vault/04_Nutritional-Essential/Harpagophytum procumbens.md	30_Pharmacopoeia/Nutritional/Harpagophytum procumbens.md	vault 47b <= canonical 1391b
1	drop-neardup	30_Pharmacopoeia/_pharmacopoeia-vault/04_Nutritional-Essential/Aspergillus oryzae.md	30_Pharmacopoeia/Nutritional/Aspergillus oryzae.md	vault 47b <= canonical 1001b
1	drop-neardup	30_Pharmacopoeia/_pharmacopoeia-vault/04_Nutritional-Essential/Polyporus umbellatus.md	30_Pharmacopoeia/Nutritional/Polyporus umbellatus.md	vault 47b <= canonical 1060b
1	drop-neardup	30_Pharmacopoeia/_pharmacopoeia-vault/04_Nutritional-Essential/Stachys officinalis.md	30_Pharmacopoeia/Nutritional/Stachys officinalis.md	vault 47b <= canonical 1382b
1	drop-neardup	30_Pharmacopoeia/_pharmacopoeia-vault/04_Nutritional-Essential/Tamarindus indica.md	30_Pharmacopoeia/Nutritional/Tamarindus indica.md	vault 47b <= canonical 1546b
1	drop-neardup	30_Pharmacopoeia/_pharmacopoeia-vault/04_Nutritional-Essential/Nepeta cataria.md	30_Pharmacopoeia/Nutritional/Nepeta cataria.md	vault 47b <= canonical 1333b
1	drop-neardup	30_Pharmacopoeia/_pharmacopoeia-vault/04_Nutritional-Essential/Origanum vulgare.md	30_Pharmacopoeia/Nutritional/Origanum vulgare.md	vault 47b <= canonical 1392b
1	drop-neardup	30_Pharmacopoeia/_pharmacopoeia-vault/04_Nutritional-Essential/Ptelea trifoliata.md	30_Pharmacopoeia/Nutritional/Ptelea trifoliata.md	vault 47b <= canonical 1148b
1	drop-neardup	30_Pharmacopoeia/_pharmacopoeia-vault/04_Nutritional-Essential/Rhamnus prinoides.md	30_Pharmacopoeia/Nutritional/Rhamnus prinoides.md	vault 47b <= canonical 1049b
1	drop-neardup	30_Pharmacopoeia/_pharmacopoeia-vault/04_Nutritional-Essential/Illicium verum.md	30_Pharmacopoeia/Nutritional/Illicium verum.md	vault 47b <= canonical 1515b
1	drop-neardup	30_Pharmacopoeia/_pharmacopoeia-vault/04_Nutritional-Essential/Mentha pulegium.md	30_Pharmacopoeia/Nutritional/Mentha pulegium.md	vault 47b <= canonical 996b
1	drop-neardup	30_Pharmacopoeia/_pharmacopoeia-vault/04_Nutritional-Essential/Aloysia citrodora.md	30_Pharmacopoeia/Nutritional/Aloysia citrodora.md	vault 47b <= canonical 1333b
1	drop-neardup	30_Pharmacopoeia/_pharmacopoeia-vault/04_Nutritional-Essential/Pimpinella anisum.md	30_Pharmacopoeia/Nutritional/Pimpinella anisum.md	vault 47b <= canonical 1504b
1	drop-neardup	30_Pharmacopoeia/_pharmacopoeia-vault/04_Nutritional-Essential/Viburnum opulus.md	30_Pharmacopoeia/Nutritional/Viburnum opulus.md	vault 47b <= canonical 1225b
1	drop-neardup	30_Pharmacopoeia/_pharmacopoeia-vault/04_Nutritional-Essential/Populus tremuloides.md	30_Pharmacopoeia/Nutritional/Populus tremuloides.md	vault 47b <= canonical 1258b
1	drop-neardup	30_Pharmacopoeia/_pharmacopoeia-vault/04_Nutritional-Essential/Phyllanthus emblica.md	30_Pharmacopoeia/Nutritional/Phyllanthus emblica.md	vault 47b <= canonical 1420b
1	drop-neardup	30_Pharmacopoeia/_pharmacopoeia-vault/04_Nutritional-Essential/Duboisia myoporoides.md	30_Pharmacopoeia/Nutritional/Duboisia myoporoides.md	vault 47b <= canonical 1335b
1	drop-neardup	30_Pharmacopoeia/_pharmacopoeia-vault/04_Nutritional-Essential/Phoenix sylvestris.md	30_Pharmacopoeia/Nutritional/Phoenix sylvestris.md	vault 47b <= canonical 1011b
1	drop-neardup	30_Pharmacopoeia/_pharmacopoeia-vault/04_Nutritional-Essential/Lobelia inflata.md	30_Pharmacopoeia/Nutritional/Lobelia inflata.md	vault 47b <= canonical 1232b
1	drop-neardup	30_Pharmacopoeia/_pharmacopoeia-vault/04_Nutritional-Essential/Zea mays.md	30_Pharmacopoeia/Nutritional/Zea mays.md	vault 47b <= canonical 961b
1	drop-neardup	30_Pharmacopoeia/_pharmacopoeia-vault/04_Nutritional-Essential/Menyanthes trifoliata.md	30_Pharmacopoeia/Nutritional/Menyanthes trifoliata.md	vault 47b <= canonical 1581b
1	drop-neardup	30_Pharmacopoeia/_pharmacopoeia-vault/04_Nutritional-Essential/Tremella fuciformis.md	30_Pharmacopoeia/Nutritional/Tremella fuciformis.md	vault 47b <= canonical 1305b
1	drop-neardup	30_Pharmacopoeia/_pharmacopoeia-vault/04_Nutritional-Essential/Angostura trifoliata.md	30_Pharmacopoeia/Nutritional/Angostura trifoliata.md	vault 47b <= canonical 1374b
1	drop-neardup	30_Pharmacopoeia/_pharmacopoeia-vault/04_Nutritional-Essential/Ocimum tenuiflorum.md	30_Pharmacopoeia/Nutritional/Ocimum tenuiflorum.md	vault 47b <= canonical 1417b
1	drop-neardup	30_Pharmacopoeia/_pharmacopoeia-vault/04_Nutritional-Essential/Handroanthus impetiginosus.md	30_Pharmacopoeia/Nutritional/Handroanthus impetiginosus.md	vault 47b <= canonical 1448b
1	drop-neardup	30_Pharmacopoeia/_pharmacopoeia-vault/04_Nutritional-Essential/Leucojum aestivum.md	30_Pharmacopoeia/Nutritional/Leucojum aestivum.md	vault 47b <= canonical 1305b
1	drop-neardup	30_Pharmacopoeia/_pharmacopoeia-vault/04_Nutritional-Essential/Biota orientalis.md	30_Pharmacopoeia/Nutritional/Biota orientalis.md	vault 47b <= canonical 1534b
1	drop-neardup	30_Pharmacopoeia/_pharmacopoeia-vault/04_Nutritional-Essential/Codonopsis pilosula.md	30_Pharmacopoeia/Nutritional/Codonopsis pilosula.md	vault 47b <= canonical 1462b
1	drop-neardup	30_Pharmacopoeia/_pharmacopoeia-vault/04_Nutritional-Essential/Picrasma excelsa.md	30_Pharmacopoeia/Nutritional/Picrasma excelsa.md	vault 47b <= canonical 1349b
1	drop-neardup	30_Pharmacopoeia/_pharmacopoeia-vault/04_Nutritional-Essential/Wolfiporia extensa.md	30_Pharmacopoeia/Nutritional/Wolfiporia extensa.md	vault 47b <= canonical 1334b
1	drop-neardup	30_Pharmacopoeia/_pharmacopoeia-vault/04_Nutritional-Essential/Solanum nigrum.md	30_Pharmacopoeia/Nutritional/Solanum nigrum.md	vault 47b <= canonical 1201b
1	drop-neardup	30_Pharmacopoeia/_pharmacopoeia-vault/04_Nutritional-Essential/Salix alba.md	30_Pharmacopoeia/Nutritional/Salix alba.md	vault 47b <= canonical 1213b
1	drop-neardup	30_Pharmacopoeia/_pharmacopoeia-vault/04_Nutritional-Essential/Veratrum nigrum.md	30_Pharmacopoeia/Nutritional/Veratrum nigrum.md	vault 47b <= canonical 1198b
1	drop-neardup	30_Pharmacopoeia/_pharmacopoeia-vault/04_Nutritional-Essential/Centaurium erythraea.md	30_Pharmacopoeia/Nutritional/Centaurium erythraea.md	vault 47b <= canonical 1400b
1	drop-neardup	30_Pharmacopoeia/_pharmacopoeia-vault/04_Nutritional-Essential/Ipomoea digitata.md	30_Pharmacopoeia/Nutritional/Ipomoea digitata.md	vault 47b <= canonical 1543b
1	drop-neardup	30_Pharmacopoeia/_pharmacopoeia-vault/04_Nutritional-Essential/Mucuna pruriens.md	30_Pharmacopoeia/Nutritional/Mucuna pruriens.md	vault 47b <= canonical 1324b
1	drop-neardup	30_Pharmacopoeia/_pharmacopoeia-vault/04_Nutritional-Essential/Anemopaegma arvense.md	30_Pharmacopoeia/Nutritional/Anemopaegma arvense.md	vault 47b <= canonical 1262b
1	drop-neardup	30_Pharmacopoeia/_pharmacopoeia-vault/04_Nutritional-Essential/Betonica officinalis.md	30_Pharmacopoeia/Nutritional/Betonica officinalis.md	vault 47b <= canonical 1458b
1	drop-neardup	30_Pharmacopoeia/_pharmacopoeia-vault/04_Nutritional-Essential/Emblica officinalis.md	30_Pharmacopoeia/Nutritional/Emblica officinalis.md	vault 47b <= canonical 1421b
1	drop-neardup	30_Pharmacopoeia/_pharmacopoeia-vault/04_Nutritional-Essential/Salvia miltiorrhiza.md	30_Pharmacopoeia/Nutritional/Salvia miltiorrhiza.md	vault 47b <= canonical 1326b
1	drop-neardup	30_Pharmacopoeia/_pharmacopoeia-vault/04_Nutritional-Essential/Actaea racemosa.md	30_Pharmacopoeia/Nutritional/Actaea racemosa.md	vault 47b <= canonical 1256b
1	drop-neardup	30_Pharmacopoeia/_pharmacopoeia-vault/04_Nutritional-Essential/Carum carvi.md	30_Pharmacopoeia/Nutritional/Carum carvi.md	vault 47b <= canonical 1474b
1	drop-neardup	30_Pharmacopoeia/_pharmacopoeia-vault/04_Nutritional-Essential/Verbascum thapsus.md	30_Pharmacopoeia/Nutritional/Verbascum thapsus.md	vault 47b <= canonical 1366b
1	drop-neardup	30_Pharmacopoeia/_pharmacopoeia-vault/04_Nutritional-Essential/Lactobacillus kefiranofaciens.md	30_Pharmacopoeia/Nutritional/Lactobacillus kefiranofaciens.md	vault 47b <= canonical 1078b
1	drop-neardup	30_Pharmacopoeia/_pharmacopoeia-vault/04_Nutritional-Essential/Olea europaea.md	30_Pharmacopoeia/Nutritional/Olea europaea.md	vault 47b <= canonical 1251b
1	drop-neardup	30_Pharmacopoeia/_pharmacopoeia-vault/04_Nutritional-Essential/Valeriana jatamansi.md	30_Pharmacopoeia/Nutritional/Valeriana jatamansi.md	vault 47b <= canonical 1399b
1	drop-neardup	30_Pharmacopoeia/_pharmacopoeia-vault/04_Nutritional-Essential/Syzygium aromaticum.md	30_Pharmacopoeia/Nutritional/Syzygium aromaticum.md	vault 47b <= canonical 1367b
1	drop-neardup	30_Pharmacopoeia/_pharmacopoeia-vault/04_Nutritional-Essential/Achillea millefolium.md	30_Pharmacopoeia/Nutritional/Achillea millefolium.md	vault 47b <= canonical 1382b
1	drop-neardup	30_Pharmacopoeia/_pharmacopoeia-vault/04_Nutritional-Essential/Ziziphus jujuba.md	30_Pharmacopoeia/Nutritional/Ziziphus jujuba.md	vault 47b <= canonical 1358b
1	drop-neardup	30_Pharmacopoeia/_pharmacopoeia-vault/04_Nutritional-Essential/Maytenus krukovii.md	30_Pharmacopoeia/Nutritional/Maytenus krukovii.md	vault 47b <= canonical 1510b
1	drop-neardup	30_Pharmacopoeia/_pharmacopoeia-vault/04_Nutritional-Essential/Silybum marianum.md	30_Pharmacopoeia/Nutritional/Silybum marianum.md	vault 47b <= canonical 1499b
1	drop-neardup	30_Pharmacopoeia/_pharmacopoeia-vault/04_Nutritional-Essential/Taraxacum officinale.md	30_Pharmacopoeia/Nutritional/Taraxacum officinale.md	vault 47b <= canonical 1561b
1	drop-neardup	30_Pharmacopoeia/_pharmacopoeia-vault/04_Nutritional-Essential/Elaeis guineensis.md	30_Pharmacopoeia/Nutritional/Elaeis guineensis.md	vault 47b <= canonical 1006b
1	drop-neardup	30_Pharmacopoeia/_pharmacopoeia-vault/04_Nutritional-Essential/Triticum spelta.md	30_Pharmacopoeia/Nutritional/Triticum spelta.md	vault 47b <= canonical 996b
1	kept-variant	30_Pharmacopoeia/_pharmacopoeia-vault/04_Nutritional-Essential/Laurus nobilis.md	30_Pharmacopoeia/Nutritional/Laurus nobilis (variant).md	vault 5024b > canonical 991b
1	drop-neardup	30_Pharmacopoeia/_pharmacopoeia-vault/04_Nutritional-Essential/Manihot esculenta.md	30_Pharmacopoeia/Nutritional/Manihot esculenta.md	vault 47b <= canonical 1049b
1	drop-neardup	30_Pharmacopoeia/_pharmacopoeia-vault/04_Nutritional-Essential/Lilium brownii.md	30_Pharmacopoeia/Nutritional/Lilium brownii.md	vault 47b <= canonical 1345b
1	drop-neardup	30_Pharmacopoeia/_pharmacopoeia-vault/04_Nutritional-Essential/Cynara cardunculus.md	30_Pharmacopoeia/Nutritional/Cynara cardunculus.md	vault 47b <= canonical 1513b
1	drop-neardup	30_Pharmacopoeia/_pharmacopoeia-vault/04_Nutritional-Essential/Hypericum perforatum.md	30_Pharmacopoeia/Nutritional/Hypericum perforatum.md	vault 47b <= canonical 1441b
1	drop-neardup	30_Pharmacopoeia/_pharmacopoeia-vault/04_Nutritional-Essential/Garcinia kola.md	30_Pharmacopoeia/Nutritional/Garcinia kola.md	vault 47b <= canonical 1339b
1	drop-neardup	30_Pharmacopoeia/_pharmacopoeia-vault/04_Nutritional-Essential/Silene capensis.md	30_Pharmacopoeia/Nutritional/Silene capensis.md	vault 47b <= canonical 1306b
1	drop-neardup	30_Pharmacopoeia/_pharmacopoeia-vault/04_Nutritional-Essential/Rehmannia glutinosa.md	30_Pharmacopoeia/Nutritional/Rehmannia glutinosa.md	vault 47b <= canonical 1620b
1	drop-neardup	30_Pharmacopoeia/_pharmacopoeia-vault/04_Nutritional-Essential/Panax ginseng.md	30_Pharmacopoeia/Nutritional/Panax ginseng.md	vault 47b <= canonical 1730b
1	drop-neardup	30_Pharmacopoeia/_pharmacopoeia-vault/04_Nutritional-Essential/Magnolia officinalis.md	30_Pharmacopoeia/Nutritional/Magnolia officinalis.md	vault 47b <= canonical 1506b
1	drop-neardup	30_Pharmacopoeia/_pharmacopoeia-vault/04_Nutritional-Essential/Picralima nitida.md	30_Pharmacopoeia/Nutritional/Picralima nitida.md	vault 47b <= canonical 1523b
1	drop-neardup	30_Pharmacopoeia/_pharmacopoeia-vault/04_Nutritional-Essential/Entada rheedii.md	30_Pharmacopoeia/Nutritional/Entada rheedii.md	vault 47b <= canonical 991b
1	drop-neardup	30_Pharmacopoeia/_pharmacopoeia-vault/04_Nutritional-Essential/Acrocomia aculeata.md	30_Pharmacopoeia/Nutritional/Acrocomia aculeata.md	vault 47b <= canonical 1011b
1	drop-neardup	30_Pharmacopoeia/_pharmacopoeia-vault/04_Nutritional-Essential/Pueraria tuberosa.md	30_Pharmacopoeia/Nutritional/Pueraria tuberosa.md	vault 47b <= canonical 1338b
1	drop-neardup	30_Pharmacopoeia/_pharmacopoeia-vault/04_Nutritional-Essential/Sorghum bicolor.md	30_Pharmacopoeia/Nutritional/Sorghum bicolor.md	vault 47b <= canonical 1039b
1	drop-neardup	30_Pharmacopoeia/_pharmacopoeia-vault/04_Nutritional-Essential/Valeriana officinalis.md	30_Pharmacopoeia/Nutritional/Valeriana officinalis.md	vault 47b <= canonical 1400b
1	drop-neardup	30_Pharmacopoeia/_pharmacopoeia-vault/04_Nutritional-Essential/Taxus baccata.md	30_Pharmacopoeia/Nutritional/Taxus baccata.md	vault 47b <= canonical 1153b
1	drop-neardup	30_Pharmacopoeia/_pharmacopoeia-vault/04_Nutritional-Essential/Convolvulus pluricaulis.md	30_Pharmacopoeia/Nutritional/Convolvulus pluricaulis.md	vault 47b <= canonical 1443b
1	drop-neardup	30_Pharmacopoeia/_pharmacopoeia-vault/04_Nutritional-Essential/Veratrum californicum.md	30_Pharmacopoeia/Nutritional/Veratrum californicum.md	vault 47b <= canonical 1130b
1	drop-neardup	30_Pharmacopoeia/_pharmacopoeia-vault/04_Nutritional-Essential/Sambucus nigra.md	30_Pharmacopoeia/Nutritional/Sambucus nigra.md	vault 47b <= canonical 991b
1	drop-neardup	30_Pharmacopoeia/_pharmacopoeia-vault/04_Nutritional-Essential/Asparagus racemosus.md	30_Pharmacopoeia/Nutritional/Asparagus racemosus.md	vault 47b <= canonical 1380b
1	drop-neardup	30_Pharmacopoeia/_pharmacopoeia-vault/04_Nutritional-Essential/Anadenanthera peregrina.md	30_Pharmacopoeia/Nutritional/Anadenanthera peregrina.md	vault 47b <= canonical 1184b
1	drop-neardup	30_Pharmacopoeia/_pharmacopoeia-vault/04_Nutritional-Essential/Artemisia vulgaris.md	30_Pharmacopoeia/Nutritional/Artemisia vulgaris.md	vault 47b <= canonical 1413b
1	drop-neardup	30_Pharmacopoeia/_pharmacopoeia-vault/04_Nutritional-Essential/IDRA-21.md	30_Pharmacopoeia/Nutritional/IDRA-21.md	vault 47b <= canonical 1220b
1	drop-neardup	30_Pharmacopoeia/_pharmacopoeia-vault/04_Nutritional-Essential/Piper longum.md	30_Pharmacopoeia/Nutritional/Piper longum.md	vault 47b <= canonical 1323b
1	drop-neardup	30_Pharmacopoeia/_pharmacopoeia-vault/04_Nutritional-Essential/Anemopsis californica.md	30_Pharmacopoeia/Nutritional/Anemopsis californica.md	vault 47b <= canonical 1268b
1	drop-neardup	30_Pharmacopoeia/_pharmacopoeia-vault/04_Nutritional-Essential/Jateorhiza palmata.md	30_Pharmacopoeia/Nutritional/Jateorhiza palmata.md	vault 47b <= canonical 1523b
1	drop-neardup	30_Pharmacopoeia/_pharmacopoeia-vault/04_Nutritional-Essential/Triticum aestivum.md	30_Pharmacopoeia/Nutritional/Triticum aestivum.md	vault 47b <= canonical 1006b
1	drop-neardup	30_Pharmacopoeia/_pharmacopoeia-vault/04_Nutritional-Essential/Artemisia pontica.md	30_Pharmacopoeia/Nutritional/Artemisia pontica.md	vault 47b <= canonical 1416b
1	drop-neardup	30_Pharmacopoeia/_pharmacopoeia-vault/04_Nutritional-Essential/Pyrus communis.md	30_Pharmacopoeia/Nutritional/Pyrus communis.md	vault 47b <= canonical 991b
1	drop-neardup	30_Pharmacopoeia/_pharmacopoeia-vault/04_Nutritional-Essential/Terminalia bellirica.md	30_Pharmacopoeia/Nutritional/Terminalia bellirica.md	vault 47b <= canonical 1499b
1	drop-neardup	30_Pharmacopoeia/_pharmacopoeia-vault/04_Nutritional-Essential/Grifola frondosa.md	30_Pharmacopoeia/Nutritional/Grifola frondosa.md	vault 47b <= canonical 1348b
1	drop-neardup	30_Pharmacopoeia/_pharmacopoeia-vault/04_Nutritional-Essential/Foeniculum vulgare.md	30_Pharmacopoeia/Nutritional/Foeniculum vulgare.md	vault 47b <= canonical 1350b
1	drop-neardup	30_Pharmacopoeia/_pharmacopoeia-vault/04_Nutritional-Essential/Gaultheria procumbens.md	30_Pharmacopoeia/Nutritional/Gaultheria procumbens.md	vault 47b <= canonical 1235b
1	drop-neardup	30_Pharmacopoeia/_pharmacopoeia-vault/04_Nutritional-Essential/Matricaria chamomilla.md	30_Pharmacopoeia/Nutritional/Matricaria chamomilla.md	vault 47b <= canonical 1560b
1	drop-neardup	30_Pharmacopoeia/_pharmacopoeia-vault/04_Nutritional-Essential/Tilia cordata.md	30_Pharmacopoeia/Nutritional/Tilia cordata.md	vault 47b <= canonical 1512b
1	drop-neardup	30_Pharmacopoeia/_pharmacopoeia-vault/04_Nutritional-Essential/Acorus calamus.md	30_Pharmacopoeia/Nutritional/Acorus calamus.md	vault 47b <= canonical 1343b
1	drop-neardup	30_Pharmacopoeia/_pharmacopoeia-vault/04_Nutritional-Essential/Platycladus orientalis.md	30_Pharmacopoeia/Nutritional/Platycladus orientalis.md	vault 47b <= canonical 1511b
1	drop-neardup	30_Pharmacopoeia/_pharmacopoeia-vault/04_Nutritional-Essential/Nardostachys jatamansi.md	30_Pharmacopoeia/Nutritional/Nardostachys jatamansi.md	vault 47b <= canonical 1525b
1	drop-neardup	30_Pharmacopoeia/_pharmacopoeia-vault/04_Nutritional-Essential/Sceletium tortuosum.md	30_Pharmacopoeia/Nutritional/Sceletium tortuosum.md	vault 47b <= canonical 1507b
1	drop-neardup	30_Pharmacopoeia/_pharmacopoeia-vault/04_Nutritional-Essential/Quassia amara.md	30_Pharmacopoeia/Nutritional/Quassia amara.md	vault 47b <= canonical 1484b
1	drop-neardup	30_Pharmacopoeia/_pharmacopoeia-vault/04_Nutritional-Essential/Clitoria ternatea.md	30_Pharmacopoeia/Nutritional/Clitoria ternatea.md	vault 47b <= canonical 1302b
1	drop-neardup	30_Pharmacopoeia/_pharmacopoeia-vault/04_Nutritional-Essential/CX-717.md	30_Pharmacopoeia/Nutritional/CX-717.md	vault 47b <= canonical 1651b
1	drop-neardup	30_Pharmacopoeia/_pharmacopoeia-vault/04_Nutritional-Essential/Tynnanthus panurensis.md	30_Pharmacopoeia/Nutritional/Tynnanthus panurensis.md	vault 47b <= canonical 1026b
1	drop-neardup	30_Pharmacopoeia/_pharmacopoeia-vault/04_Nutritional-Essential/Ilex theezans.md	30_Pharmacopoeia/Nutritional/Ilex theezans.md	vault 47b <= canonical 1400b
1	drop-neardup	30_Pharmacopoeia/_pharmacopoeia-vault/04_Nutritional-Essential/Chamaemelum nobile.md	30_Pharmacopoeia/Nutritional/Chamaemelum nobile.md	vault 47b <= canonical 1377b
1	drop-neardup	30_Pharmacopoeia/_pharmacopoeia-vault/04_Nutritional-Essential/Zingiber officinale.md	30_Pharmacopoeia/Nutritional/Zingiber officinale.md	vault 47b <= canonical 1518b
1	drop-neardup	30_Pharmacopoeia/_pharmacopoeia-vault/04_Nutritional-Essential/Pelargonium sidoides.md	30_Pharmacopoeia/Nutritional/Pelargonium sidoides.md	vault 47b <= canonical 1271b
1	drop-neardup	30_Pharmacopoeia/_pharmacopoeia-vault/04_Nutritional-Essential/Hordeum vulgare.md	30_Pharmacopoeia/Nutritional/Hordeum vulgare.md	vault 47b <= canonical 1039b
1	drop-neardup	30_Pharmacopoeia/_pharmacopoeia-vault/04_Nutritional-Essential/Piscidia piscipula.md	30_Pharmacopoeia/Nutritional/Piscidia piscipula.md	vault 47b <= canonical 1448b
1	drop-neardup	30_Pharmacopoeia/_pharmacopoeia-vault/04_Nutritional-Essential/Handroanthus serratifolius.md	30_Pharmacopoeia/Nutritional/Handroanthus serratifolius.md	vault 47b <= canonical 1448b
1	drop-neardup	30_Pharmacopoeia/_pharmacopoeia-vault/04_Nutritional-Essential/Arctium lappa.md	30_Pharmacopoeia/Nutritional/Arctium lappa.md	vault 47b <= canonical 1357b
1	drop-neardup	30_Pharmacopoeia/_pharmacopoeia-vault/04_Nutritional-Essential/Coriandrum sativum.md	30_Pharmacopoeia/Nutritional/Coriandrum sativum.md	vault 47b <= canonical 1405b
1	drop-neardup	30_Pharmacopoeia/_pharmacopoeia-vault/04_Nutritional-Essential/Ilex kaushue.md	30_Pharmacopoeia/Nutritional/Ilex kaushue.md	vault 47b <= canonical 1344b
1	drop-neardup	30_Pharmacopoeia/_pharmacopoeia-vault/04_Nutritional-Essential/Atractylodes macrocephala.md	30_Pharmacopoeia/Nutritional/Atractylodes macrocephala.md	vault 47b <= canonical 1471b
1	drop-neardup	30_Pharmacopoeia/_pharmacopoeia-vault/04_Nutritional-Essential/Galipea officinalis.md	30_Pharmacopoeia/Nutritional/Galipea officinalis.md	vault 47b <= canonical 1369b
1	kept-variant	30_Pharmacopoeia/_pharmacopoeia-vault/04_Nutritional-Essential/Galanthus nivalis.md	30_Pharmacopoeia/Nutritional/Galanthus nivalis (variant).md	vault 6894b > canonical 1110b
1	drop-neardup	30_Pharmacopoeia/_pharmacopoeia-vault/04_Nutritional-Essential/Tetragastris catuaba.md	30_Pharmacopoeia/Nutritional/Tetragastris catuaba.md	vault 47b <= canonical 1533b
1	drop-neardup	30_Pharmacopoeia/_pharmacopoeia-vault/04_Nutritional-Essential/Tabebuia impetiginosa.md	30_Pharmacopoeia/Nutritional/Tabebuia impetiginosa.md	vault 47b <= canonical 1604b
1	drop-neardup	30_Pharmacopoeia/_pharmacopoeia-vault/04_Nutritional-Essential/Lavandula angustifolia.md	30_Pharmacopoeia/Nutritional/Lavandula angustifolia.md	vault 47b <= canonical 1671b
1	drop-neardup	30_Pharmacopoeia/_pharmacopoeia-vault/04_Nutritional-Essential/Oscularia deltoides.md	30_Pharmacopoeia/Nutritional/Oscularia deltoides.md	vault 47b <= canonical 1525b
1	drop-neardup	30_Pharmacopoeia/_pharmacopoeia-vault/04_Nutritional-Essential/Theobroma grandiflorum.md	30_Pharmacopoeia/Nutritional/Theobroma grandiflorum.md	vault 47b <= canonical 1507b
1	drop-neardup	30_Pharmacopoeia/_pharmacopoeia-vault/04_Nutritional-Essential/Angelica sinensis.md	30_Pharmacopoeia/Nutritional/Angelica sinensis.md	vault 47b <= canonical 1437b
1	drop-neardup	30_Pharmacopoeia/_pharmacopoeia-vault/04_Nutritional-Essential/Argyreia nervosa.md	30_Pharmacopoeia/Nutritional/Argyreia nervosa.md	vault 47b <= canonical 1368b
1	drop-neardup	30_Pharmacopoeia/_pharmacopoeia-vault/04_Nutritional-Essential/Polygala tenuifolia.md	30_Pharmacopoeia/Nutritional/Polygala tenuifolia.md	vault 47b <= canonical 1430b
1	drop-neardup	30_Pharmacopoeia/_pharmacopoeia-vault/04_Nutritional-Essential/Passiflora incarnata.md	30_Pharmacopoeia/Nutritional/Passiflora incarnata.md	vault 47b <= canonical 1647b
1	drop-neardup	30_Pharmacopoeia/_pharmacopoeia-vault/04_Nutritional-Essential/Spiraea ulmaria.md	30_Pharmacopoeia/Nutritional/Spiraea ulmaria.md	vault 47b <= canonical 1238b
1	drop-neardup	30_Pharmacopoeia/_pharmacopoeia-vault/04_Nutritional-Essential/Sida cordifolia.md	30_Pharmacopoeia/Nutritional/Sida cordifolia.md	vault 47b <= canonical 1336b
1	drop-neardup	30_Pharmacopoeia/_pharmacopoeia-vault/04_Nutritional-Essential/Aesculus californica.md	30_Pharmacopoeia/Nutritional/Aesculus californica.md	vault 47b <= canonical 1520b
1	drop-neardup	30_Pharmacopoeia/_pharmacopoeia-vault/04_Nutritional-Essential/Combretum mucronatum.md	30_Pharmacopoeia/Nutritional/Combretum mucronatum.md	vault 47b <= canonical 1393b
1	drop-neardup	30_Pharmacopoeia/_pharmacopoeia-vault/04_Nutritional-Essential/Caulophyllum thalictroides.md	30_Pharmacopoeia/Nutritional/Caulophyllum thalictroides.md	vault 47b <= canonical 1281b
1	drop-neardup	30_Pharmacopoeia/_pharmacopoeia-vault/04_Nutritional-Essential/Reynoutria multiflora.md	30_Pharmacopoeia/Nutritional/Reynoutria multiflora.md	vault 47b <= canonical 1466b
1	drop-neardup	30_Pharmacopoeia/_pharmacopoeia-vault/04_Nutritional-Essential/Betula pendula.md	30_Pharmacopoeia/Nutritional/Betula pendula.md	vault 47b <= canonical 991b
1	drop-neardup	30_Pharmacopoeia/_pharmacopoeia-vault/04_Nutritional-Essential/Evolvulus alsinoides.md	30_Pharmacopoeia/Nutritional/Evolvulus alsinoides.md	vault 47b <= canonical 1404b
1	drop-neardup	30_Pharmacopoeia/_pharmacopoeia-vault/04_Nutritional-Essential/Oryza sativa.md	30_Pharmacopoeia/Nutritional/Oryza sativa.md	vault 47b <= canonical 981b
1	drop-neardup	30_Pharmacopoeia/_pharmacopoeia-vault/04_Nutritional-Essential/Phoenix dactylifera.md	30_Pharmacopoeia/Nutritional/Phoenix dactylifera.md	vault 47b <= canonical 1016b
1	drop-neardup	30_Pharmacopoeia/_pharmacopoeia-vault/04_Nutritional-Essential/Verbena officinalis.md	30_Pharmacopoeia/Nutritional/Verbena officinalis.md	vault 47b <= canonical 1352b
1	drop-neardup	30_Pharmacopoeia/_pharmacopoeia-vault/04_Nutritional-Essential/Mitragyna javanica.md	30_Pharmacopoeia/Nutritional/Mitragyna javanica.md	vault 47b <= canonical 1399b
1	drop-neardup	30_Pharmacopoeia/_pharmacopoeia-vault/04_Nutritional-Essential/Hibiscus sabdariffa.md	30_Pharmacopoeia/Nutritional/Hibiscus sabdariffa.md	vault 47b <= canonical 1090b
1	drop-neardup	30_Pharmacopoeia/_pharmacopoeia-vault/04_Nutritional-Essential/Agave tequilana.md	30_Pharmacopoeia/Nutritional/Agave tequilana.md	vault 47b <= canonical 1092b
1	drop-neardup	30_Pharmacopoeia/_pharmacopoeia-vault/04_Nutritional-Essential/Albizia julibrissin.md	30_Pharmacopoeia/Nutritional/Albizia julibrissin.md	vault 47b <= canonical 1614b
1	drop-neardup	30_Pharmacopoeia/_pharmacopoeia-vault/04_Nutritional-Essential/Filipendula ulmaria.md	30_Pharmacopoeia/Nutritional/Filipendula ulmaria.md	vault 47b <= canonical 1258b
1	drop-neardup	30_Pharmacopoeia/_pharmacopoeia-vault/04_Nutritional-Essential/Terminalia chebula.md	30_Pharmacopoeia/Nutritional/Terminalia chebula.md	vault 47b <= canonical 1489b
1	drop-neardup	30_Pharmacopoeia/_pharmacopoeia-vault/04_Nutritional-Essential/Anacardium occidentale.md	30_Pharmacopoeia/Nutritional/Anacardium occidentale.md	vault 47b <= canonical 1031b
1	drop-neardup	30_Pharmacopoeia/_pharmacopoeia-vault/04_Nutritional-Essential/Mesembryanthemum tortuosum.md	30_Pharmacopoeia/Nutritional/Mesembryanthemum tortuosum.md	vault 47b <= canonical 1511b
1	drop-neardup	30_Pharmacopoeia/_pharmacopoeia-vault/04_Nutritional-Essential/Lepidium meyenii.md	30_Pharmacopoeia/Nutritional/Lepidium meyenii.md	vault 47b <= canonical 1719b
1	drop-neardup	30_Pharmacopoeia/_pharmacopoeia-vault/04_Nutritional-Essential/Agave salmiana.md	30_Pharmacopoeia/Nutritional/Agave salmiana.md	vault 47b <= canonical 1087b
1	drop-neardup	30_Pharmacopoeia/_pharmacopoeia-vault/04_Nutritional-Essential/Curcuma longa.md	30_Pharmacopoeia/Nutritional/Curcuma longa.md	vault 47b <= canonical 1210b
1	drop-neardup	30_Pharmacopoeia/_pharmacopoeia-vault/04_Nutritional-Essential/Caryota urens.md	30_Pharmacopoeia/Nutritional/Caryota urens.md	vault 47b <= canonical 986b
1	drop-neardup	30_Pharmacopoeia/_pharmacopoeia-vault/04_Nutritional-Essential/Catharanthus roseus.md	30_Pharmacopoeia/Nutritional/Catharanthus roseus.md	vault 47b <= canonical 1274b
1	drop-neardup	30_Pharmacopoeia/_pharmacopoeia-vault/04_Nutritional-Essential/Malus domestica.md	30_Pharmacopoeia/Nutritional/Malus domestica.md	vault 47b <= canonical 996b
1	drop-neardup	30_Pharmacopoeia/_pharmacopoeia-vault/04_Nutritional-Essential/Betula lenta.md	30_Pharmacopoeia/Nutritional/Betula lenta.md	vault 47b <= canonical 1223b
1	drop-neardup	30_Pharmacopoeia/_pharmacopoeia-vault/04_Nutritional-Essential/Podophyllum peltatum.md	30_Pharmacopoeia/Nutritional/Podophyllum peltatum.md	vault 47b <= canonical 1133b
1	drop-neardup	30_Pharmacopoeia/_pharmacopoeia-vault/04_Nutritional-Essential/Rhodiola rosea.md	30_Pharmacopoeia/Nutritional/Rhodiola rosea.md	vault 47b <= canonical 1209b
1	drop-neardup	30_Pharmacopoeia/_pharmacopoeia-vault/04_Nutritional-Essential/Corydalis yanhusuo.md	30_Pharmacopoeia/Nutritional/Corydalis yanhusuo.md	vault 47b <= canonical 1360b
1	drop-neardup	30_Pharmacopoeia/_pharmacopoeia-vault/04_Nutritional-Essential/Albizia lebbeck.md	30_Pharmacopoeia/Nutritional/Albizia lebbeck.md	vault 47b <= canonical 1332b
1	drop-neardup	30_Pharmacopoeia/_pharmacopoeia-vault/04_Nutritional-Essential/Piper nigrum.md	30_Pharmacopoeia/Nutritional/Piper nigrum.md	vault 47b <= canonical 1325b
1	drop-neardup	30_Pharmacopoeia/_pharmacopoeia-vault/04_Nutritional-Essential/Eleusine coracana.md	30_Pharmacopoeia/Nutritional/Eleusine coracana.md	vault 47b <= canonical 1006b
1	drop-neardup	30_Pharmacopoeia/_pharmacopoeia-vault/04_Nutritional-Essential/Mitragyna parvifolia.md	30_Pharmacopoeia/Nutritional/Mitragyna parvifolia.md	vault 47b <= canonical 1395b
1	drop-neardup	30_Pharmacopoeia/_pharmacopoeia-vault/04_Nutritional-Essential/Eschscholzia californica.md	30_Pharmacopoeia/Nutritional/Eschscholzia californica.md	vault 47b <= canonical 1453b
1	drop-neardup	30_Pharmacopoeia/_pharmacopoeia-vault/04_Nutritional-Essential/Chlorophytum borivilianum.md	30_Pharmacopoeia/Nutritional/Chlorophytum borivilianum.md	vault 47b <= canonical 1378b
1	drop-neardup	30_Pharmacopoeia/_pharmacopoeia-vault/04_Nutritional-Essential/Eragrostis tef.md	30_Pharmacopoeia/Nutritional/Eragrostis tef.md	vault 47b <= canonical 991b
1	drop-neardup	30_Pharmacopoeia/_pharmacopoeia-vault/04_Nutritional-Essential/Saccharomyces cerevisiae.md	30_Pharmacopoeia/Nutritional/Saccharomyces cerevisiae.md	vault 47b <= canonical 1211b
1	drop-neardup	30_Pharmacopoeia/_pharmacopoeia-vault/04_Nutritional-Essential/Polygonatum sibiricum.md	30_Pharmacopoeia/Nutritional/Polygonatum sibiricum.md	vault 47b <= canonical 1632b
1	drop-neardup	30_Pharmacopoeia/_pharmacopoeia-vault/04_Nutritional-Essential/Saccharum officinarum.md	30_Pharmacopoeia/Nutritional/Saccharum officinarum.md	vault 47b <= canonical 1026b
1	drop-neardup	30_Pharmacopoeia/_pharmacopoeia-vault/04_Nutritional-Essential/Mitragyna hirsuta.md	30_Pharmacopoeia/Nutritional/Mitragyna hirsuta.md	vault 47b <= canonical 1476b
1	drop-neardup	30_Pharmacopoeia/_pharmacopoeia-vault/04_Nutritional-Essential/Scutellaria lateriflora.md	30_Pharmacopoeia/Nutritional/Scutellaria lateriflora.md	vault 47b <= canonical 1510b
1	drop-neardup	30_Pharmacopoeia/_pharmacopoeia-vault/04_Nutritional-Essential/Eleutherococcus senticosus.md	30_Pharmacopoeia/Nutritional/Eleutherococcus senticosus.md	vault 47b <= canonical 1397b
1	drop-neardup	30_Pharmacopoeia/_pharmacopoeia-vault/04_Nutritional-Essential/Apis mellifera.md	30_Pharmacopoeia/Nutritional/Apis mellifera.md	vault 47b <= canonical 1131b
1	drop-neardup	30_Pharmacopoeia/_pharmacopoeia-vault/04_Nutritional-Essential/Glehnia littoralis.md	30_Pharmacopoeia/Nutritional/Glehnia littoralis.md	vault 47b <= canonical 1631b
1	drop-neardup	30_Pharmacopoeia/_pharmacopoeia-vault/04_Nutritional-Essential/Leonurus cardiaca.md	30_Pharmacopoeia/Nutritional/Leonurus cardiaca.md	vault 47b <= canonical 1374b
1	drop-neardup	30_Pharmacopoeia/_pharmacopoeia-vault/04_Nutritional-Essential/Polygonum multiflorum.md	30_Pharmacopoeia/Nutritional/Polygonum multiflorum.md	vault 47b <= canonical 1632b
1	drop-neardup	30_Pharmacopoeia/_pharmacopoeia-vault/04_Nutritional-Essential/Uncaria tomentosa.md	30_Pharmacopoeia/Nutritional/Uncaria tomentosa.md	vault 47b <= canonical 1412b
1	drop-neardup	30_Pharmacopoeia/_pharmacopoeia-vault/04_Nutritional-Essential/Agathosma betulina.md	30_Pharmacopoeia/Nutritional/Agathosma betulina.md	vault 47b <= canonical 1199b
1	drop-neardup	30_Pharmacopoeia/_pharmacopoeia-vault/04_Nutritional-Essential/Ipomoea batatas.md	30_Pharmacopoeia/Nutritional/Ipomoea batatas.md	vault 47b <= canonical 1168b
1	drop-neardup	30_Pharmacopoeia/_pharmacopoeia-vault/04_Nutritional-Essential/Gynostemma pentaphyllum.md	30_Pharmacopoeia/Nutritional/Gynostemma pentaphyllum.md	vault 47b <= canonical 1648b
1	drop-neardup	30_Pharmacopoeia/_pharmacopoeia-vault/04_Nutritional-Essential/Peumus boldus.md	30_Pharmacopoeia/Nutritional/Peumus boldus.md	vault 47b <= canonical 1355b
1	drop-neardup	30_Pharmacopoeia/_pharmacopoeia-vault/04_Nutritional-Essential/Amanita muscaria.md	30_Pharmacopoeia/Nutritional/Amanita muscaria.md	vault 47b <= canonical 1135b
1	drop-neardup	30_Pharmacopoeia/_pharmacopoeia-vault/04_Nutritional-Essential/Piptadenia peregrina.md	30_Pharmacopoeia/Nutritional/Piptadenia peregrina.md	vault 47b <= canonical 1109b
1	drop-neardup	30_Pharmacopoeia/_pharmacopoeia-vault/04_Nutritional-Essential/Brunfelsia grandiflora.md	30_Pharmacopoeia/Nutritional/Brunfelsia grandiflora.md	vault 47b <= canonical 1031b
1	drop-neardup	30_Pharmacopoeia/_pharmacopoeia-vault/04_Nutritional-Essential/Desmanthus illinoensis.md	30_Pharmacopoeia/Nutritional/Desmanthus illinoensis.md	vault 47b <= canonical 1212b
1	drop-neardup	30_Pharmacopoeia/_pharmacopoeia-vault/04_Nutritional-Essential/Panax vietnamensis.md	30_Pharmacopoeia/Nutritional/Panax vietnamensis.md	vault 47b <= canonical 1424b
1	drop-neardup	30_Pharmacopoeia/_pharmacopoeia-vault/04_Nutritional-Essential/Vitis vinifera.md	30_Pharmacopoeia/Nutritional/Vitis vinifera.md	vault 47b <= canonical 1041b
1	drop-neardup	30_Pharmacopoeia/_pharmacopoeia-vault/04_Nutritional-Essential/Elettaria cardamomum.md	30_Pharmacopoeia/Nutritional/Elettaria cardamomum.md	vault 47b <= canonical 1366b
1	drop-neardup	30_Pharmacopoeia/_pharmacopoeia-vault/04_Nutritional-Essential/Inonotus obliquus.md	30_Pharmacopoeia/Nutritional/Inonotus obliquus.md	vault 47b <= canonical 1358b
1	drop-neardup	30_Pharmacopoeia/_pharmacopoeia-vault/04_Nutritional-Essential/Adenophora tetraphylla.md	30_Pharmacopoeia/Nutritional/Adenophora tetraphylla.md	vault 47b <= canonical 1737b
1	drop-neardup	30_Pharmacopoeia/_pharmacopoeia-vault/04_Nutritional-Essential/Punica granatum.md	30_Pharmacopoeia/Nutritional/Punica granatum.md	vault 47b <= canonical 996b
1	drop-neardup	30_Pharmacopoeia/_pharmacopoeia-vault/04_Nutritional-Essential/Cichorium intybus.md	30_Pharmacopoeia/Nutritional/Cichorium intybus.md	vault 47b <= canonical 1380b
1	drop-neardup	30_Pharmacopoeia/_pharmacopoeia-vault/04_Nutritional-Essential/Isaria sinclairii.md	30_Pharmacopoeia/Nutritional/Isaria sinclairii.md	vault 47b <= canonical 1242b
1	drop-neardup	30_Pharmacopoeia/_pharmacopoeia-vault/04_Nutritional-Essential/Stachys palustris.md	30_Pharmacopoeia/Nutritional/Stachys palustris.md	vault 47b <= canonical 1322b
1	drop-neardup	30_Pharmacopoeia/_pharmacopoeia-vault/04_Nutritional-Essential/Panax notoginseng.md	30_Pharmacopoeia/Nutritional/Panax notoginseng.md	vault 47b <= canonical 1423b
1	drop-neardup	30_Pharmacopoeia/_pharmacopoeia-vault/04_Nutritional-Essential/Ilex kudingcha.md	30_Pharmacopoeia/Nutritional/Ilex kudingcha.md	vault 47b <= canonical 1354b
1	drop-neardup	30_Pharmacopoeia/_pharmacopoeia-vault/04_Nutritional-Essential/Ilex tarapotina.md	30_Pharmacopoeia/Nutritional/Ilex tarapotina.md	vault 47b <= canonical 1423b
1	drop-neardup	30_Pharmacopoeia/_pharmacopoeia-vault/04_Nutritional-Essential/Withania somnifera.md	30_Pharmacopoeia/Nutritional/Withania somnifera.md	vault 47b <= canonical 1453b
1	drop-neardup	30_Pharmacopoeia/_pharmacopoeia-vault/04_Nutritional-Essential/Rhus coriaria.md	30_Pharmacopoeia/Nutritional/Rhus coriaria.md	vault 47b <= canonical 1478b
1	drop-neardup	30_Pharmacopoeia/_pharmacopoeia-vault/04_Nutritional-Essential/Prunus cerasus.md	30_Pharmacopoeia/Nutritional/Prunus cerasus.md	vault 47b <= canonical 991b
1	drop-neardup	30_Pharmacopoeia/_pharmacopoeia-vault/04_Nutritional-Essential/Pinus pinaster.md	30_Pharmacopoeia/Nutritional/Pinus pinaster.md	vault 47b <= canonical 1332b
1	drop-neardup	30_Pharmacopoeia/_pharmacopoeia-vault/04_Nutritional-Essential/Trametes versicolor.md	30_Pharmacopoeia/Nutritional/Trametes versicolor.md	vault 47b <= canonical 1379b
1	drop-neardup	30_Pharmacopoeia/_pharmacopoeia-vault/04_Nutritional-Essential/Tinospora cordifolia.md	30_Pharmacopoeia/Nutritional/Tinospora cordifolia.md	vault 47b <= canonical 1161b
1	drop-neardup	30_Pharmacopoeia/_pharmacopoeia-vault/04_Nutritional-Essential/Hyssopus officinalis.md	30_Pharmacopoeia/Nutritional/Hyssopus officinalis.md	vault 47b <= canonical 1513b
1	drop-neardup	30_Pharmacopoeia/_pharmacopoeia-vault/04_Nutritional-Essential/Anadenanthera colubrina.md	30_Pharmacopoeia/Nutritional/Anadenanthera colubrina.md	vault 47b <= canonical 1374b
1	drop-neardup	30_Pharmacopoeia/_pharmacopoeia-vault/04_Nutritional-Essential/Veratrum album.md	30_Pharmacopoeia/Nutritional/Veratrum album.md	vault 47b <= canonical 1388b
1	drop-neardup	30_Pharmacopoeia/_pharmacopoeia-vault/04_Nutritional-Essential/Huperzia serrata.md	30_Pharmacopoeia/Nutritional/Huperzia serrata.md	vault 47b <= canonical 1221b
1	drop-neardup	30_Pharmacopoeia/_pharmacopoeia-vault/04_Nutritional-Essential/Mesembryanthemum cordifolium.md	30_Pharmacopoeia/Nutritional/Mesembryanthemum cordifolium.md	vault 47b <= canonical 1521b
1	drop-neardup	30_Pharmacopoeia/_pharmacopoeia-vault/04_Nutritional-Essential/Fallopia multiflora.md	30_Pharmacopoeia/Nutritional/Fallopia multiflora.md	vault 47b <= canonical 1451b
1	drop-neardup	30_Pharmacopoeia/_pharmacopoeia-vault/04_Nutritional-Essential/Delosperma echinatum.md	30_Pharmacopoeia/Nutritional/Delosperma echinatum.md	vault 47b <= canonical 1547b
1	drop-neardup	30_Pharmacopoeia/_pharmacopoeia-vault/04_Nutritional-Essential/Glycyrrhiza uralensis.md	30_Pharmacopoeia/Nutritional/Glycyrrhiza uralensis.md	vault 47b <= canonical 1695b
1	drop-neardup	30_Pharmacopoeia/_pharmacopoeia-vault/04_Nutritional-Essential/Artemisia absinthium.md	30_Pharmacopoeia/Nutritional/Artemisia absinthium.md	vault 47b <= canonical 1431b
1	drop-neardup	30_Pharmacopoeia/_pharmacopoeia-vault/04_Nutritional-Essential/Salvia rosmarinus.md	30_Pharmacopoeia/Nutritional/Salvia rosmarinus.md	vault 47b <= canonical 1627b
1	drop-neardup	30_Pharmacopoeia/_pharmacopoeia-vault/04_Nutritional-Essential/Mansoa hymenaea.md	30_Pharmacopoeia/Nutritional/Mansoa hymenaea.md	vault 47b <= canonical 1035b
1	drop-neardup	30_Pharmacopoeia/_pharmacopoeia-vault/04_Nutritional-Essential/Scutellaria baicalensis.md	30_Pharmacopoeia/Nutritional/Scutellaria baicalensis.md	vault 47b <= canonical 1346b
1	drop-neardup	30_Pharmacopoeia/_pharmacopoeia-vault/04_Nutritional-Essential/Alpinia galanga.md	30_Pharmacopoeia/Nutritional/Alpinia galanga.md	vault 47b <= canonical 1530b
1	drop-neardup	30_Pharmacopoeia/_pharmacopoeia-vault/04_Nutritional-Essential/Cimicifuga racemosa.md	30_Pharmacopoeia/Nutritional/Cimicifuga racemosa.md	vault 47b <= canonical 1255b
1	drop-neardup	30_Pharmacopoeia/_pharmacopoeia-vault/04_Nutritional-Essential/Annona muricata.md	30_Pharmacopoeia/Nutritional/Annona muricata.md	vault 47b <= canonical 1365b
1	review-untitled	30_Pharmacopoeia/_pharmacopoeia-vault/Source Documents/Untitled 2.md		Untitled but not empty
1	review-untitled	30_Pharmacopoeia/_pharmacopoeia-vault/Source Documents/Untitled 1.md		Untitled but not empty
1	delete-stub	30_Pharmacopoeia/_pharmacopoeia-vault/Source Documents/Untitled.md		empty Untitled stub
1	relocate	30_Pharmacopoeia/_pharmacopoeia-vault/02_Plants-that-Teach_Pneumatic/Yopo and Ceb├¡l.md	30_Pharmacopoeia/Pneumatic/Yopo and Cebíl.md	misfiled unique note
1	relocate	30_Pharmacopoeia/_pharmacopoeia-vault/Manus Compound Notes/compounds_batched.md	30_Pharmacopoeia/_General/compounds_batched.md	misfiled unique note
1	review-untitled	30_Pharmacopoeia/_pharmacopoeia-vault/Manus Compound Notes/Untitled 2.md		Untitled but not empty
1	relocate	30_Pharmacopoeia/_pharmacopoeia-vault/Manus Compound Notes/compounds_extracted.md	30_Pharmacopoeia/_General/compounds_extracted.md	misfiled unique note
1	review-untitled	30_Pharmacopoeia/_pharmacopoeia-vault/Manus Compound Notes/Untitled 1.md		Untitled but not empty
1	relocate	30_Pharmacopoeia/_pharmacopoeia-vault/Manus Compound Notes/Liber_Novus_Densley_Reordered_Source.md	14_Reading_Quotes_Philosophy/Jung-reference/Liber_Novus_Densley_Reordered_Source.md	misfiled unique note
1	review-untitled	30_Pharmacopoeia/_pharmacopoeia-vault/Manus Compound Notes/Untitled.md		Untitled but not empty
1	relocate	30_Pharmacopoeia/_pharmacopoeia-vault/Manus Compound Notes/Liber_Novus_Densley_First_and_Second_Compendia_Combined.md	14_Reading_Quotes_Philosophy/Jung-reference/Liber_Novus_Densley_First_and_Second_Compendia_Combined.md	misfiled unique note
1	relocate	30_Pharmacopoeia/_pharmacopoeia-vault/Manus Compound Notes/compass_artifact_wf-00ba4a0a-095d-42b9-a397-71b6bd4a2259_text_markdown.md	_attachments/resources/compass_artifact_wf-00ba4a0a-095d-42b9-a397-71b6bd4a2259_text_markdown.md	misfiled unique note
1	relocate	30_Pharmacopoeia/_pharmacopoeia-vault/Manus Compound Notes/plants_of_power_and_plants_that_teach_dossier.md	30_Pharmacopoeia/_General/plants_of_power_and_plants_that_teach_dossier.md	misfiled unique note
2	remove-scattered	00_Inbox_Unsorted/05_Threat_Model.md	72_Security_Credentials/00_Doctrine/05_Threat_Model.md	duplicate; canonical home is 72_Security_Credentials
2	remove-scattered	00_Inbox_Unsorted/03_Security_Checklist.md	72_Security_Credentials/00_Doctrine/03_Security_Checklist.md	duplicate; canonical home is 72_Security_Credentials
2	remove-scattered	00_Inbox_Unsorted/00_START_HERE.md	72_Security_Credentials/00_Doctrine/00_START_HERE.md	duplicate; canonical home is 72_Security_Credentials
2	remove-scattered	00_Inbox_Unsorted/10_Quick_Capture_and_Triage.md	72_Security_Credentials/00_Doctrine/10_Quick_Capture_and_Triage.md	duplicate; canonical home is 72_Security_Credentials
2	remove-scattered	00_Inbox_Unsorted/07_Bundled_Plugins.md	72_Security_Credentials/00_Doctrine/07_Bundled_Plugins.md	duplicate; canonical home is 72_Security_Credentials
2	remove-scattered	00_Inbox_Unsorted/02_Master_Glossary.md	72_Security_Credentials/40_Index/02_Master_Glossary.md	duplicate; canonical home is 72_Security_Credentials
2	remove-scattered	00_Inbox_Unsorted/09_Device_and_Account_Hardening.md	72_Security_Credentials/00_Doctrine/09_Device_and_Account_Hardening.md	duplicate; canonical home is 72_Security_Credentials
2	remove-scattered	00_Inbox_Unsorted/04_Recovery_Plan.md	72_Security_Credentials/00_Doctrine/04_Recovery_Plan.md	duplicate; canonical home is 72_Security_Credentials
2	remove-scattered	00_Inbox_Unsorted/11_Backup_and_Sync.md	72_Security_Credentials/00_Doctrine/11_Backup_and_Sync.md	duplicate; canonical home is 72_Security_Credentials
2	remove-scattered	00_Inbox_Unsorted/06_Doctrine_Atomic_Notes.md	72_Security_Credentials/00_Doctrine/06_Doctrine_Atomic_Notes.md	duplicate; canonical home is 72_Security_Credentials
2	remove-scattered	00_Inbox_Unsorted/02_Mobile_Workflow.md	72_Security_Credentials/00_Doctrine/02_Mobile_Workflow.md	duplicate; canonical home is 72_Security_Credentials
2	remove-scattered	00_Inbox_Unsorted/01_Encryption_Architecture.md	72_Security_Credentials/00_Doctrine/01_Encryption_Architecture.md	duplicate; canonical home is 72_Security_Credentials
2	remove-scattered	00_Inbox_Unsorted/Inbox.md	72_Security_Credentials/Inbox.md	duplicate; canonical home is 72_Security_Credentials
2	remove-scattered	00_Inbox_Unsorted/08_Field_Research_Synthesis.md	72_Security_Credentials/00_Doctrine/08_Field_Research_Synthesis.md	duplicate; canonical home is 72_Security_Credentials
2	remove-scattered	00_Inbox_Unsorted/00_INDEX.md	72_Security_Credentials/40_Index/00_INDEX.md	duplicate; canonical home is 72_Security_Credentials
2	remove-scattered	70_System_Templates/Templates/_T_GPG_Identity_Document.md	72_Security_Credentials/30_Templates/_T_GPG_Identity_Document.md	duplicate; canonical home is 72_Security_Credentials
2	remove-scattered	70_System_Templates/Templates/_T_ECC_Financial_Record.md	72_Security_Credentials/30_Templates/_T_ECC_Financial_Record.md	duplicate; canonical home is 72_Security_Credentials
2	remove-scattered	70_System_Templates/Templates/_T_ECC_Legal_Document.md	72_Security_Credentials/30_Templates/_T_ECC_Legal_Document.md	duplicate; canonical home is 72_Security_Credentials
2	remove-scattered	70_System_Templates/Templates/_T_ECC_Business_Document.md	72_Security_Credentials/30_Templates/_T_ECC_Business_Document.md	duplicate; canonical home is 72_Security_Credentials
2	remove-scattered	70_System_Templates/Templates/_T_ECC_Inventory_Item.md	72_Security_Credentials/30_Templates/_T_ECC_Inventory_Item.md	duplicate; canonical home is 72_Security_Credentials
2	remove-scattered	70_System_Templates/Templates/_T_GPG_PIN_Combination.md	72_Security_Credentials/30_Templates/_T_GPG_PIN_Combination.md	duplicate; canonical home is 72_Security_Credentials
2	remove-scattered	70_System_Templates/Templates/_T_GPG_Password_Entry.md	72_Security_Credentials/30_Templates/_T_GPG_Password_Entry.md	duplicate; canonical home is 72_Security_Credentials
2	remove-scattered	70_System_Templates/Templates/_T_ECC_Vehicle.md	72_Security_Credentials/30_Templates/_T_ECC_Vehicle.md	duplicate; canonical home is 72_Security_Credentials
2	remove-scattered	70_System_Templates/Templates/_T_GPG_Crypto_Key.md	72_Security_Credentials/30_Templates/_T_GPG_Crypto_Key.md	duplicate; canonical home is 72_Security_Credentials
2	remove-scattered	70_System_Templates/Templates/_T_ECC_Tax_Record.md	72_Security_Credentials/30_Templates/_T_ECC_Tax_Record.md	duplicate; canonical home is 72_Security_Credentials
2	remove-scattered	70_System_Templates/Templates/_T_ECC_Contact.md	72_Security_Credentials/30_Templates/_T_ECC_Contact.md	duplicate; canonical home is 72_Security_Credentials
2	remove-scattered	70_System_Templates/Templates/_T_GPG_Recovery_Code.md	72_Security_Credentials/30_Templates/_T_GPG_Recovery_Code.md	duplicate; canonical home is 72_Security_Credentials
2	remove-scattered	70_System_Templates/Templates/_T_GPG_API_Key.md	72_Security_Credentials/30_Templates/_T_GPG_API_Key.md	duplicate; canonical home is 72_Security_Credentials
2	remove-scattered	70_System_Templates/Templates/_T_ECC_Travel_Record.md	72_Security_Credentials/30_Templates/_T_ECC_Travel_Record.md	duplicate; canonical home is 72_Security_Credentials
2	remove-scattered	70_System_Templates/Templates/_T_GPG_SSH_Key.md	72_Security_Credentials/30_Templates/_T_GPG_SSH_Key.md	duplicate; canonical home is 72_Security_Credentials
2	remove-scattered	70_System_Templates/Templates/_T_ECC_Real_Estate.md	72_Security_Credentials/30_Templates/_T_ECC_Real_Estate.md	duplicate; canonical home is 72_Security_Credentials
2	remove-scattered	70_System_Templates/Templates/_T_ECC_Education_Record.md	72_Security_Credentials/30_Templates/_T_ECC_Education_Record.md	duplicate; canonical home is 72_Security_Credentials
2	remove-scattered	70_System_Templates/Templates/_T_ECC_Insurance_Policy.md	72_Security_Credentials/30_Templates/_T_ECC_Insurance_Policy.md	duplicate; canonical home is 72_Security_Credentials
2	remove-scattered	70_System_Templates/Templates/_T_GPG_Banking_Credential.md	72_Security_Credentials/30_Templates/_T_GPG_Banking_Credential.md	duplicate; canonical home is 72_Security_Credentials
2	remove-scattered	70_System_Templates/Templates/_T_ECC_Subscription.md	72_Security_Credentials/30_Templates/_T_ECC_Subscription.md	duplicate; canonical home is 72_Security_Credentials
2	remove-scattered	70_System_Templates/Templates/_T_ECC_Investment_Holding.md	72_Security_Credentials/30_Templates/_T_ECC_Investment_Holding.md	duplicate; canonical home is 72_Security_Credentials
2	remove-scattered	70_System_Templates/Templates/_T_ECC_Employment_Record.md	72_Security_Credentials/30_Templates/_T_ECC_Employment_Record.md	duplicate; canonical home is 72_Security_Credentials
2	remove-scattered	70_System_Templates/Templates/_T_ECC_Medical_Record.md	72_Security_Credentials/30_Templates/_T_ECC_Medical_Record.md	duplicate; canonical home is 72_Security_Credentials
2	remove-scattered	18_Tech_Reference/INSTALL.md	72_Security_Credentials/INSTALL.md	duplicate; canonical home is 72_Security_Credentials
1	delete-stub	30_Pharmacopoeia/_pharmacopoeia-vault/Manus Compound Notes/Untitled.md		templated placeholder, title 'Untitled', no compound
1	delete-stub	30_Pharmacopoeia/_pharmacopoeia-vault/Manus Compound Notes/Untitled 1.md		templated placeholder, title 'Untitled', no compound
1	delete-stub	30_Pharmacopoeia/_pharmacopoeia-vault/Manus Compound Notes/Untitled 2.md		templated placeholder, title 'Untitled', no compound
1	review-keep	30_Pharmacopoeia/_pharmacopoeia-vault/Source Documents/Untitled 1.md		framework outline w/ real content; needs a real title
1	review-keep	30_Pharmacopoeia/_pharmacopoeia-vault/Source Documents/Untitled 2.md		framework outline w/ real content; needs a real title
3	rename	00_Inbox_Unsorted/Building a 6├ù8 Foot Stitched Wall Map of Utah County and Salt Lake County from Tiled Home Prints.md	00_Inbox_Unsorted/Building a 6×8 Foot Stitched Wall Map of Utah County and Salt Lake County from Tiled Home Prints.md	mojibake normalized
3	rename	00_Inbox_Unsorted/Building a 6├ù8 Foot Stitched Wall Map of Utah County and Salt Lake County from Tiled Home Prints [F51212F78F].md	00_Inbox_Unsorted/Building a 6×8 Foot Stitched Wall Map of Utah County and Salt Lake County from Tiled Home Prints [F51212F78F].md	mojibake normalized
3	rename	12_Entertainment/Movie_List/Standard_Catalog/1817 - Winter╬ô├ç├ûs Bone (2010) [Live Action].md	12_Entertainment/Movie_List/Standard_Catalog/1817 - Winter’s Bone (2010) [Live Action].md	mojibake normalized
3	rename	12_Entertainment/Movie_List/Standard_Catalog/1919 - Howl╬ô├ç├ûs Moving Castle (2004).md	12_Entertainment/Movie_List/Standard_Catalog/1919 - Howl’s Moving Castle (2004).md	mojibake normalized
3	rename	12_Entertainment/Movie_List/Standard_Catalog/1967 - Don╬ô├ç├ût Look Now (1973) [Live Action].md	12_Entertainment/Movie_List/Standard_Catalog/1967 - Don’t Look Now (1973) [Live Action].md	mojibake normalized
3	rename	12_Entertainment/Movie_List/Standard_Catalog/1682 - Pirates II Stagnetti╬ô├ç├ûs Revenge (2008).md	12_Entertainment/Movie_List/Standard_Catalog/1682 - Pirates II Stagnetti’s Revenge (2008).md	mojibake normalized
3	rename	12_Entertainment/Movie_List/Standard_Catalog/1315 - The World╬ô├ç├ûs End (2013).md	12_Entertainment/Movie_List/Standard_Catalog/1315 - The World’s End (2013).md	mojibake normalized
3	rename	12_Entertainment/Movie_List/Standard_Catalog/1568 - Demon Beast Invasion (1990╬ô├ç├┤1994) [Animation].md	12_Entertainment/Movie_List/Standard_Catalog/1568 - Demon Beast Invasion (1990–1994) [Animation].md	mojibake normalized
3	rename	12_Entertainment/Movie_List/Standard_Catalog/0912 - She╬ô├ç├ûs Gotta Have It (1986).md	12_Entertainment/Movie_List/Standard_Catalog/0912 - She’s Gotta Have It (1986).md	mojibake normalized
3	rename	12_Entertainment/Movie_List/Standard_Catalog/1972 - Words Worth (1999╬ô├ç├┤2001) [Animation].md	12_Entertainment/Movie_List/Standard_Catalog/1972 - Words Worth (1999–2001) [Animation].md	mojibake normalized
3	rename	12_Entertainment/Movie_List/Standard_Catalog/2048 - Parade╬ô├ç├ûs End (2012).md	12_Entertainment/Movie_List/Standard_Catalog/2048 - Parade’s End (2012).md	mojibake normalized
3	rename	12_Entertainment/Movie_List/Standard_Catalog/1529 - Mo╬ô├ç├û Better Blues (1990).md	12_Entertainment/Movie_List/Standard_Catalog/1529 - Mo’ Better Blues (1990).md	mojibake normalized
3	rename	12_Entertainment/Movie_List/Standard_Catalog/2023 - Who╬ô├ç├ûs Afraid of Virginia Woolf (1966).md	12_Entertainment/Movie_List/Standard_Catalog/2023 - Who’s Afraid of Virginia Woolf (1966).md	mojibake normalized
3	rename	12_Entertainment/Movie_List/Standard_Catalog/1060 - The Band╬ô├ç├ûs Visit (2007).md	12_Entertainment/Movie_List/Standard_Catalog/1060 - The Band’s Visit (2007).md	mojibake normalized
3	rename	12_Entertainment/Movie_List/Standard_Catalog/0347 - Ocean╬ô├ç├ûs Eleven (2001) [Live Action].md	12_Entertainment/Movie_List/Standard_Catalog/0347 - Ocean’s Eleven (2001) [Live Action].md	mojibake normalized
3	rename	12_Entertainment/Movie_List/Standard_Catalog/1353 - The Queen╬ô├ç├ûs Gambit (2020).md	12_Entertainment/Movie_List/Standard_Catalog/1353 - The Queen’s Gambit (2020).md	mojibake normalized
3	rename	12_Entertainment/Movie_List/Standard_Catalog/1044 - Pan╬ô├ç├ûs Labyrinth (2006).md	12_Entertainment/Movie_List/Standard_Catalog/1044 - Pan’s Labyrinth (2006).md	mojibake normalized
3	rename	12_Entertainment/Movie_List/Standard_Catalog/1248 - Bram Stoker╬ô├ç├ûs Dracula (1992).md	12_Entertainment/Movie_List/Standard_Catalog/1248 - Bram Stoker’s Dracula (1992).md	mojibake normalized
3	rename	12_Entertainment/Movie_List/Standard_Catalog/1117 - God╬ô├ç├ûs Own Country (2017).md	12_Entertainment/Movie_List/Standard_Catalog/1117 - God’s Own Country (2017).md	mojibake normalized
3	rename	12_Entertainment/Movie_List/Standard_Catalog/1337 - Where Is the Friend╬ô├ç├ûs House (1987).md	12_Entertainment/Movie_List/Standard_Catalog/1337 - Where Is the Friend’s House (1987).md	mojibake normalized
3	rename	12_Entertainment/Movie_List/Standard_Catalog/0301 - Lola Mont├¿s (1955) [Live Action] [60FE2F2F28].md	12_Entertainment/Movie_List/Standard_Catalog/0301 - Lola Montès (1955) [Live Action] [60FE2F2F28].md	mojibake normalized
3	rename	12_Entertainment/Movie_List/Standard_Catalog/1340 - It╬ô├ç├ûs a Sin (2021).md	12_Entertainment/Movie_List/Standard_Catalog/1340 - It’s a Sin (2021).md	mojibake normalized
3	rename	12_Entertainment/Movie_List/Standard_Catalog/0347 - Ocean╬ô├ç├ûs Eleven (2001) [Live Action] [6512FCCF87].md	12_Entertainment/Movie_List/Standard_Catalog/0347 - Ocean’s Eleven (2001) [Live Action] [6512FCCF87].md	mojibake normalized
3	rename	12_Entertainment/Movie_List/Standard_Catalog/0999 - Madeline╬ô├ç├ûs Madeline (2018).md	12_Entertainment/Movie_List/Standard_Catalog/0999 - Madeline’s Madeline (2018).md	mojibake normalized
3	rename	12_Entertainment/Movie_List/Standard_Catalog/1528 - Five Nights at Freddy╬ô├ç├ûs 2 (2025).md	12_Entertainment/Movie_List/Standard_Catalog/1528 - Five Nights at Freddy’s 2 (2025).md	mojibake normalized
3	rename	12_Entertainment/Movie_List/Standard_Catalog/1389 - All the President╬ô├ç├ûs Men (1976).md	12_Entertainment/Movie_List/Standard_Catalog/1389 - All the President’s Men (1976).md	mojibake normalized
3	rename	12_Entertainment/Movie_List/Standard_Catalog/2053 - Angel Blade (2001╬ô├ç├┤2003) [Animation].md	12_Entertainment/Movie_List/Standard_Catalog/2053 - Angel Blade (2001–2003) [Animation].md	mojibake normalized
3	rename	12_Entertainment/Movie_List/Standard_Catalog/1509 - Won╬ô├ç├ût You Be My Neighbor (2018).md	12_Entertainment/Movie_List/Standard_Catalog/1509 - Won’t You Be My Neighbor (2018).md	mojibake normalized
3	rename	12_Entertainment/Movie_List/Standard_Catalog/0301 - Lola Mont├¿s (1955) [Live Action].md	12_Entertainment/Movie_List/Standard_Catalog/0301 - Lola Montès (1955) [Live Action].md	mojibake normalized
3	rename	12_Entertainment/Movie_List/Standard_Catalog/1326 - It╬ô├ç├ûs Such a Beautiful Day (2012).md	12_Entertainment/Movie_List/Standard_Catalog/1326 - It’s Such a Beautiful Day (2012).md	mojibake normalized
3	review-unrecoverable	11_Vehicles/Toyota Financing, Info & Documents ­ƒÆ▓.md		name too garbled to recover safely
3	review-unrecoverable	11_Vehicles/ARC-B ÔÇô Retired taxonomy test.md		name too garbled to recover safely
3	review-unrecoverable	11_Vehicles/Toyota Financing, Info & Documents ­ƒÆ▓ [801BFF5555].md		name too garbled to recover safely
3	review-unrecoverable	00_Inbox_Unsorted/ÔëíãÆ├ª├íÔëíãÆ├ª├íÔëíãÆ├ª├íÔëíãÆ├ª├íÔëíãÆ├ª├í.md		name too garbled to recover safely
3	review-unrecoverable	00_Inbox_Unsorted/╬ô┬í├ëBazingaaÔëíãÆ├¼ÔöÉB0XÔëíãÆ├¼ÔöÉ0fficeÔëíãÆ├┤Ôò£Ôê®Ôòò├à_annotated_1-100.md		name too garbled to recover safely
3	review-unrecoverable	00_Inbox_Unsorted/Master kink list Ôö£Ôûæ___.md		name too garbled to recover safely
3	review-unrecoverable	00_Inbox_Unsorted/Poplin Kickstart Idea ­ƒÆí [0E292605C6].md		name too garbled to recover safely
3	review-unrecoverable	00_Inbox_Unsorted/PayPal Transactions (Aug - Nov) ­ƒÆ▓ [B2C1518344].md		name too garbled to recover safely
3	review-unrecoverable	00_Inbox_Unsorted/Index People ╬ô├£┬¢.md		name too garbled to recover safely
3	review-unrecoverable	00_Inbox_Unsorted/Poplin Kickstart Idea ­ƒÆí [B48D12C544].md		name too garbled to recover safely
3	review-unrecoverable	00_Inbox_Unsorted/YouTube Channel Crucial Tips ­ƒÆí [E028D27826].md		name too garbled to recover safely
3	review-unrecoverable	00_Inbox_Unsorted/00 ÔÇô Vault Home [55271F4997].md		name too garbled to recover safely
3	review-unrecoverable	00_Inbox_Unsorted/ARA-A ├ö├ç├┤ Personal operations.md		name too garbled to recover safely
3	review-unrecoverable	00_Inbox_Unsorted/Start Here ÔÇö GraphFirst Productivity Vault (v3) [E9E3904115].md		name too garbled to recover safely
3	review-unrecoverable	00_Inbox_Unsorted/Six Month Guide Workbook ­ƒù║´©Å [0619EB5B1E].md		name too garbled to recover safely
3	review-unrecoverable	00_Inbox_Unsorted/_MConverter.eu_ÔëíãÆ├ª┬óÔëíãÆ├ª┬óÔëíãÆ├ª┬óÔëíãÆ├ª┬óÔëíãÆ├ª┬óÔëíãÆ├ª┬óÔëíãÆ├ª┬óÔëíãÆ├ª┬óÔëíãÆ├ª┬óÔëíãÆ├ª┬ó.md		name too garbled to recover safely
3	review-unrecoverable	00_Inbox_Unsorted/┬¡ãÆ├╣├ù┬┤┬®├à Newsletter (OE) (Example) [20CD7CEB9F].md		name too garbled to recover safely
3	review-unrecoverable	00_Inbox_Unsorted/╬ô┬í├ëBazingaaÔëíãÆ├¼ÔöÉB0XÔëíãÆ├¼ÔöÉ0fficeÔëíãÆ├┤Ôò£Ôê®Ôòò├à_MERGED_RANDOMIZED_1-1238.md		name too garbled to recover safely
3	review-unrecoverable	00_Inbox_Unsorted/┬¡ãÆ├╣├ù┬┤┬®├à Newsletter (OE) (Example) [905608F0D6].md		name too garbled to recover safely
3	review-unrecoverable	00_Inbox_Unsorted/ÔëíãÆ├ªÔòòÔëíãÆ├ªÔòòÔëíãÆ├ªÔòòÔëíãÆ├ªÔòòÔëíãÆ├ªÔòòÔëíãÆ├ªÔòò.md		name too garbled to recover safely
3	review-unrecoverable	00_Inbox_Unsorted/CMP-B ÔÇô Proposal note example.md		name too garbled to recover safely
3	review-unrecoverable	00_Inbox_Unsorted/2Ôê®Ôòò├à╬ô├ó├║Second movie list2Ôê®Ôòò├à╬ô├ó├║.md		name too garbled to recover safely
3	review-unrecoverable	00_Inbox_Unsorted/Ôö£Ôûæ__Ôö¼Ôòò.md		name too garbled to recover safely
3	review-unrecoverable	00_Inbox_Unsorted/┬¡ãÆ├┤Ôòú Videos (OE) (Example).md		name too garbled to recover safely
3	review-unrecoverable	00_Inbox_Unsorted/01 ÔÇô Creation Ô£ì´©ÅÔÜÆ´©ÅÔÜù´©Å­ƒæÂ.md		name too garbled to recover safely
3	review-unrecoverable	00_Inbox_Unsorted/ÔëíãÆ├å├í Bazinga box office ÔëíãÆ├å├í.md		name too garbled to recover safely
3	review-unrecoverable	00_Inbox_Unsorted/_MConverter.eu_ÔëíãÆ├å├áÔëíãÆ├å├áÔëíãÆ├å├áÔëíãÆ├å├áÔëíãÆ├å├áÔëíãÆ├å├áÔëíãÆ├å├áÔëíãÆ├å├áÔëíãÆ├å├áÔëíãÆ├å├áÔëíãÆ├å├áÔëíãÆ├å.md		name too garbled to recover safely
3	review-unrecoverable	00_Inbox_Unsorted/ÔëíãÆ├å├í Bazinga Box Office ÔëíãÆ├å├í 2.md		name too garbled to recover safely
3	review-unrecoverable	00_Inbox_Unsorted/├░┼©ÔÇÖ┬╝ 02 - Business.md		name too garbled to recover safely
3	review-unrecoverable	00_Inbox_Unsorted/Linguistic Cycles and the ÔÇ£R-WordÔÇØ_ Perspectives from 2011, 2016, and 2020 [B7B5F6E36D].md		name too garbled to recover safely
3	review-unrecoverable	00_Inbox_Unsorted/Poplin Kickstart Idea ­ƒÆí [A86B793C03].md		name too garbled to recover safely
3	review-unrecoverable	00_Inbox_Unsorted/CMP-C ├ö├ç├┤ Territory route note.md		name too garbled to recover safely
3	review-unrecoverable	00_Inbox_Unsorted/Style Settings ÔÇö Quick Tweaks [9D0B00F1A5].md		name too garbled to recover safely
3	review-unrecoverable	00_Inbox_Unsorted/Clean Mode Guide ­ƒº╝ [A87759751A].md		name too garbled to recover safely
3	review-unrecoverable	00_Inbox_Unsorted/03 ÔÇô Knowledge Systems [34A7C54D7C].md		name too garbled to recover safely
3	review-unrecoverable	00_Inbox_Unsorted/YouTube Channel Crucial Tips ­ƒÆí [88F4169375].md		name too garbled to recover safely
3	review-unrecoverable	00_Inbox_Unsorted/README ÔÇö Start Here [E96A6B2665].md		name too garbled to recover safely
3	review-unrecoverable	00_Inbox_Unsorted/The Ultimate Notion Playbook for Personal Productivity guide ­ƒù║´©Å.md		name too garbled to recover safely
3	review-unrecoverable	00_Inbox_Unsorted/┬¡ãÆ├ª┬┐┬¡ãÆ├àÔòù├ö├ç├¼┬¡ãÆ├à┬¢ UCLA Supercharge Course (E) (Example).md		name too garbled to recover safely
3	review-unrecoverable	00_Inbox_Unsorted/Toyota Corolla Financing Statements (Aug - Oct) ­ƒÆ▓ [77FCF104B2].md		name too garbled to recover safely
3	review-unrecoverable	00_Inbox_Unsorted/The Ultimate Notion Playbook for Personal Productivity guide ­ƒù║´©Å [669999ACBF].md		name too garbled to recover safely
3	review-unrecoverable	00_Inbox_Unsorted/DLY-A ├ö├ç├┤ Daily system home.md		name too garbled to recover safely
3	review-unrecoverable	00_Inbox_Unsorted/Style Settings ÔÇö Quick Tweaks.md		name too garbled to recover safely
3	review-unrecoverable	00_Inbox_Unsorted/INB-A ├ö├ç├┤ Capture dock.md		name too garbled to recover safely
3	review-unrecoverable	00_Inbox_Unsorted/LNG-A ├ö├ç├┤ Manifesto draft scaffold.md		name too garbled to recover safely
3	review-unrecoverable	00_Inbox_Unsorted/YouTube Channel Crucial Tips ­ƒÆí [05AE2727DB].md		name too garbled to recover safely
3	review-unrecoverable	00_Inbox_Unsorted/Field guide for succeeding on skip cart ­ƒù║´©Å [CB8207EFF0].md		name too garbled to recover safely
3	review-unrecoverable	00_Inbox_Unsorted/Poplin Kickstart Idea ­ƒÆí [59D2E8C546].md		name too garbled to recover safely
3	review-unrecoverable	00_Inbox_Unsorted/┬¡ãÆ├╣├ù┬┤┬®├à Newsletter (OE) (Example) [575A2FFF89].md		name too garbled to recover safely
3	review-unrecoverable	00_Inbox_Unsorted/ÔëíãÆ├å├í Bazinga Box Office ╬ô├ç├Â reformatted FULL v3 2.md		name too garbled to recover safely
3	review-unrecoverable	00_Inbox_Unsorted/Guide to Dominating Poplin as a Laundry Pro ­ƒù║´©Å [B4784AED79].md		name too garbled to recover safely
3	review-unrecoverable	00_Inbox_Unsorted/_MConverter.eu_ÔëíãÆ├å├»ÔëíãÆ├å├»ÔëíãÆ├å├»ÔëíãÆ├å├»ÔëíãÆ├å├»ÔëíãÆ├å├»ÔëíãÆ├å├»ÔëíãÆ├å├»ÔëíãÆ├å├»ÔëíãÆ├å├»ÔëíãÆ├å├».md		name too garbled to recover safely
3	review-unrecoverable	00_Inbox_Unsorted/_MConverter.eu_ÔëíãÆ├å┬¬ÔëíãÆ├å┬¬ÔëíãÆ├å┬¬ÔëíãÆ├å┬¬ÔëíãÆ├å┬¬ÔëíãÆ├å┬¬ÔëíãÆ├å┬¬ÔëíãÆ├å┬¬ÔëíãÆ├å┬¬ÔëíãÆ├å┬¬ÔëíãÆ├å┬¬ÔëíãÆ├å.md		name too garbled to recover safely
3	review-unrecoverable	00_Inbox_Unsorted/YouTube Channel Crucial Tips ­ƒÆí [15E82A049A].md		name too garbled to recover safely
3	review-unrecoverable	00_Inbox_Unsorted/ÔëíãÆ├ä┬╝ Movie Runtimes List 1.md		name too garbled to recover safely
3	review-unrecoverable	00_Inbox_Unsorted/Gig-App-Eligibility With Driving Record Guide ­ƒù║´©Å [87478C1AFE].md		name too garbled to recover safely
3	review-unrecoverable	00_Inbox_Unsorted/Toyota Corolla Financing Statements (Aug - Oct) ­ƒÆ▓.md		name too garbled to recover safely
3	review-unrecoverable	00_Inbox_Unsorted/PDR-E ├ö├ç├┤ Pragmatism public-domain note.md		name too garbled to recover safely
3	review-unrecoverable	00_Inbox_Unsorted/CMP-A ├ö├ç├┤ Outreach campaign note.md		name too garbled to recover safely
3	review-unrecoverable	00_Inbox_Unsorted/Start Here ÔÇö GraphFirst Productivity Vault (v3) [6FCD393F18].md		name too garbled to recover safely
3	review-unrecoverable	00_Inbox_Unsorted/Cash Net USA LINE OF CREDIT AGREEMENT Nickolle ­ƒÆ▓ [20E62D4EBF].md		name too garbled to recover safely
3	review-unrecoverable	00_Inbox_Unsorted/┬¡ãÆ├«├« Ideaverse Kit Launch (E) (Example).md		name too garbled to recover safely
3	review-unrecoverable	00_Inbox_Unsorted/ÔëíãÆ├╣├®Ôê®Ôòò├àProfessional Areas IndexÔëíãÆ├╣├®Ôê®Ôòò├à.md		name too garbled to recover safely
3	review-unrecoverable	00_Inbox_Unsorted/2026-W13 ├ö├ç├┤ Weekly review.md		name too garbled to recover safely
3	review-unrecoverable	00_Inbox_Unsorted/PayPal Transactions (Aug - Nov) ­ƒÆ▓ [46CD31B6CF].md		name too garbled to recover safely
3	review-unrecoverable	00_Inbox_Unsorted/ÔëíãÆ├å├¡RatingsÔëíãÆ├å├¡.md		name too garbled to recover safely
3	review-unrecoverable	00_Inbox_Unsorted/┬¡ãÆ├åÔûæ My Finance (OE) (Example).md		name too garbled to recover safely
3	review-unrecoverable	00_Inbox_Unsorted/┬¡ãÆ├£├ç Flight School (OE) (Example).md		name too garbled to recover safely
3	review-unrecoverable	00_Inbox_Unsorted/Amazon Vine Plan Checklist ╬ô┬ú├ÂÔê®Ôòò├à.md		name too garbled to recover safely
3	review-unrecoverable	00_Inbox_Unsorted/ÔëíãÆ├ä┬╝ Movie Runtimes List.md		name too garbled to recover safely
3	review-unrecoverable	00_Inbox_Unsorted/ÔëíãÆ├╣├®Ôê®Ôòò├àArea IndexÔëíãÆ├╣├®Ôê®Ôòò├à.md		name too garbled to recover safely
3	review-unrecoverable	00_Inbox_Unsorted/Amazon Vine Plan Checklist ╬ô┬ú├ÂÔê®Ôòò├à 2.md		name too garbled to recover safely
3	review-unrecoverable	00_Inbox_Unsorted/ÔëíãÆ├╣├®Ôê®Ôòò├àWitness Resource IndexÔëíãÆ├╣├®Ôê®Ôòò├à.md		name too garbled to recover safely
3	review-unrecoverable	00_Inbox_Unsorted/Field guide for succeeding on skip cart ­ƒù║´©Å [724C416DFC].md		name too garbled to recover safely
3	review-unrecoverable	00_Inbox_Unsorted/┬¡ãÆ├«├« Ideaverse Kit (OE) (Example) [E92227401D].md		name too garbled to recover safely
3	review-unrecoverable	00_Inbox_Unsorted/I Work & Career ÔÜ¬.md		name too garbled to recover safely
3	review-unrecoverable	00_Inbox_Unsorted/ultimate guide to maximizing your shift earnings ­ƒù║´©Å [5539A5FA24].md		name too garbled to recover safely
3	review-unrecoverable	00_Inbox_Unsorted/ÔëíãÆ├å├▓ÔëíãÆ├å├▓ÔëíãÆ├å├▓ÔëíãÆ├å├▓ÔëíãÆ├å├▓ÔëíãÆ├å├▓ÔëíãÆ├å├▓.md		name too garbled to recover safely
3	review-unrecoverable	00_Inbox_Unsorted/How to Take Smart Notes by SÔö£Ôòónke Ahrens.md		name too garbled to recover safely
3	review-unrecoverable	00_Inbox_Unsorted/ÔëíãÆ├╣├®Ôê®Ôòò├à Template Index ÔëíãÆ├╣├®Ôê®Ôòò├à.md		name too garbled to recover safely
3	review-unrecoverable	00_Inbox_Unsorted/03 ÔÇô Knowledge Systems [8A989B4062].md		name too garbled to recover safely
3	review-unrecoverable	00_Inbox_Unsorted/REF-B ÔÇô Public domain only.md		name too garbled to recover safely
3	review-unrecoverable	00_Inbox_Unsorted/Silly or serious movie list ÔëíãÆ├å├í.md		name too garbled to recover safely
3	review-unrecoverable	00_Inbox_Unsorted/╬ô┬ú├áRatings╬ô┬ú├á.md		name too garbled to recover safely
3	review-unrecoverable	00_Inbox_Unsorted/HOME-000 ├ö├ç├┤ Start here.md		name too garbled to recover safely
3	review-unrecoverable	00_Inbox_Unsorted/00 ├ö├ç├┤ Vault Home.md		name too garbled to recover safely
3	review-unrecoverable	00_Inbox_Unsorted/00 ÔÇô Vault Home [F98DDFC1E6].md		name too garbled to recover safely
3	review-unrecoverable	00_Inbox_Unsorted/┬¡ãÆ├«├« Ideaverse Kit (OE) (Example).md		name too garbled to recover safely
3	review-unrecoverable	00_Inbox_Unsorted/Substance Index ÔëíãÆ┬║┬¼ÔëíãÆ┬║├íÔëíãÆ┬║┬¼.md		name too garbled to recover safely
3	review-unrecoverable	00_Inbox_Unsorted/╬ô┬ú├áBazingaaÔëíãÆ├¼ÔöÉB0XÔëíãÆ├¼ÔöÉ0fficeÔëíãÆ├┤Ôò£Ôê®Ôòò├à_CLAIMS_SPACED_FULL_1-1029.md		name too garbled to recover safely
3	review-unrecoverable	00_Inbox_Unsorted/ultimate guide to maximizing your shift earnings ­ƒù║´©Å [16A89D2EE3].md		name too garbled to recover safely
3	review-unrecoverable	00_Inbox_Unsorted/YouTube growth plan ­ƒù║´©Å [6F993AACDE].md		name too garbled to recover safely
3	review-unrecoverable	00_Inbox_Unsorted/YouTube Channel Crucial Tips ­ƒÆí [CB061AE9E6].md		name too garbled to recover safely
3	review-unrecoverable	00_Inbox_Unsorted/REF-D ÔÇô Quote safety heuristic.md		name too garbled to recover safely
3	review-unrecoverable	00_Inbox_Unsorted/Style Settings ÔÇö Quick Tweaks [A13788E21A].md		name too garbled to recover safely
3	review-unrecoverable	00_Inbox_Unsorted/PDF-A ÔÇô PDF drop zone.md		name too garbled to recover safely
3	review-unrecoverable	00_Inbox_Unsorted/INB-C ÔÇô Dictation slip example.md		name too garbled to recover safely
3	review-unrecoverable	00_Inbox_Unsorted/The Ultimate Notion Playbook for Personal Productivity guide ­ƒù║´©Å [F5F613366C].md		name too garbled to recover safely
3	review-unrecoverable	00_Inbox_Unsorted/╬ô┬í├ëBazingaaÔëíãÆ├¼ÔöÉB0XÔëíãÆ├¼ÔöÉ0fficeÔëíãÆ├┤Ôò£Ôê®Ôòò├à_ENRICHED_TAGS_SAMPLE_1-20.md		name too garbled to recover safely
3	review-unrecoverable	00_Inbox_Unsorted/Gig-App-Eligibility With Driving Record Guide ­ƒù║´©Å [B931847180].md		name too garbled to recover safely
3	review-unrecoverable	00_Inbox_Unsorted/┬¡ãÆ├åÔûæ My Finance (OE) (Example) [5E7A76AECF].md		name too garbled to recover safely
3	review-unrecoverable	00_Inbox_Unsorted/The Ultimate Notion Playbook for Personal Productivity guide ­ƒù║´©Å [BE3F0FA71C].md		name too garbled to recover safely
3	review-unrecoverable	00_Inbox_Unsorted/ultimate guide to maximizing your shift earnings ­ƒù║´©Å.md		name too garbled to recover safely
3	review-unrecoverable	00_Inbox_Unsorted/PDR-C ÔÇô Meditations public-domain note.md		name too garbled to recover safely
3	review-unrecoverable	00_Inbox_Unsorted/ÔëíãÆ├å├ñÔëíãÆ├å├ñÔëíãÆ├å├ñÔëíãÆ├å├ñ.md		name too garbled to recover safely
3	review-unrecoverable	00_Inbox_Unsorted/Practice switching Graph filters (Active Ôåö Tasks Ôåö Projects) [0BFFE1BDD3].md		name too garbled to recover safely
3	review-unrecoverable	00_Inbox_Unsorted/1Ôê®Ôòò├à╬ô├ó├║ Purpose.md		name too garbled to recover safely
3	review-unrecoverable	00_Inbox_Unsorted/README ÔÇö Start Here.md		name too garbled to recover safely
3	review-unrecoverable	00_Inbox_Unsorted/YouTube growth plan ÔëíãÆ├╣ÔòæÔê®Ôòò├à.md		name too garbled to recover safely
3	review-unrecoverable	00_Inbox_Unsorted/Linguistic Cycles and the ÔÇ£R-WordÔÇØ_ Perspectives from 2011, 2016, and 2020.md		name too garbled to recover safely
3	review-unrecoverable	00_Inbox_Unsorted/ultimate guide to maximizing your shift earnings ­ƒù║´©Å [7199626612].md		name too garbled to recover safely
3	review-unrecoverable	00_Inbox_Unsorted/I Work & Career ╬ô├£┬¼.md		name too garbled to recover safely
3	review-unrecoverable	00_Inbox_Unsorted/YouTube Channel Crucial Tips ­ƒÆí.md		name too garbled to recover safely
3	review-unrecoverable	00_Inbox_Unsorted/YouTube Channel Crucial Tips ­ƒÆí [16FFBC7FB8].md		name too garbled to recover safely
3	review-unrecoverable	00_Inbox_Unsorted/Bank-Snapshot-Plan ­ƒÆ▓.md		name too garbled to recover safely
3	review-unrecoverable	00_Inbox_Unsorted/Ôö£Ôûæ___Ôö£Ôûæ___Ôö£Ôûæ___Ôö£Ôûæ___Ôö£Ôûæ___Ôö£Ôûæ___Ôö£Ôûæ___Ôö£Ôûæ___Ôö£Ôûæ___.md		name too garbled to recover safely
3	review-unrecoverable	00_Inbox_Unsorted/ÔëíãÆ├╣├®Ôê®Ôòò├àResource IndexÔëíãÆ├╣├®Ôê®Ôòò├à.md		name too garbled to recover safely
3	review-unrecoverable	00_Inbox_Unsorted/Music idea YouTube ­ƒÆí [83FD23E534].md		name too garbled to recover safely
3	review-unrecoverable	00_Inbox_Unsorted/├░┼©ÔÇ£┼í 04 - Reference Library.md		name too garbled to recover safely
3	review-unrecoverable	00_Inbox_Unsorted/Gig-App-Eligibility With Driving Record Guide ­ƒù║´©Å [A28A574AB3].md		name too garbled to recover safely
3	review-unrecoverable	00_Inbox_Unsorted/Guide to Dominating Poplin as a Laundry Pro ­ƒù║´©Å.md		name too garbled to recover safely
3	review-unrecoverable	00_Inbox_Unsorted/┬¡ãÆ├åÔûæ My Finance (OE) (Example) [554EC33146].md		name too garbled to recover safely
3	review-unrecoverable	00_Inbox_Unsorted/PayPal Transactions (Aug - Nov) ­ƒÆ▓ [ECA3333BF0].md		name too garbled to recover safely
3	review-unrecoverable	00_Inbox_Unsorted/05 ÔÇô things to do and how to do them.md		name too garbled to recover safely
3	review-unrecoverable	00_Inbox_Unsorted/Music idea YouTube ­ƒÆí [B49E6035EB].md		name too garbled to recover safely
3	review-unrecoverable	00_Inbox_Unsorted/Six Month Guide Workbook ­ƒù║´©Å [B6483AFD35].md		name too garbled to recover safely
3	review-unrecoverable	00_Inbox_Unsorted/02 ÔÇô Business.md		name too garbled to recover safely
3	review-unrecoverable	00_Inbox_Unsorted/╬ô┬í├ëBazingaaÔëíãÆ├¼ÔöÉB0XÔëíãÆ├¼ÔöÉ0fficeÔëíãÆ├┤Ôò£Ôê®Ôòò├à_CLAIMS_SPACED_FULL_1-1029.md		name too garbled to recover safely
3	review-unrecoverable	00_Inbox_Unsorted/Full list ÔëíãÆ├å├í.md		name too garbled to recover safely
3	review-unrecoverable	00_Inbox_Unsorted/Guide to Dominating Poplin as a Laundry Pro ­ƒù║´©Å [60465FB7BB].md		name too garbled to recover safely
3	review-unrecoverable	00_Inbox_Unsorted/ÔëíãÆ├╣├®Ôê®Ôòò├àArchetype Resource IndexÔëíãÆ├╣├®Ôê®Ôòò├à.md		name too garbled to recover safely
3	review-unrecoverable	00_Inbox_Unsorted/Movie-Ratings╬ô├ç├ÂBatch-3.md		name too garbled to recover safely
3	review-unrecoverable	00_Inbox_Unsorted/┬¡ãÆ├å┬® My Taxes 2023 (OE) (Example) [A226E9B6E8].md		name too garbled to recover safely
3	review-unrecoverable	00_Inbox_Unsorted/ÔëíãÆ├ä┬╝Complete ratings listÔëíãÆ├ä┬╝.md		name too garbled to recover safely
3	review-unrecoverable	00_Inbox_Unsorted/WRI-A ├ö├ç├┤ Writing pipeline.md		name too garbled to recover safely
3	review-unrecoverable	00_Inbox_Unsorted/Practice switching Graph filters (Active Ôåö Tasks Ôåö Projects).md		name too garbled to recover safely
3	review-unrecoverable	00_Inbox_Unsorted/Cash Net USA LINE OF CREDIT AGREEMENT Nickolle ­ƒÆ▓.md		name too garbled to recover safely
3	review-unrecoverable	00_Inbox_Unsorted/Financial Agreements ÔÜ¬.md		name too garbled to recover safely
3	review-unrecoverable	00_Inbox_Unsorted/Business idea ­ƒÆí [CCDDE60CA4].md		name too garbled to recover safely
3	review-unrecoverable	00_Inbox_Unsorted/╬ô┬í├ëBazingaaÔëíãÆ├¼ÔöÉB0XÔëíãÆ├¼ÔöÉ0fficeÔëíãÆ├┤Ôò£Ôê®Ôòò├à_TAGS_21-40.md		name too garbled to recover safely
3	review-unrecoverable	00_Inbox_Unsorted/╬ô├┐┬╗Ôê®Ôòò├à Dow ╬ô├┐┬╗Ôê®Ôòò├à.md		name too garbled to recover safely
3	review-unrecoverable	00_Inbox_Unsorted/The book writing guy Ô£ì´©ÅÔ£ì´©Å­ƒæ©­ƒæì [29D5108B6F].md		name too garbled to recover safely
3	review-unrecoverable	00_Inbox_Unsorted/PayPal Transactions (Aug - Nov) ­ƒÆ▓ [2845FE7EAC].md		name too garbled to recover safely
3	review-unrecoverable	00_Inbox_Unsorted/MasturRator listÔëíãÆ├å├í.md		name too garbled to recover safely
3	review-unrecoverable	00_Inbox_Unsorted/The Ultimate Notion Playbook for Personal Productivity guide ­ƒù║´©Å [A6327CD3DE].md		name too garbled to recover safely
3	review-unrecoverable	00_Inbox_Unsorted/REF-C ÔÇô Reference intake guide.md		name too garbled to recover safely
3	review-unrecoverable	00_Inbox_Unsorted/The Ultimate Notion Playbook for Personal Productivity guide ┬¡ãÆ├╣Ôòæ┬┤┬®├à.md		name too garbled to recover safely
3	review-unrecoverable	00_Inbox_Unsorted/YouTube Channel Crucial Tips ­ƒÆí [E6BDD7E65F].md		name too garbled to recover safely
3	review-unrecoverable	00_Inbox_Unsorted/Gig-App-Eligibility With Driving Record Guide ­ƒù║´©Å.md		name too garbled to recover safely
3	review-unrecoverable	00_Inbox_Unsorted/REF-A ÔÇô Master reference list.md		name too garbled to recover safely
3	review-unrecoverable	00_Inbox_Unsorted/Field guide for succeeding on skip cart ­ƒù║´©Å.md		name too garbled to recover safely
3	review-unrecoverable	00_Inbox_Unsorted/Practice switching Graph filters (Active Ôåö Tasks Ôåö Projects) [3C92D13EFB].md		name too garbled to recover safely
3	review-unrecoverable	00_Inbox_Unsorted/Financial Agreements ÔÜ¬ [66C6DD9EBB].md		name too garbled to recover safely
3	review-unrecoverable	00_Inbox_Unsorted/ÔëíãÆ├Â├æFinal Ratings listÔëíãÆ├Â├æ.md		name too garbled to recover safely
3	review-unrecoverable	00_Inbox_Unsorted/ÔëíãÆ├╣├®Ôê®Ôòò├àPersonal Areas IndexÔëíãÆ├╣├®Ôê®Ôòò├à.md		name too garbled to recover safely
3	review-unrecoverable	00_Inbox_Unsorted/HOME-000 ÔÇô Start here [9AACA3196D].md		name too garbled to recover safely
3	review-unrecoverable	00_Inbox_Unsorted/Lead Template ÔëíãÆ├┤├».md		name too garbled to recover safely
3	review-unrecoverable	00_Inbox_Unsorted/I Reference Home ÔÜ¬.md		name too garbled to recover safely
3	review-unrecoverable	00_Inbox_Unsorted/Guide to Dominating Poplin as a Laundry Pro ­ƒù║´©Å [9A292C930B].md		name too garbled to recover safely
3	review-unrecoverable	00_Inbox_Unsorted/Master Movie Ratings ╬ô├ç├Â Full List (4).md		name too garbled to recover safely
3	review-unrecoverable	00_Inbox_Unsorted/04 ÔÇô Reference Library.md		name too garbled to recover safely
3	review-unrecoverable	00_Inbox_Unsorted/PayPal Transactions (Aug - Nov) ­ƒÆ▓ [81845E075C].md		name too garbled to recover safely
3	review-unrecoverable	00_Inbox_Unsorted/Six Month Guide Workbook ­ƒù║´©Å.md		name too garbled to recover safely
3	review-unrecoverable	00_Inbox_Unsorted/╬ô├£┬¢╬ô├£┬¼╬ô├£┬¢╬ô├£┬¼╬ô├£┬¢╬ô├£┬¼╬ô├£┬¢╬ô├£┬¼╬ô├£┬¢.md		name too garbled to recover safely
3	review-unrecoverable	00_Inbox_Unsorted/├░┼©┬º 03 - Knowledge Systems.md		name too garbled to recover safely
3	review-unrecoverable	00_Inbox_Unsorted/Stay Sharp ÔëíãÆ├Â┬¼.md		name too garbled to recover safely
3	review-unrecoverable	00_Inbox_Unsorted/_MConverter.eu_ÔëíãÆ├ª├ûÔëíãÆ├ª├ûÔëíãÆ├ª├ûÔëíãÆ├ª├ûÔëíãÆ├ª├ûÔëíãÆ├ª├ûÔëíãÆ├ª├ûÔëíãÆ├ª├ûÔëíãÆ├ª├ûÔëíãÆ├ª├ûÔëíãÆ├ª├ûÔëíãÆ├ª.md		name too garbled to recover safely
3	review-unrecoverable	00_Inbox_Unsorted/┬¡ãÆ├«├« Ideaverse Kit (OE) (Example) [303453A290].md		name too garbled to recover safely
3	review-unrecoverable	00_Inbox_Unsorted/Six Month Guide Workbook ­ƒù║´©Å [016390D690].md		name too garbled to recover safely
3	review-unrecoverable	00_Inbox_Unsorted/Master Movie Ratings ╬ô├ç├Â Full List (2).md		name too garbled to recover safely
3	review-unrecoverable	00_Inbox_Unsorted/logistics_launchpad ­ƒÆ▓.md		name too garbled to recover safely
3	review-unrecoverable	00_Inbox_Unsorted/PDR-A ├ö├ç├┤ Republic public-domain note.md		name too garbled to recover safely
3	review-unrecoverable	00_Inbox_Unsorted/05 ÔÇô things to do and how to do them [7C2101CF04].md		name too garbled to recover safely
3	review-unrecoverable	00_Inbox_Unsorted/ÔëíãÆ├╣├®Ôê®Ôòò├àList IndexÔëíãÆ├╣├®Ôê®Ôòò├à.md		name too garbled to recover safely
3	review-unrecoverable	00_Inbox_Unsorted/Clean Mode Guide ­ƒº╝ [46F6622419].md		name too garbled to recover safely
3	review-unrecoverable	00_Inbox_Unsorted/MASTER_Serious_Silly_Tables_with_$andÔö¼├│.md		name too garbled to recover safely
3	review-unrecoverable	00_Inbox_Unsorted/╬ô┬ú┬┐BazingaaÔëíãÆ├¼ÔöÉB0XÔëíãÆ├¼ÔöÉ0ffice ÔëíãÆ├┤Ôò£Ôê®Ôòò├à╬ô┬ú┬┐ FULL_1-1029.md		name too garbled to recover safely
3	review-unrecoverable	00_Inbox_Unsorted/ÔëíãÆ├ª├╣ÔëíãÆ├ª├╣ÔëíãÆ├ª├╣.md		name too garbled to recover safely
3	review-unrecoverable	00_Inbox_Unsorted/PDR-D ├ö├ç├┤ Hamlet public-domain note.md		name too garbled to recover safely
3	review-unrecoverable	00_Inbox_Unsorted/Guide to Dominating Poplin as a Laundry Pro ­ƒù║´©Å [14B9C38089].md		name too garbled to recover safely
3	review-unrecoverable	00_Inbox_Unsorted/Pipeline Template ÔëíãÆ├┤├» 1.md		name too garbled to recover safely
3	review-unrecoverable	00_Inbox_Unsorted/Music idea YouTube ­ƒÆí.md		name too garbled to recover safely
3	review-unrecoverable	00_Inbox_Unsorted/README ÔÇö Start Here [89F367B761].md		name too garbled to recover safely
3	review-unrecoverable	00_Inbox_Unsorted/Business idea ­ƒÆí.md		name too garbled to recover safely
3	review-unrecoverable	00_Inbox_Unsorted/Section 0 ÔÇö Original Order with Annotations.md		name too garbled to recover safely
3	review-unrecoverable	00_Inbox_Unsorted/Field guide for succeeding on skip cart ­ƒù║´©Å [8AF17CF9DA].md		name too garbled to recover safely
3	review-unrecoverable	00_Inbox_Unsorted/04 ÔÇô Reference Library [24EE9B3504].md		name too garbled to recover safely
3	review-unrecoverable	00_Inbox_Unsorted/ÔëíãÆ├ä├çÔëíãÆ├ä├ç.md		name too garbled to recover safely
3	review-unrecoverable	00_Inbox_Unsorted/03 ÔÇô Knowledge Systems.md		name too garbled to recover safely
3	review-unrecoverable	00_Inbox_Unsorted/ultimate guide to maximizing your shift earnings ­ƒù║´©Å [D8A62F93E7].md		name too garbled to recover safely
3	review-unrecoverable	00_Inbox_Unsorted/ÔëíãÆ├ä┬╝Complete ratings list ╬ô├ç├Â corrected (2025-09-18_20-09-53).md		name too garbled to recover safely
3	review-unrecoverable	00_Inbox_Unsorted/INB-B ÔÇô Triage board.md		name too garbled to recover safely
3	review-unrecoverable	00_Inbox_Unsorted/YouTube Channel Crucial Tips ­ƒÆí [9BBDF39F2B].md		name too garbled to recover safely
3	review-unrecoverable	00_Inbox_Unsorted/ARA-B ├ö├ç├┤ Business operations.md		name too garbled to recover safely
3	review-unrecoverable	00_Inbox_Unsorted/Gig-App-Eligibility With Driving Record Guide ­ƒù║´©Å [DE75B78826].md		name too garbled to recover safely
3	review-unrecoverable	00_Inbox_Unsorted/Field guide for succeeding on skip cart ­ƒù║´©Å [1768D4E964].md		name too garbled to recover safely
3	review-unrecoverable	00_Inbox_Unsorted/├░┼©ÔÇ║ ├»┬©┬Å 05 - Tools & Systems.md		name too garbled to recover safely
3	review-unrecoverable	00_Inbox_Unsorted/Idea 2 ­ƒÆí.md		name too garbled to recover safely
3	review-unrecoverable	00_Inbox_Unsorted/┬¡ãÆ├å┬® My Taxes 2023 (OE) (Example) [EC44D5C328].md		name too garbled to recover safely
3	review-unrecoverable	00_Inbox_Unsorted/ÔëíãÆ├å├í Bazinga Box Office ╬ô├ç├Â reformatted FULL v3.md		name too garbled to recover safely
3	review-unrecoverable	00_Inbox_Unsorted/Six Month Guide Workbook ­ƒù║´©Å [4CFD153F91].md		name too garbled to recover safely
3	review-unrecoverable	00_Inbox_Unsorted/┬¡ãÆ├åÔûæ My Finance (OE) (Example) [504F0C9902].md		name too garbled to recover safely
3	review-unrecoverable	00_Inbox_Unsorted/ÔëíãÆ┬║┬íNavigation HubÔëíãÆ┬║┬í.md		name too garbled to recover safely
3	review-unrecoverable	00_Inbox_Unsorted/ultimate guide to maximizing your shift earnings ­ƒù║´©Å [C19BAD45BF].md		name too garbled to recover safely
3	review-unrecoverable	00_Inbox_Unsorted/Guide to Dominating Poplin as a Laundry Pro ­ƒù║´©Å [14B57E035A].md		name too garbled to recover safely
3	review-unrecoverable	00_Inbox_Unsorted/ÔëíãÆ├¼ÔöÉÔëíãÆ├¼ÔöÉÔëíãÆ├¼ÔöÉÔëíãÆ├¼ÔöÉÔëíãÆ├¼ÔöÉÔëíãÆ├¼ÔöÉÔëíãÆ├¼ÔöÉÔëíãÆ├¼ÔöÉÔëíãÆ├¼ÔöÉ.md		name too garbled to recover safely
3	review-unrecoverable	00_Inbox_Unsorted/Clean Mode Guide ­ƒº╝.md		name too garbled to recover safely
3	review-unrecoverable	00_Inbox_Unsorted/Six Month Guide Workbook ­ƒù║´©Å [A4C491A2BB].md		name too garbled to recover safely
3	review-unrecoverable	00_Inbox_Unsorted/ÔëíãÆ├å├í Bazinga Box Office ╬ô├ç├Â reformatted FULL v3 1.md		name too garbled to recover safely
3	review-unrecoverable	00_Inbox_Unsorted/ÔëíãÆ├ä┬╝Movie RatingsÔëíãÆ├ä┬╝.md		name too garbled to recover safely
3	review-unrecoverable	00_Inbox_Unsorted/┬¡ãÆ├å┬® My Taxes 2023 (OE) (Example).md		name too garbled to recover safely
3	review-unrecoverable	00_Inbox_Unsorted/Practice switching Graph filters (Active Ôåö Tasks Ôåö Projects) [7598628FCB].md		name too garbled to recover safely
3	review-unrecoverable	00_Inbox_Unsorted/┬¡ãÆ├╣├ù┬┤┬®├à Newsletter (OE) (Example).md		name too garbled to recover safely
3	review-unrecoverable	00_Inbox_Unsorted/┬¡ãÆ├å┬® My Taxes 2023 (OE) (Example) [4AC288DE54].md		name too garbled to recover safely
3	review-unrecoverable	00_Inbox_Unsorted/YouTube growth plan ­ƒù║´©Å [361A42A5FC].md		name too garbled to recover safely
3	review-unrecoverable	00_Inbox_Unsorted/ÔëíãÆ├å┬╗Complete ratingsÔëíãÆ├å┬╗.md		name too garbled to recover safely
3	review-unrecoverable	00_Inbox_Unsorted/02 ÔÇô Business [E33868C1EB].md		name too garbled to recover safely
3	review-unrecoverable	00_Inbox_Unsorted/Start Here ÔÇö GraphFirst Productivity Vault (v3).md		name too garbled to recover safely
3	review-unrecoverable	00_Inbox_Unsorted/Six-Month Path Master Note ­ƒÆ▓.md		name too garbled to recover safely
3	review-unrecoverable	00_Inbox_Unsorted/The Ultimate Notion Playbook for Personal Productivity guide ­ƒù║´©Å [1B36C39C3E].md		name too garbled to recover safely
3	review-unrecoverable	00_Inbox_Unsorted/┬¡ãÆ├«ÔòØ My Health (OE) (Example).md		name too garbled to recover safely
3	review-unrecoverable	00_Inbox_Unsorted/ARC-A ÔÇô Archive guide.md		name too garbled to recover safely
3	review-unrecoverable	00_Inbox_Unsorted/WRI-A ÔÇô Writing pipeline.md		name too garbled to recover safely
3	review-unrecoverable	00_Inbox_Unsorted/How to Take Smart Notes by S├Ânke Ahrens.md		name too garbled to recover safely
3	review-unrecoverable	00_Inbox_Unsorted/Start Here ÔÇö GraphFirst Productivity Vault (v3) [B0AF85D09E].md		name too garbled to recover safely
3	review-unrecoverable	00_Inbox_Unsorted/┬¡ãÆ├«├« Ideaverse Kit (OE) (Example) [B744926956].md		name too garbled to recover safely
3	review-unrecoverable	00_Inbox_Unsorted/Drug legality checklistÔëíãÆ├å├¿.md		name too garbled to recover safely
3	review-unrecoverable	00_Inbox_Unsorted/REF-A ├ö├ç├┤ Master reference list.md		name too garbled to recover safely
3	review-unrecoverable	00_Inbox_Unsorted/ÔëíãÆ├┐├╝Full list ÔëíãÆ├┐├╝.md		name too garbled to recover safely
3	review-unrecoverable	00_Inbox_Unsorted/referral bonus ÔëíãÆ┬¼├ûÔëíãÆ├åÔûôÔëíãÆ┬¼├û.md		name too garbled to recover safely
3	review-unrecoverable	00_Inbox_Unsorted/_MConverter.eu_ÔëíãÆ├«ÔòûÔëíãÆ├«ÔòûÔëíãÆ├«ÔòûÔëíãÆ├«ÔòûÔëíãÆ├«ÔòûÔëíãÆ├«ÔòûÔëíãÆ├«ÔòûÔëíãÆ├«Ôòû.md		name too garbled to recover safely
3	review-unrecoverable	00_Inbox_Unsorted/PayPal Transactions (Aug - Nov) ­ƒÆ▓ [C9CDB8CF23].md		name too garbled to recover safely
3	review-unrecoverable	00_Inbox_Unsorted/PayPal Transactions (Aug - Nov) ­ƒÆ▓ [5C6E84E025].md		name too garbled to recover safely
3	review-unrecoverable	00_Inbox_Unsorted/PDR-B ├ö├ç├┤ Discourses public-domain note.md		name too garbled to recover safely
3	review-unrecoverable	00_Inbox_Unsorted/Goal Tracker ╬ô┬ú├¼Ôê®Ôòò├à╬ô┬ú┬┐╬ô┬ú├¼Ôê®Ôòò├à.md		name too garbled to recover safely
3	review-unrecoverable	00_Inbox_Unsorted/YouTube growth plan ­ƒù║´©Å.md		name too garbled to recover safely
3	review-unrecoverable	00_Inbox_Unsorted/Field guide for succeeding on skip cart ­ƒù║´©Å [2E9BF04780].md		name too garbled to recover safely
3	review-unrecoverable	00_Inbox_Unsorted/05 ÔÇô things to do and how to do them [7772A27F5C].md		name too garbled to recover safely
3	review-unrecoverable	00_Inbox_Unsorted/Movie-Ratings╬ô├ç├ÂBatch-1 (1).md		name too garbled to recover safely
3	review-unrecoverable	00_Inbox_Unsorted/The book writing guy Ô£ì´©ÅÔ£ì´©Å­ƒæ©­ƒæì.md		name too garbled to recover safely
3	review-unrecoverable	00_Inbox_Unsorted/Pricing proposals and agreements ÔÜ¬.md		name too garbled to recover safely
3	review-unrecoverable	00_Inbox_Unsorted/Gig-App-Eligibility With Driving Record Guide ÔëíãÆ├╣ÔòæÔê®Ôòò├à.md		name too garbled to recover safely
3	review-unrecoverable	00_Inbox_Unsorted/300-Step path ÔëíãÆ┬ó├▒Ôê®Ôòò├à.md		name too garbled to recover safely
3	review-unrecoverable	00_Inbox_Unsorted/Index Finance Home ╬ô├£┬¼.md		name too garbled to recover safely
3	review-unrecoverable	00_Inbox_Unsorted/┬¡ãÆ├£├ç Flight School 2.5 (E) (Example).md		name too garbled to recover safely
3	review-unrecoverable	00_Inbox_Unsorted/Field guide for succeeding on skip cart ­ƒù║´©Å [88A98448AE].md		name too garbled to recover safely
3	review-unrecoverable	00_Inbox_Unsorted/Style Settings ÔÇö Quick Tweaks [11C324ABD5].md		name too garbled to recover safely
3	review-unrecoverable	00_Inbox_Unsorted/Guide to Dominating Poplin as a Laundry Pro ­ƒù║´©Å [D430D11B7F].md		name too garbled to recover safely
3	review-unrecoverable	00_Inbox_Unsorted/ÔëíãÆ├å├í Bazinga Box Office ╬ô├ç├Â reformatted v2.md		name too garbled to recover safely
3	review-unrecoverable	00_Inbox_Unsorted/Section 0 ÔÇö Original Order with Annotations [1C11C3AA97].md		name too garbled to recover safely
3	review-unrecoverable	00_Inbox_Unsorted/1´©ÅÔâú Purpose.md		name too garbled to recover safely
3	review-unrecoverable	00_Inbox_Unsorted/HOME-000 ÔÇô Start here.md		name too garbled to recover safely
3	review-unrecoverable	00_Inbox_Unsorted/Silly ScoresÔëíãÆ├å├í.md		name too garbled to recover safely
3	review-unrecoverable	00_Inbox_Unsorted/ÔëíãÆ├å┬╗Ratings ListÔëíãÆ├å┬╗.md		name too garbled to recover safely
3	review-unrecoverable	00_Inbox_Unsorted/Pricing proposals and agreements ╬ô├£┬¼.md		name too garbled to recover safely
3	review-unrecoverable	00_Inbox_Unsorted/COLD-A ÔÇô Cold storage protocol.md		name too garbled to recover safely
3	review-unrecoverable	00_Inbox_Unsorted/I Reference Home ╬ô├£┬¼.md		name too garbled to recover safely
3	review-unrecoverable	00_Inbox_Unsorted/╬ô┬í├ëBazingaaÔëíãÆ├¼ÔöÉB0XÔëíãÆ├¼ÔöÉ0fficeÔëíãÆ├┤Ôò£Ôê®Ôòò├à_annotated_101-200.md		name too garbled to recover safely
3	review-unrecoverable	00_Inbox_Unsorted/Guide to Dominating Poplin as a Laundry Pro ­ƒù║´©Å [AD7F280019].md		name too garbled to recover safely
3	review-unrecoverable	00_Inbox_Unsorted/00 ÔÇô Vault Home [5E1FFE06D6].md		name too garbled to recover safely
3	review-unrecoverable	00_Inbox_Unsorted/02 ÔÇô Business [B22E76D5E3].md		name too garbled to recover safely
3	review-unrecoverable	00_Inbox_Unsorted/04 ÔÇô Reference Library [99FDE8213F].md		name too garbled to recover safely
3	review-unrecoverable	00_Inbox_Unsorted/Guide to Dominating Poplin as a Laundry Pro ­ƒù║´©Å [8D005C44D3].md		name too garbled to recover safely
3	review-unrecoverable	70_System_Templates/Maps/MAP-B ÔÇô Graph routes.md		name too garbled to recover safely
3	review-unrecoverable	70_System_Templates/Maps/MAP-C ÔÇô Philosophy field map.md		name too garbled to recover safely
3	review-unrecoverable	70_System_Templates/Maps/MAP-A ├ö├ç├┤ Vault home.md		name too garbled to recover safely
3	review-unrecoverable	70_System_Templates/Maps/MAP-C ├ö├ç├┤ Philosophy field map.md		name too garbled to recover safely
3	review-unrecoverable	70_System_Templates/Maps/MAP-E ÔÇô Source reading map.md		name too garbled to recover safely
3	review-unrecoverable	70_System_Templates/Maps/MAP-G ÔÇô Persona field map.md		name too garbled to recover safely
3	review-unrecoverable	70_System_Templates/Maps/MAP-D ÔÇô Action field map.md		name too garbled to recover safely
3	review-unrecoverable	70_System_Templates/Maps/MAP-F ÔÇô Reference field map.md		name too garbled to recover safely
3	review-unrecoverable	70_System_Templates/Maps/MAP-B ├ö├ç├┤ Graph routes.md		name too garbled to recover safely
3	review-unrecoverable	70_System_Templates/Projects/PRJ-E ÔÇô Varidis Quo intake batch 001.md		name too garbled to recover safely
3	review-unrecoverable	70_System_Templates/Projects/PRJ-B ÔÇô Writing and research pipeline.md		name too garbled to recover safely
3	review-unrecoverable	70_System_Templates/Projects/PRJ-D ÔÇô Legacy migration queue [B126D284F7].md		name too garbled to recover safely
3	review-unrecoverable	70_System_Templates/Projects/PRJ-D ÔÇô Legacy migration queue.md		name too garbled to recover safely
3	review-unrecoverable	70_System_Templates/Projects/PRJ-C ÔÇô Business offer lab.md		name too garbled to recover safely
3	review-unrecoverable	70_System_Templates/Projects/PRJ-A ÔÇô Vault stewardship.md		name too garbled to recover safely
3	review-unrecoverable	70_System_Templates/Projects/PRJ-C ├ö├ç├┤ Business offer lab.md		name too garbled to recover safely
3	review-unrecoverable	70_System_Templates/Projects/PRJ-E ├ö├ç├┤ Varidis Quo intake batch 001.md		name too garbled to recover safely
3	review-unrecoverable	70_System_Templates/Sources/SRC-C ├ö├ç├┤ Truth statement pipeline.md		name too garbled to recover safely
3	review-unrecoverable	70_System_Templates/Sources/SRC-A ├ö├ç├┤ PDF intake protocol.md		name too garbled to recover safely
3	review-unrecoverable	70_System_Templates/Sources/SRC-B ÔÇô Extraction workflow.md		name too garbled to recover safely
3	review-unrecoverable	70_System_Templates/Sources/SOU-C ├ö├ç├┤ Example truth index.md		name too garbled to recover safely
3	review-unrecoverable	70_System_Templates/Sources/SRC-D ÔÇô Promotion to permanent notes.md		name too garbled to recover safely
3	review-unrecoverable	70_System_Templates/Sources/SOU-B ├ö├ç├┤ Example extraction note.md		name too garbled to recover safely
3	review-unrecoverable	70_System_Templates/Sources/SOU-A ÔÇô Example source companion.md		name too garbled to recover safely
3	review-unrecoverable	70_System_Templates/Sources/SOU-B ÔÇô Example extraction note.md		name too garbled to recover safely
3	review-unrecoverable	70_System_Templates/Sources/SOU-C ÔÇô Example truth index.md		name too garbled to recover safely
3	review-unrecoverable	70_System_Templates/Templates/TPL-008 ├ö├ç├┤ Longform draft template.md		name too garbled to recover safely
3	review-unrecoverable	70_System_Templates/Templates/TPL-021 ÔÇô Manifesto template.md		name too garbled to recover safely
3	review-unrecoverable	70_System_Templates/Templates/TPL-018 ├ö├ç├┤ Graph triage template.md		name too garbled to recover safely
3	review-unrecoverable	70_System_Templates/Templates/TPL-002 ÔÇô Example note template.md		name too garbled to recover safely
3	review-unrecoverable	70_System_Templates/Templates/TPL-022 ├ö├ç├┤ Truth extraction template.md		name too garbled to recover safely
3	review-unrecoverable	70_System_Templates/Templates/TPL-011 ÔÇô Daily note template.md		name too garbled to recover safely
3	review-unrecoverable	70_System_Templates/Templates/TPL-016 ├ö├ç├┤ Decision ledger template.md		name too garbled to recover safely
3	review-unrecoverable	70_System_Templates/Templates/TPL-009 ├ö├ç├┤ Project note template.md		name too garbled to recover safely
3	review-unrecoverable	70_System_Templates/Templates/TPL-010 ÔÇô Area responsibility template.md		name too garbled to recover safely
3	review-unrecoverable	70_System_Templates/Templates/TPL-012 ÔÇô Weekly review template.md		name too garbled to recover safely
3	review-unrecoverable	70_System_Templates/Templates/TPL-019 ├ö├ç├┤ Campaign operations template.md		name too garbled to recover safely
3	review-unrecoverable	70_System_Templates/Templates/TPL-015 ÔÇô Public-domain reference template.md		name too garbled to recover safely
3	review-unrecoverable	70_System_Templates/Templates/TPL-004 ÔÇô Hub MOC template.md		name too garbled to recover safely
3	review-unrecoverable	70_System_Templates/Templates/TPL-003 ├ö├ç├┤ Contrast tension template.md		name too garbled to recover safely
3	review-unrecoverable	70_System_Templates/Templates/TPL-017 ÔÇô Reading extraction template.md		name too garbled to recover safely
3	review-unrecoverable	70_System_Templates/Templates/TPL-001 ├ö├ç├┤ Atomic concept template.md		name too garbled to recover safely
3	review-unrecoverable	70_System_Templates/Templates/TPL-020 ├ö├ç├┤ Writing pipeline template.md		name too garbled to recover safely
3	review-unrecoverable	70_System_Templates/Templates/TPL-000 ÔÇô Template index.md		name too garbled to recover safely
3	review-unrecoverable	70_System_Templates/Templates/TPL-023 ├ö├ç├┤ Example attachment template.md		name too garbled to recover safely
3	review-unrecoverable	70_System_Templates/Templates/TPL-013 ├ö├ç├┤ Persona interview template.md		name too garbled to recover safely
3	review-unrecoverable	70_System_Templates/Templates/TPL-005 ÔÇô Source companion template.md		name too garbled to recover safely
3	review-unrecoverable	70_System_Templates/Templates/TPL-006 ├ö├ç├┤ PDF source template.md		name too garbled to recover safely
3	review-unrecoverable	70_System_Templates/Templates/TPL-014 ├ö├ç├┤ Reference entry template.md		name too garbled to recover safely
3	review-unrecoverable	70_System_Templates/Templates/TPL-007 ÔÇô Truth statement index template.md		name too garbled to recover safely
3	review-unrecoverable	70_System_Templates/Actions/ACT-D ├ö├ç├┤ Deep work dashboard.md		name too garbled to recover safely
3	review-unrecoverable	70_System_Templates/Actions/ACT-B ÔÇô Projects dashboard.md		name too garbled to recover safely
3	review-unrecoverable	70_System_Templates/Actions/ACT-G ÔÇô Weekly execution map.md		name too garbled to recover safely
3	review-unrecoverable	70_System_Templates/Actions/ACT-C ÔÇô Waiting dashboard.md		name too garbled to recover safely
3	review-unrecoverable	70_System_Templates/Actions/ACT-E ÔÇô Reading dashboard.md		name too garbled to recover safely
3	review-unrecoverable	70_System_Templates/Actions/ACT-A ÔÇô Today dashboard.md		name too garbled to recover safely
3	review-unrecoverable	70_System_Templates/Actions/ACT-F ÔÇô Recovery and re-triage.md		name too garbled to recover safely
3	review-unrecoverable	70_System_Templates/Actions/ACT-F ├ö├ç├┤ Recovery and re-triage.md		name too garbled to recover safely
3	review-unrecoverable	70_System_Templates/Actions/ACT-A ├ö├ç├┤ Today dashboard.md		name too garbled to recover safely
3	review-unrecoverable	70_System_Templates/Drafts/DRF-B ÔÇô Landing page skeleton.md		name too garbled to recover safely
3	review-unrecoverable	70_System_Templates/Concepts/CON-C ├ö├ç├┤ Paradox reveals pressure.md		name too garbled to recover safely
3	review-unrecoverable	70_System_Templates/Concepts/CON-B ÔÇô Guilt enables repair.md		name too garbled to recover safely
3	review-unrecoverable	70_System_Templates/Concepts/CON-C ÔÇô Paradox reveals pressure.md		name too garbled to recover safely
3	review-unrecoverable	70_System_Templates/Concepts/CON-A ÔÇô Shame hides evidence.md		name too garbled to recover safely
3	review-unrecoverable	70_System_Templates/Concepts/CON-D ÔÇô Structure carries meaning.md		name too garbled to recover safely
3	review-unrecoverable	70_System_Templates/System/SYS-A ÔÇô Vault constitution.md		name too garbled to recover safely
3	review-unrecoverable	70_System_Templates/System/SYS-U ÔÇô Phase 2 visuals evaluation.md		name too garbled to recover safely
3	review-unrecoverable	70_System_Templates/System/SYS-D ├ö├ç├┤ Link direction guide.md		name too garbled to recover safely
3	review-unrecoverable	70_System_Templates/System/SYS-P ÔÇô Live vault and legacy archive.md		name too garbled to recover safely
3	review-unrecoverable	70_System_Templates/System/SYS-H ÔÇô Source lifecycle.md		name too garbled to recover safely
3	review-unrecoverable	70_System_Templates/System/SYS-K ÔÇô Mobile use guide.md		name too garbled to recover safely
3	review-unrecoverable	70_System_Templates/System/SYS-T ÔÇô Recovery quick actions.md		name too garbled to recover safely
3	review-unrecoverable	70_System_Templates/System/SYS-V ├ö├ç├┤ Decorative asset library.md		name too garbled to recover safely
3	review-unrecoverable	70_System_Templates/System/SYS-J ÔÇô Day one guide.md		name too garbled to recover safely
3	review-unrecoverable	70_System_Templates/System/SYS-C ÔÇô Graph legend.md		name too garbled to recover safely
3	review-unrecoverable	70_System_Templates/System/SYS-Q ÔÇô Container and AI context map.md		name too garbled to recover safely
3	review-unrecoverable	70_System_Templates/System/SYS-I ├ö├ç├┤ CSS system guide.md		name too garbled to recover safely
3	review-unrecoverable	70_System_Templates/System/SYS-O ÔÇô Advanced Graph View guide.md		name too garbled to recover safely
3	review-unrecoverable	70_System_Templates/System/SYS-S ├ö├ç├┤ Runtime self-check.md		name too garbled to recover safely
3	review-unrecoverable	70_System_Templates/System/SYS-S ÔÇô Runtime self-check.md		name too garbled to recover safely
3	review-unrecoverable	70_System_Templates/System/SYS-M ÔÇô Graph triage guide.md		name too garbled to recover safely
3	review-unrecoverable	70_System_Templates/System/SYS-F ÔÇô Task system guide.md		name too garbled to recover safely
3	review-unrecoverable	70_System_Templates/System/SYS-N ├ö├ç├┤ Evidence interpretation speculation.md		name too garbled to recover safely
3	review-unrecoverable	70_System_Templates/System/SYS-A ├ö├ç├┤ Vault constitution.md		name too garbled to recover safely
3	review-unrecoverable	70_System_Templates/System/SYS-B ├ö├ç├┤ ID grammar.md		name too garbled to recover safely
3	review-unrecoverable	70_System_Templates/System/SYS-G ÔÇô Plugin strategy.md		name too garbled to recover safely
3	review-unrecoverable	70_System_Templates/System/SYS-L ÔÇô Archive and cold storage.md		name too garbled to recover safely
3	review-unrecoverable	70_System_Templates/System/SYS-K ÔÇô Mobile use guide [F8DFADC075].md		name too garbled to recover safely
3	review-unrecoverable	70_System_Templates/System/SYS-R ├ö├ç├┤ Runtime troubleshooting.md		name too garbled to recover safely
3	review-unrecoverable	70_System_Templates/System/SYS-P ÔÇô Live vault and legacy archive [000275C4D2].md		name too garbled to recover safely
3	review-unrecoverable	70_System_Templates/System/SYS-R ÔÇô Runtime troubleshooting.md		name too garbled to recover safely
3	review-unrecoverable	70_System_Templates/System/SYS-J ├ö├ç├┤ Day one guide.md		name too garbled to recover safely
3	review-unrecoverable	70_System_Templates/System/SYS-C ├ö├ç├┤ Graph legend.md		name too garbled to recover safely
3	review-unrecoverable	70_System_Templates/System/SYS-O ├ö├ç├┤ Advanced Graph View guide.md		name too garbled to recover safely
3	review-unrecoverable	70_System_Templates/System/SYS-G ├ö├ç├┤ Plugin strategy.md		name too garbled to recover safely
3	review-unrecoverable	70_System_Templates/System/SYS-T ├ö├ç├┤ Recovery quick actions.md		name too garbled to recover safely
3	review-unrecoverable	70_System_Templates/System/SYS-P ├ö├ç├┤ Live vault and legacy archive.md		name too garbled to recover safely
3	review-unrecoverable	70_System_Templates/System/SYS-N ÔÇô Evidence interpretation speculation.md		name too garbled to recover safely
3	review-unrecoverable	70_System_Templates/System/SYS-G ÔÇô Plugin strategy [F67B566432].md		name too garbled to recover safely
3	review-unrecoverable	70_System_Templates/System/SYS-P ÔÇô Live vault and legacy archive [AFDE50705F].md		name too garbled to recover safely
3	review-unrecoverable	70_System_Templates/System/SYS-O ÔÇô Advanced Graph View guide [D0132D52A8].md		name too garbled to recover safely
3	review-unrecoverable	70_System_Templates/System/SYS-O ÔÇô Advanced Graph View guide [59FB016CED].md		name too garbled to recover safely
3	review-unrecoverable	70_System_Templates/System/SYS-Q ÔÇô Container and AI context map [AFB6E03196].md		name too garbled to recover safely
3	review-unrecoverable	70_System_Templates/System/SYS-E ├ö├ç├┤ Sibling tag guide.md		name too garbled to recover safely
3	review-unrecoverable	70_System_Templates/System/SYS-K ÔÇô Mobile use guide [ECD1F21B80].md		name too garbled to recover safely
3	review-unrecoverable	70_System_Templates/System/SYS-E ÔÇô Sibling tag guide.md		name too garbled to recover safely
3	review-unrecoverable	70_System_Templates/System/SYS-Q ├ö├ç├┤ Container and AI context map.md		name too garbled to recover safely
3	review-unrecoverable	70_System_Templates/System/SYS-L ├ö├ç├┤ Archive and cold storage.md		name too garbled to recover safely
3	review-unrecoverable	70_System_Templates/Hubs/HUB ÔÇö Convergence Radar (conflict 2026-01-25-03-34-20).md		name too garbled to recover safely
3	review-unrecoverable	70_System_Templates/Hubs/HUB ÔÇö Home [10D6BE9E1E].md		name too garbled to recover safely
3	review-unrecoverable	70_System_Templates/Hubs/HUB ÔÇö Home.md		name too garbled to recover safely
3	review-unrecoverable	70_System_Templates/Hubs/HUB ÔÇö Convergence Radar.md		name too garbled to recover safely
3	review-unrecoverable	70_System_Templates/Hubs/HUB ÔÇö Inbox [1632EFA848].md		name too garbled to recover safely
3	review-unrecoverable	70_System_Templates/Hubs/HUB ÔÇö Convergence Radar (conflict 2026-01-25-03-34-20) [3AAE9D65B7].md		name too garbled to recover safely
3	review-unrecoverable	70_System_Templates/Hubs/HUB ÔÇö Inbox [CE589EF795].md		name too garbled to recover safely
3	review-unrecoverable	70_System_Templates/Hubs/HUB ÔÇö Inbox [AB042C148A].md		name too garbled to recover safely
3	review-unrecoverable	70_System_Templates/Hubs/HUB ÔÇö Home [E9437D8D48].md		name too garbled to recover safely
3	review-unrecoverable	70_System_Templates/Hubs/HUB ÔÇö Home [256EB8F236].md		name too garbled to recover safely
3	review-unrecoverable	70_System_Templates/Hubs/HUB ÔÇö Inbox.md		name too garbled to recover safely
3	review-unrecoverable	70_System_Templates/Hubs/HUB ÔÇö Inbox [9C4343F1A9].md		name too garbled to recover safely
3	review-unrecoverable	70_System_Templates/Hubs/HUB ÔÇö Convergence Radar (conflict 2026-01-25-03-34-20) [6DB1DED042].md		name too garbled to recover safely
3	review-unrecoverable	70_System_Templates/Philosophy_Prefix/PHI-H ├ö├ç├┤ External brain capture.md		name too garbled to recover safely
3	review-unrecoverable	70_System_Templates/Philosophy_Prefix/PHI-H ÔÇô External brain capture.md		name too garbled to recover safely
3	review-unrecoverable	70_System_Templates/Philosophy_Prefix/PHI-D ÔÇô Contrast and paradox.md		name too garbled to recover safely
3	review-unrecoverable	70_System_Templates/Philosophy_Prefix/PHI-F ÔÇô Abstraction and deconstruction.md		name too garbled to recover safely
3	review-unrecoverable	70_System_Templates/Philosophy_Prefix/PHI-E ├ö├ç├┤ Guilt and shame.md		name too garbled to recover safely
3	review-unrecoverable	70_System_Templates/Philosophy_Prefix/PHI-D ├ö├ç├┤ Contrast and paradox.md		name too garbled to recover safely
3	review-unrecoverable	70_System_Templates/Philosophy_Prefix/PHI-C ├ö├ç├┤ Sibling commonality.md		name too garbled to recover safely
3	review-unrecoverable	70_System_Templates/Philosophy_Prefix/PHI-G ├ö├ç├┤ Balance and repair.md		name too garbled to recover safely
3	review-unrecoverable	70_System_Templates/Philosophy_Prefix/PHI-B ÔÇô Backlinks as parents.md		name too garbled to recover safely
3	review-unrecoverable	70_System_Templates/Philosophy_Prefix/PHI-A ÔÇô Reverse implication.md		name too garbled to recover safely
3	review-unrecoverable	70_System_Templates/Vault_Control/Start ÔÇö HUB.md		name too garbled to recover safely
3	review-unrecoverable	70_System_Templates/Vault_Control/Start ÔÇö MOCs [5CD36CBBA8].md		name too garbled to recover safely
3	review-unrecoverable	70_System_Templates/Vault_Control/Start ÔÇö Daily [BE08A32E94].md		name too garbled to recover safely
3	review-unrecoverable	70_System_Templates/Vault_Control/Start ÔÇö Projects_or_Areas.md		name too garbled to recover safely
3	review-unrecoverable	70_System_Templates/Vault_Control/Start ÔÇö Archive [12E67F23FC].md		name too garbled to recover safely
3	review-unrecoverable	70_System_Templates/Vault_Control/Start ÔÇö Fleeting [139D262100].md		name too garbled to recover safely
3	review-unrecoverable	70_System_Templates/Vault_Control/Start ÔÇö Literature.md		name too garbled to recover safely
3	review-unrecoverable	70_System_Templates/Vault_Control/Start ÔÇö Literature [85E72ACB7F].md		name too garbled to recover safely
3	review-unrecoverable	70_System_Templates/Vault_Control/Start ÔÇö Projects_or_Areas [BCB0D7B098].md		name too garbled to recover safely
3	review-unrecoverable	70_System_Templates/Vault_Control/Start ÔÇö Fleeting.md		name too garbled to recover safely
3	review-unrecoverable	70_System_Templates/Vault_Control/Start ÔÇö Permanent [F7FB17F456].md		name too garbled to recover safely
3	review-unrecoverable	70_System_Templates/Vault_Control/Start ÔÇö Literature [A7A4436143].md		name too garbled to recover safely
3	review-unrecoverable	70_System_Templates/Vault_Control/Start ÔÇö Permanent.md		name too garbled to recover safely
3	review-unrecoverable	70_System_Templates/Vault_Control/Start ÔÇö Archive [DAAE5F1073].md		name too garbled to recover safely
3	review-unrecoverable	70_System_Templates/Vault_Control/Start ÔÇö Projects_or_Areas [029B2F884A].md		name too garbled to recover safely
3	review-unrecoverable	70_System_Templates/Vault_Control/Start ÔÇö Archive.md		name too garbled to recover safely
3	review-unrecoverable	70_System_Templates/Vault_Control/Start ÔÇö Fleeting [15E035B9A5].md		name too garbled to recover safely
3	review-unrecoverable	70_System_Templates/Vault_Control/Start ÔÇö Archive [8117A8DB08].md		name too garbled to recover safely
3	review-unrecoverable	70_System_Templates/Vault_Control/Start ÔÇö Permanent [B547B2CCC5].md		name too garbled to recover safely
3	review-unrecoverable	70_System_Templates/Vault_Control/Start ÔÇö Literature [9BD2E5435D].md		name too garbled to recover safely
3	review-unrecoverable	70_System_Templates/Vault_Control/Start ÔÇö Fleeting [79D5F47F6B].md		name too garbled to recover safely
3	review-unrecoverable	70_System_Templates/Vault_Control/Start ÔÇö MOCs [6A68A43B08].md		name too garbled to recover safely
3	review-unrecoverable	70_System_Templates/Vault_Control/Start ÔÇö Daily.md		name too garbled to recover safely
3	review-unrecoverable	70_System_Templates/Vault_Control/Start ÔÇö MOCs.md		name too garbled to recover safely
3	review-unrecoverable	70_System_Templates/Vault_Control/Start ÔÇö Permanent [A9DBC71F7B].md		name too garbled to recover safely
3	review-unrecoverable	70_System_Templates/Vault_Control/Start ÔÇö Templates.md		name too garbled to recover safely
3	review-unrecoverable	70_System_Templates/Vault_Control/Start ÔÇö Daily [F3473839DC].md		name too garbled to recover safely
3	review-unrecoverable	70_System_Templates/Vault_Control/Start ÔÇö Projects_or_Areas [F046329955].md		name too garbled to recover safely
3	review-unrecoverable	70_System_Templates/Vault_Control/Start ÔÇö MOCs [74E2C9964D].md		name too garbled to recover safely
3	review-unrecoverable	70_System_Templates/Refinements/RFN-C ÔÇô Marcus Aurelius entry.md		name too garbled to recover safely
3	review-unrecoverable	70_System_Templates/Refinements/RFN-E ├ö├ç├┤ William James entry.md		name too garbled to recover safely
3	review-unrecoverable	70_System_Templates/Refinements/RFN-A ÔÇô Plato entry.md		name too garbled to recover safely
3	review-unrecoverable	70_System_Templates/Refinements/RFN-B ÔÇô Epictetus entry.md		name too garbled to recover safely
3	review-unrecoverable	70_System_Templates/Refinements/RFN-D ├ö├ç├┤ Shakespeare entry.md		name too garbled to recover safely
3	review-unrecoverable	70_System_Templates/Persona_Prefix/PER-F ├ö├ç├┤ Interview session 001.md		name too garbled to recover safely
3	review-unrecoverable	70_System_Templates/Persona_Prefix/PER-E ├ö├ç├┤ Postponed questions.md		name too garbled to recover safely
3	review-unrecoverable	70_System_Templates/Persona_Prefix/PER-D ÔÇô Worldview notes.md		name too garbled to recover safely
3	review-unrecoverable	70_System_Templates/Persona_Prefix/PER-C ÔÇô Voice and style.md		name too garbled to recover safely
3	review-unrecoverable	70_System_Templates/Persona_Prefix/PER-A ÔÇô Thomas persona home.md		name too garbled to recover safely
3	review-unrecoverable	70_System_Templates/Persona_Prefix/PER-G ├ö├ç├┤ Persona and system relation.md		name too garbled to recover safely
3	review-unrecoverable	70_System_Templates/Persona_Prefix/PER-B ÔÇô Principles ledger.md		name too garbled to recover safely
3	review-unrecoverable	70_System_Templates/Persona_Prefix/PER-D ├ö├ç├┤ Worldview notes.md		name too garbled to recover safely
3	review-unrecoverable	70_System_Templates/Persona_Prefix/PER-A ├ö├ç├┤ Thomas persona home.md		name too garbled to recover safely
3	review-unrecoverable	70_System_Templates/Persona_Prefix/PER-F ÔÇô Interview session 001.md		name too garbled to recover safely
3	review-unrecoverable	70_System_Templates/Decisions/DEC-A ├ö├ç├┤ Vault design decisions.md		name too garbled to recover safely
3	review-unrecoverable	70_System_Templates/Examples_Prefix/EXA-C ├ö├ç├┤ Abstracting a pattern.md		name too garbled to recover safely
3	review-unrecoverable	70_System_Templates/Examples_Prefix/EXA-E ÔÇô Contrast clarifies value.md		name too garbled to recover safely
3	review-unrecoverable	70_System_Templates/Examples_Prefix/EXA-B ├ö├ç├┤ Deconstructing a claim.md		name too garbled to recover safely
3	review-unrecoverable	70_System_Templates/Examples_Prefix/EXA-A ÔÇô Repair after rupture.md		name too garbled to recover safely
3	review-unrecoverable	70_System_Templates/Examples_Prefix/EXA-F ÔÇô Voice capture to triage.md		name too garbled to recover safely
3	review-unrecoverable	70_System_Templates/Examples_Prefix/EXA-D ├ö├ç├┤ Child implies parent.md		name too garbled to recover safely
3	review-unrecoverable	40_Universal_Codex/Appendix_K/Can Chambers' The King in Yellow really be considered - cosmic - horror - Reddit (Compendium) [late] Ôùë_Varidis Quo_Document.md		name too garbled to recover safely
3	review-unrecoverable	40_Universal_Codex/Appendix_K/SCP - 2521 '╬ô├╣├à╬ô├╣├à - (Compendium).md		name too garbled to recover safely
3	review-unrecoverable	40_Universal_Codex/Appendix_K/SCP - 7819 ╬ô├Â├® no vacancy ╬ô├Â├® Keter - Uncontained ╬ô├Â├® Liminal - Spatial SCP (Compendium).md		name too garbled to recover safely
3	review-unrecoverable	40_Universal_Codex/Appendix_K/Causes visual hallucinations of the entity in peripheral vision or reflective surfaces after 90 (Compendium) [late] Ôùë_Varid.md		name too garbled to recover safely
3	review-unrecoverable	40_Universal_Codex/Appendix_K/Robert W. Chambers' Cassilda's Song - A Brief Analysis of the King in Yellow's Infamous Poem (Compendium) [late] Ôùë_Varidis .md		name too garbled to recover safely
3	review-unrecoverable	40_Universal_Codex/Appendix_K/The Organist of St. BarnabÔö£ÔîÉ (Compendium).md		name too garbled to recover safely
3	review-unrecoverable	40_Universal_Codex/Appendix_K/SCP - 7819 ╬ô├╗├í no vacancy ╬ô├╗├í Keter - Uncontained ╬ô├╗├í Liminal - Spatial SCP (Compendium).md		name too garbled to recover safely
3	review-unrecoverable	40_Universal_Codex/_General/Story from the codex ╬ô├£┬¼.md		name too garbled to recover safely
3	review-unrecoverable	40_Universal_Codex/_General/Story from the codex ÔÜ¬.md		name too garbled to recover safely
3	review-unrecoverable	40_Universal_Codex/_General/Story from the codex ÔÜ¬ [0749C384D2].md		name too garbled to recover safely
3	review-unrecoverable	20_Food_Menus/Car freshen Idea ­ƒÆí [524B49DE5B].md		name too garbled to recover safely
3	review-unrecoverable	20_Food_Menus/Car freshen Idea ­ƒÆí [111B3FF6B1].md		name too garbled to recover safely
3	review-unrecoverable	20_Food_Menus/Car freshen Idea ­ƒÆí [3529ADFD6E].md		name too garbled to recover safely
3	review-unrecoverable	20_Food_Menus/Car freshen Idea ­ƒÆí [3441952C43].md		name too garbled to recover safely
3	review-unrecoverable	20_Food_Menus/Car freshen Idea ­ƒÆí [B69770A229].md		name too garbled to recover safely
3	review-unrecoverable	20_Food_Menus/Car freshen Idea ­ƒÆí [9FD433B623].md		name too garbled to recover safely
3	review-unrecoverable	20_Food_Menus/Car freshen Idea ­ƒÆí.md		name too garbled to recover safely
3	review-unrecoverable	30_Pharmacopoeia/Functional/lentinan Ôò¼Ôûô-glucan.md		name too garbled to recover safely
3	review-unrecoverable	30_Pharmacopoeia/Functional/Ôò¼Ôûô-glucans.md		name too garbled to recover safely
3	review-unrecoverable	30_Pharmacopoeia/Pneumatic/Yopo and CebÔö£┬íl.md		name too garbled to recover safely
3	review-unrecoverable	30_Pharmacopoeia/Pneumatic/Ôò¼Ôûô-carbolines.md		name too garbled to recover safely
3	review-unrecoverable	30_Pharmacopoeia/Nutritional/Ôò¼Ôûô-Asarone.md		name too garbled to recover safely
3	review-unrecoverable	30_Pharmacopoeia/Nutritional/D-fraction Ôò¼Ôûô-glucan.md		name too garbled to recover safely
3	review-unrecoverable	30_Pharmacopoeia/Nutritional/2,3,5,4├ö├çÔûô-tetrahydroxystilbene glycoside.md		name too garbled to recover safely
3	review-unrecoverable	30_Pharmacopoeia/Nutritional/Ôò¼ÔûÆ2-antagonist.md		name too garbled to recover safely
3	review-unrecoverable	30_Pharmacopoeia/Nutritional/Ôò¼Ôòæ-opioid receptor.md		name too garbled to recover safely
3	review-unrecoverable	30_Pharmacopoeia/Nutritional/voltage-gated Na├ö├╝Ôòæ.md		name too garbled to recover safely
3	review-unrecoverable	30_Pharmacopoeia/Nutritional/Ôò¼Ôûô-carboline.md		name too garbled to recover safely
3	review-unrecoverable	30_Pharmacopoeia/Nutritional/Ôò¼Ôûô-lapachone.md		name too garbled to recover safely
3	review-unrecoverable	30_Pharmacopoeia/Nutritional/Magnesium L-threonate (MagteinÔö¼┬½.md		name too garbled to recover safely
3	review-unrecoverable	30_Pharmacopoeia/Nutritional/Ôò¼Ôûô-sitosterol.md		name too garbled to recover safely
3	review-unrecoverable	30_Pharmacopoeia/Nutritional/lentianin Ôò¼Ôûô-glucan.md		name too garbled to recover safely
3	review-unrecoverable	30_Pharmacopoeia/Nutritional/MAO-inhibiting Ôò¼Ôûô-carbolines.md		name too garbled to recover safely
3	review-unrecoverable	30_Pharmacopoeia/Nutritional/Ôò¼Ôûô-ecdysone.md		name too garbled to recover safely
3	review-unrecoverable	30_Pharmacopoeia/Chthonic/Ôò¼Ôöé-coniceine.md		name too garbled to recover safely
3	review-unrecoverable	12_Entertainment/­ƒÆá Bazinga Box Office ­ƒÆá (pdf).md		name too garbled to recover safely
3	review-unrecoverable	12_Entertainment/Bazinga­ƒì┐B0X­ƒì┐0ffice­ƒô¢´©Å (pdf).md		name too garbled to recover safely
3	review-unrecoverable	12_Entertainment/Bazinga­ƒì┐B0X­ƒì┐0ffice­ƒô¢´©Å(p) (pdf).md		name too garbled to recover safely
3	review-unrecoverable	12_Entertainment/Movie_List/Bazinga_Batches/╬ô┬í├ëBazingaaÔëíãÆ├¼ÔöÉB0XÔëíãÆ├¼ÔöÉ0fficeÔëíãÆ├┤Ôò£Ôê®Ôòò├à_MASTER_TAGGED_ALL_1-200_WITH_KEY (1).md		name too garbled to recover safely
3	review-unrecoverable	12_Entertainment/Movie_List/Bazinga_Batches/Bazinga box office ÔëíãÆ├¼ÔöÉÔëíãÆ├ä┬╝ÔëíãÆ├¼ÔöÉ.md		name too garbled to recover safely
3	review-unrecoverable	12_Entertainment/Movie_List/Bazinga_Batches/╬ô┬í├ëBazingaaÔëíãÆ├¼ÔöÉB0XÔëíãÆ├¼ÔöÉ0fficeÔëíãÆ├┤Ôò£Ôê®Ôòò├à_MASTER_TAGGED_ALL_1-200_with_KEY.md		name too garbled to recover safely
3	review-unrecoverable	12_Entertainment/Movie_List/Bazinga_Batches/BazingaÔëíãÆ├¼ÔöÉB0XÔëíãÆ├¼ÔöÉ0fficeÔëíãÆ├┤Ôò£Ôê®Ôòò├à(p)╬ô├ç├ÂCLEANED.md		name too garbled to recover safely
3	review-unrecoverable	12_Entertainment/Movie_List/Bazinga_Batches/BazingaÔëíãÆ├¼ÔöÉB0XÔëíãÆ├¼ÔöÉ0fficeÔëíãÆ├┤Ôò£Ôê®Ôòò├à╬ô├ç├ÂWITH-SUMMARY.md		name too garbled to recover safely
3	review-unrecoverable	12_Entertainment/Movie_List/Bazinga_Batches/BazingaÔëíãÆ├¼ÔöÉB0XÔëíãÆ├¼ÔöÉ0fficeÔëíãÆ├┤Ôò£Ôê®Ôòò├à.md		name too garbled to recover safely
3	review-unrecoverable	12_Entertainment/Movie_List/Bazinga_Batches/BazingaÔëíãÆ├¼ÔöÉB0XÔëíãÆ├¼ÔöÉ0fficeÔëíãÆ├┤Ôò£Ôê®Ôòò├à╬ô├ç├Â2025-AUGMENTED.md		name too garbled to recover safely
3	review-unrecoverable	12_Entertainment/Movie_List/Bazinga_Batches/BazingaÔëíãÆ├¼ÔöÉB0XÔëíãÆ├¼ÔöÉ0fficeÔëíãÆ├┤Ôò£Ôê®Ôòò├à(p)╬ô├ç├ÂRERANDOMIZED╬ô├ç├ÂCHECKLESS-BOTTOM.md		name too garbled to recover safely
3	review-unrecoverable	12_Entertainment/Movie_List/Bazinga_Batches/╬ô┬í├ëBazingaaÔëíãÆ├¼ÔöÉB0XÔëíãÆ├¼ÔöÉ0fficeÔëíãÆ├┤Ôò£Ôê®Ôòò├à_MASTER_TAGGED_ALL_1-200.md		name too garbled to recover safely
3	review-unrecoverable	12_Entertainment/Movie_List/Bazinga_Batches/BazingaÔëíãÆ├¼ÔöÉB0XÔëíãÆ├¼ÔöÉ0fficeÔëíãÆ├┤Ôò£Ôê®Ôòò├à(p)╬ô├ç├ÂRERANDOMIZED.md		name too garbled to recover safely
3	review-unrecoverable	12_Entertainment/Movie_List/Bazinga_Batches/╬ô┬í├ëBazingaaÔëíãÆ├¼ÔöÉB0XÔëíãÆ├¼ÔöÉ0fficeÔëíãÆ├┤Ôò£Ôê®Ôòò├à_MASTER_TAGGED_PROGRESS_v161-180.md		name too garbled to recover safely
3	review-unrecoverable	12_Entertainment/Movie_List/Bazinga_Batches/BazingaaÔëíãÆ├¼ÔöÉB0XÔëíãÆ├¼ÔöÉ0fficeÔëíãÆ├┤Ôò£Ôê®Ôòò├à.md		name too garbled to recover safely
3	review-unrecoverable	12_Entertainment/Movie_List/Standard_Catalog/1006 - MÔö£├▒dchen in Uniform (1931).md		name too garbled to recover safely
3	review-unrecoverable	12_Entertainment/Movie_List/Standard_Catalog/1763 - CrÔö£┬ía cuervos (1976).md		name too garbled to recover safely
3	review-unrecoverable	12_Entertainment/Movie_List/Standard_Catalog/0616 - Bande Ôö£├í part (1964).md		name too garbled to recover safely
3	review-unrecoverable	12_Entertainment/Movie_List/Standard_Catalog/1704 - WALLÔö¼ÔòûE (2008).md		name too garbled to recover safely
3	review-unrecoverable	12_Entertainment/Movie_List/Standard_Catalog/0137 - The EmperorÔÇÖs New Groove (2000).md		name too garbled to recover safely
3	review-unrecoverable	12_Entertainment/Movie_List/Standard_Catalog/1617 - Sex and LucÔö£┬ía (2001).md		name too garbled to recover safely
3	review-unrecoverable	12_Entertainment/Movie_List/Standard_Catalog/1507 - SalÔö£Ôûô, or the 120 Days of Sodom (1975) [Live Action].md		name too garbled to recover safely
3	review-unrecoverable	12_Entertainment/Movie_List/Standard_Catalog/0773 - The King├ö├ç├ûs Speech (2010) [Live Action] [AB2EB335CC].md		name too garbled to recover safely
3	review-unrecoverable	12_Entertainment/Movie_List/Standard_Catalog/1651 - The Double Life of VÔö£ÔîÉronique (1991).md		name too garbled to recover safely
3	review-unrecoverable	12_Entertainment/Movie_List/Standard_Catalog/1310 - AmÔö£ÔîÉlie (2001).md		name too garbled to recover safely
3	review-unrecoverable	12_Entertainment/Movie_List/Standard_Catalog/1330 - Le SamouraÔö£┬╗ (1967).md		name too garbled to recover safely
3	review-unrecoverable	12_Entertainment/Movie_List/Standard_Catalog/1087 - La JetÔö£ÔîÉe (1962) [Live Action].md		name too garbled to recover safely
3	review-unrecoverable	12_Entertainment/Movie_List/Standard_Catalog/1100 - HyÔö£┬┐nes (1992).md		name too garbled to recover safely
3	review-unrecoverable	12_Entertainment/Movie_List/Standard_Catalog/0386 - NausicaÔö£├▒ of the Valley of the Wind (1984) [Animation].md		name too garbled to recover safely
3	review-unrecoverable	12_Entertainment/Movie_List/Standard_Catalog/1885 - NazarÔö£┬ín (1958).md		name too garbled to recover safely
3	review-unrecoverable	12_Entertainment/Movie_List/Standard_Catalog/1286 - LÔö£ÔîÉon The Professional (1994) [Live Action].md		name too garbled to recover safely
3	review-unrecoverable	12_Entertainment/Movie_List/Standard_Catalog/1031 - BÔö£┬¼te humaine, La (1938).md		name too garbled to recover safely
3	review-unrecoverable	12_Entertainment/Movie_List/Standard_Catalog/0993 - Histoire(s) du cinÔö£ÔîÉma (n.d.) [Live Action].md		name too garbled to recover safely
3	review-unrecoverable	12_Entertainment/Movie_List/Standard_Catalog/0548 - ShÔö╝├¼gun (1980).md		name too garbled to recover safely
3	review-unrecoverable	12_Entertainment/Movie_List/Standard_Catalog/2004 - RÔö£ÔîÉgion centrale, La (1971).md		name too garbled to recover safely
3	review-unrecoverable	12_Entertainment/Movie_List/Standard_Catalog/1148 - 81╬ô├╝├ñ2 (1963).md		name too garbled to recover safely
3	review-unrecoverable	12_Entertainment/Movie_List/Standard_Catalog/0301 - Lola MontÔö£┬┐s (1955) [Live Action].md		name too garbled to recover safely
3	review-unrecoverable	12_Entertainment/Movie_List/Standard_Catalog/1973 - NapolÔö£ÔîÉon (1927).md		name too garbled to recover safely
3	review-unrecoverable	12_Entertainment/Movie_List/Standard_Catalog/0852 - Belle et la bÔö£┬¼te, La (1946).md		name too garbled to recover safely
3	review-unrecoverable	12_Entertainment/Movie_List/Standard_Catalog/0881 - Marketa LazarovÔö£├¡ (1967).md		name too garbled to recover safely
3	review-unrecoverable	12_Entertainment/Movie_List/Standard_Catalog/1474 - Ôö£├ç nos amours (1983).md		name too garbled to recover safely
3	review-unrecoverable	12_Entertainment/Movie_List/Standard_Catalog/0137 - The EmperorÔÇÖs New Groove (2000) [F43FC2B481].md		name too garbled to recover safely
3	review-unrecoverable	12_Entertainment/Movie_List/Standard_Catalog/0639 - Workers Leaving the LumiÔö£┬┐re Factory (1895).md		name too garbled to recover safely
3	review-unrecoverable	12_Entertainment/Movie_List/Standard_Catalog/1444 - HÔö£├▒xan (1922).md		name too garbled to recover safely
3	review-unrecoverable	12_Entertainment/Movie_List/Standard_Catalog/1441 - Masculin fÔö£ÔîÉminin (1966).md		name too garbled to recover safely
3	review-unrecoverable	12_Entertainment/Movie_List/Standard_Catalog/1195 - Mon oncle d'AmÔö£ÔîÉrique (1980).md		name too garbled to recover safely
3	review-unrecoverable	12_Entertainment/Movie_List/Standard_Catalog/0862 - PlÔö£├¡cido (1961).md		name too garbled to recover safely
3	review-unrecoverable	12_Entertainment/Movie_List/Standard_Catalog/0255 - TÔö£├¡r (2022).md		name too garbled to recover safely
3	review-unrecoverable	12_Entertainment/Movie_List/Standard_Catalog/0773 - The King├ö├ç├ûs Speech (2010) [Live Action].md		name too garbled to recover safely
3	review-unrecoverable	12_Entertainment/Movie_List/Standard_Catalog/1119 - Y Tu MamÔö£├¡ TambiÔö£ÔîÉn (2001).md		name too garbled to recover safely
3	review-unrecoverable	12_Entertainment/Movie_List/Standard_Catalog/1639 - CÔö£ÔîÉline and Julie Go Boating (1974).md		name too garbled to recover safely
3	review-unrecoverable	12_Entertainment/Movie_List/Standard_Catalog/1258 - Ôö£├®ge d'or, L' (1930).md		name too garbled to recover safely
3	review-unrecoverable	12_Entertainment/Movie_List/Standard_Catalog/0960 - SÔö£├¡tÔö£├¡ntangÔö£Ôöé (1994) [Live Action].md		name too garbled to recover safely
3	review-unrecoverable	12_Entertainment/Movie_List/Standard_Catalog/2061 - LÔö£ÔîÉon (1994).md		name too garbled to recover safely
3	review-unrecoverable	12_Entertainment/Movie_List/Master_List/(1,000) Amazing Movies!┬¡ãÆ├ä├æ┬¡ãÆ├ä┬¢┬¡ãÆ├ä┬╝┬¡ãÆ├¼ÔöÉ┬¡ãÆ├äãÆ┬┤┬®├à┬¡ãÆ├¼ÔöÉ┬¡ãÆ├ä┬╝┬¡ãÆ├ä┬¢┬¡ãÆ├┤┬ó┬┤┬®├à (3).md		name too garbled to recover safely
3	review-unrecoverable	12_Entertainment/Movie_List/Master_List/Movie listt ÔëíãÆ├┤┬Ñ.md		name too garbled to recover safely
3	review-unrecoverable	12_Entertainment/Atlas_Earth/┬Ñ_Folder two_Atlas_Guides_Start Here ÔÇö GraphFirst Productivity Vault (v3).md		name too garbled to recover safely
3	review-unrecoverable	12_Entertainment/Atlas_Earth/┬Ñ_Folder two_Atlas_Guides_Style Settings ÔÇö Quick Tweaks.md		name too garbled to recover safely
3	review-unrecoverable	12_Entertainment/Atlas_Earth/┬Ñ_Folder two_Atlas_Guides_Practice switching Graph filters (Active Ôåö Tasks Ôåö Projects).md		name too garbled to recover safely
3	review-unrecoverable	09_Legal_Contracts_Insurance_Housing/General/2023ÔÇô2024 Calendar Updated 4.18.23 1 (pdf) [1A8912A8F8].md		name too garbled to recover safely
3	review-unrecoverable	09_Legal_Contracts_Insurance_Housing/General/Revision Mandate for the Universal Codex_ Definitive Edition (pdf) [late] Ôùë_Varidis Quo_Library_Reference Library_Library o.md		name too garbled to recover safely
3	review-unrecoverable	09_Legal_Contracts_Insurance_Housing/General/Registration Receipt Card (Form I-551)1. U.S. Passport or U.S. Passport Card (pdf) [late] Ôùë_Varidis Quo_Library_Reference L.md		name too garbled to recover safely
3	review-unrecoverable	09_Legal_Contracts_Insurance_Housing/General/6170249-06152023021357238-84202625-NewBusiness-1_230615_133822 (pdf) [late] Ôùë_Varidis Quo_Library_Reference Library_Library.md		name too garbled to recover safely
3	review-unrecoverable	09_Legal_Contracts_Insurance_Housing/General/2023ÔÇô2024 Calendar Updated 4.18.23 1 (pdf).md		name too garbled to recover safely
3	review-unrecoverable	09_Legal_Contracts_Insurance_Housing/Contracts_Agreements/Sharpening Brand ÔÇô Naming Analysis & Recommendation (pdf) [62CCBD3829].md		name too garbled to recover safely
3	review-unrecoverable	09_Legal_Contracts_Insurance_Housing/Contracts_Agreements/2023ÔÇô2024 Calendar Updated 4.18.23 1 (pdf) [DB6F9482F3].md		name too garbled to recover safely
3	review-unrecoverable	07_Thomas_Persona/General/ThomasÔÇÖs Influence Atlas_ Extracted Influence Set and Source Compendium.md		name too garbled to recover safely
3	review-unrecoverable	07_Thomas_Persona/General/ThomasÔÇÖs Influence Atlas_ Extracted Influence Set _260217_134757 [55392173B2].md		name too garbled to recover safely
3	review-unrecoverable	07_Thomas_Persona/General/ThomasÔÇÖs Influence Atlas_ Extracted Influence Set and Source Compendium [B2FC43CD68].md		name too garbled to recover safely
3	review-unrecoverable	07_Thomas_Persona/General/ThomasÔÇÖs Influence Atlas_ Extracted Influence Set _260217_134757.md		name too garbled to recover safely
3	review-unrecoverable	98_Misc/PDF_References_Unsorted/Guide To Dominating Poplin As A Laundry Pro ­ƒù║´©Å (pdf) [1A1FDB4EC1].md		name too garbled to recover safely
3	review-unrecoverable	98_Misc/PDF_References_Unsorted/The Ultimate Notion Playbook for Personal Productivity guide ­ƒù║´©Å (pdf) [CE27DC2E37].md		name too garbled to recover safely
3	review-unrecoverable	60_MOCs/Hubs/╬ô├£├¡ Zettelkasten Hub.md		name too garbled to recover safely
3	review-unrecoverable	60_MOCs/Hubs/ÔëíãÆ├à┬ó Life Archive Hub ÔëíãÆ├à┬ó.md		name too garbled to recover safely
3	review-unrecoverable	60_MOCs/Other_MOCs/MOC - Appendix K - Compendium of Metaphysical Entities and Anomalous Experiences (Abridged) [late] Ôùë_Varidis Quo_Documents_.md		name too garbled to recover safely
3	review-unrecoverable	15_Writing_Literature/General/Note Clipped, rewrite based off Thomas's character model liberal interpretation chat GPT (pdf) [late] Ôùë_Varidis Quo_Library.md		name too garbled to recover safely
3	review-unrecoverable	15_Writing_Literature/General/Backrooms Levels 0ÔÇô99 Reference Guide (pdf) [7E617C608E].md		name too garbled to recover safely
3	review-unrecoverable	15_Writing_Literature/General/Universal_Codex_Ontology_of_the_Void_IDEAS_ONLY_SPEECHIFY_ULTRACLEAN_V2 (pdf) [late] Ôùë_Varidis Quo_Library_Reference Librar.md		name too garbled to recover safely
3	review-unrecoverable	15_Writing_Literature/General/Backrooms Levels 0ÔÇô100 Reference Guide (pdf) [D45130C81E].md		name too garbled to recover safely
3	review-unrecoverable	15_Writing_Literature/Courtesy_Required_Book_Series/The Courtesy Key ÔÇö 12-Episode Audio Adaptation.md		name too garbled to recover safely
3	review-unrecoverable	15_Writing_Literature/Courtesy_Required_Book_Series/The Courtesy Key ÔÇö 12-Episode Audio Adaptation [129A097B14].md		name too garbled to recover safely
3	review-unrecoverable	05_AI_Tools_and_Guides/General/Structural_Generosity_12_Improved_Prompts ÔÜ¬.md		name too garbled to recover safely
3	review-unrecoverable	05_AI_Tools_and_Guides/General/The High WatcherÔÇÖs Definitive Audit ÔÇö Master Prompt (Absurdly Exhaustive Edition) (pdf) [late] Library_Reference Library_.md		name too garbled to recover safely
3	review-unrecoverable	05_AI_Tools_and_Guides/General/ChatGPT Pro Comprehensive Guide (Web App & Advanced Features) ­ƒù║´©Å.md		name too garbled to recover safely
3	review-unrecoverable	05_AI_Tools_and_Guides/General/Structural_Generosity_12_Improved_Prompts ╬ô├£┬¼.md		name too garbled to recover safely
3	review-unrecoverable	05_AI_Tools_and_Guides/General/A BeginnerÔÇÖs Guide To Apis And Using ChatGPT With Obsidian (pdf) [89395C8358].md		name too garbled to recover safely
3	review-unrecoverable	05_AI_Tools_and_Guides/General/Structural_Generosity_12_Improved_Prompts ÔÜ¬ [311DB743FF].md		name too garbled to recover safely
3	review-unrecoverable	05_AI_Tools_and_Guides/General/The Ultimate Notion Playbook for Personal Productivity guide ­ƒù║´©Å (pdf).md		name too garbled to recover safely
3	review-unrecoverable	05_AI_Tools_and_Guides/PDF_References/The High WatcherÔÇÖs Definitive Audit ÔÇö Master Prompt (Absurdly Exhaustive Edition) (pdf) [034E33D92E].md		name too garbled to recover safely
3	review-unrecoverable	05_AI_Tools_and_Guides/PDF_References/A BeginnerÔÇÖs Guide To Apis And Using ChatGPT With Obsidian (pdf) [C9A07C1DF7].md		name too garbled to recover safely
3	review-unrecoverable	16_Personal_NSFW/Sissy core­ƒÆï (pdf) [259150C458].md		name too garbled to recover safely
3	review-unrecoverable	16_Personal_NSFW/­ƒÄÇ­ƒî©Sissy­ƒÆä­ƒÄÇLove­ƒæá­ƒî©­ƒÆùUniverse­ƒæù­ƒÆò­ƒÆä 1 (pdf) [505DF1B779].md		name too garbled to recover safely
3	review-unrecoverable	16_Personal_NSFW/Sissy core├░ (pdf).md		name too garbled to recover safely
3	review-unrecoverable	16_Personal_NSFW/General/­ƒÄÇ­ƒî©Sissy­ƒÆä­ƒÄÇLove­ƒæá­ƒî©­ƒÆùUniverse­ƒæù­ƒÆò­ƒÆä [0B4CA3F1E5].md		name too garbled to recover safely
3	review-unrecoverable	16_Personal_NSFW/General/ÔëíãÆ├ä├çÔëíãÆ├«ÔòòSissyÔëíãÆ├å├ñÔëíãÆ├ä├çLoveÔëíãÆ├ª├íÔëíãÆ├«ÔòòÔëíãÆ├å├╣UniverseÔëíãÆ├ª├╣ÔëíãÆ├å├▓ÔëíãÆ├å├ñ_CENSORED_V2.md		name too garbled to recover safely
3	review-unrecoverable	16_Personal_NSFW/General/ÔëíãÆ├ä├çÔëíãÆ├«ÔòòSissyÔëíãÆ├å├ñÔëíãÆ├ä├çLoveÔëíãÆ├ª├íÔëíãÆ├«ÔòòÔëíãÆ├å├╣UniverseÔëíãÆ├ª├╣ÔëíãÆ├å├▓ÔëíãÆ├å├ñ 1.md		name too garbled to recover safely
3	review-unrecoverable	16_Personal_NSFW/General/­ƒÄÇ­ƒî©Sissy­ƒÆä­ƒÄÇLove­ƒæá­ƒî©­ƒÆùUniverse­ƒæù­ƒÆò­ƒÆä.md		name too garbled to recover safely
3	review-unrecoverable	16_Personal_NSFW/General/ÔëíãÆ├ä├çÔëíãÆ├«ÔòòSissyÔëíãÆ├å├ñÔëíãÆ├ä├çLoveÔëíãÆ├ª├íÔëíãÆ├«ÔòòÔëíãÆ├å├╣UniverseÔëíãÆ├ª├╣ÔëíãÆ├å├▓ÔëíãÆ├å├ñ_CENSORED_V3_ULT.md		name too garbled to recover safely
3	review-unrecoverable	16_Personal_NSFW/General/ÔëíãÆ├ä├çÔëíãÆ├«ÔòòSissyÔëíãÆ├å├ñÔëíãÆ├ä├çLoveÔëíãÆ├ª├íÔëíãÆ├«ÔòòÔëíãÆ├å├╣UniverseÔëíãÆ├ª├╣ÔëíãÆ├å├▓ÔëíãÆ├å├ñ_CENSORED.md		name too garbled to recover safely
3	review-unrecoverable	16_Personal_NSFW/General/Sissy core­ƒÆï (pdf) [7CA1CFE074].md		name too garbled to recover safely
3	review-unrecoverable	16_Personal_NSFW/General/Sissy core├░ (pdf) [D5CDDECF0E].md		name too garbled to recover safely
3	review-unrecoverable	16_Personal_NSFW/General/­ƒÄÇ­ƒî©Sissy­ƒÆä­ƒÄÇLove­ƒæá­ƒî©­ƒÆùUniverse­ƒæù­ƒÆò­ƒÆä 1 (pdf) [FDB290175A].md		name too garbled to recover safely
3	review-unrecoverable	02_Business_Gig_Work_and_Careers/General/ultimate-guide-maximizing-profits-doordash ­ƒù║´©Å.md		name too garbled to recover safely
3	review-unrecoverable	02_Business_Gig_Work_and_Careers/General/Mega Master Gig Compendium ÔÇô Expanded Guide (tiers S Through D) (pdf) [late] Ôùë_Varidis Quo_Library_Reference Library_Libr.md		name too garbled to recover safely
3	review-unrecoverable	02_Business_Gig_Work_and_Careers/General/Dumpling gig for Utah Guide ­ƒù║´©Å [619D093650].md		name too garbled to recover safely
3	review-unrecoverable	02_Business_Gig_Work_and_Careers/General/Dumpling gig for Utah Guide ­ƒù║´©Å [72802A72CF].md		name too garbled to recover safely
3	review-unrecoverable	02_Business_Gig_Work_and_Careers/General/Skipcart Driver Field Guide ÔÇô Maximizing Earnings And Efficiency (pdf).md		name too garbled to recover safely
3	review-unrecoverable	02_Business_Gig_Work_and_Careers/General/Logistics Launchpad ├óÔé¼ÔÇ£ Gig Strategy & Long-Term Plan.md		name too garbled to recover safely
3	review-unrecoverable	02_Business_Gig_Work_and_Careers/General/Skipcart Driver Field Guide ÔÇô Maximizing Earnings And Efficiency (pdf) [late] Ôùë_Varidis Quo_Library_Reference Library_Lib.md		name too garbled to recover safely
3	review-unrecoverable	02_Business_Gig_Work_and_Careers/General/Guide to succeeding with AmRide ­ƒù║´©Å [23E89E799F].md		name too garbled to recover safely
3	review-unrecoverable	02_Business_Gig_Work_and_Careers/General/Skipcart Driver Field Guide ÔÇô Maximizing Earnings and Efficiency (1).md		name too garbled to recover safely
3	review-unrecoverable	02_Business_Gig_Work_and_Careers/General/Maximizing Your Income With Amride In Utah The Ultimate Success Strategy (pdf) [late] Ôùë_Varidis Quo_Library_Reference Libra.md		name too garbled to recover safely
3	review-unrecoverable	02_Business_Gig_Work_and_Careers/General/Dumpling gig for Utah Guide ­ƒù║´©Å [2C9E92FD73].md		name too garbled to recover safely
3	review-unrecoverable	02_Business_Gig_Work_and_Careers/General/Dumpling gig for Utah Guide ­ƒù║´©Å [DDB3883BF4].md		name too garbled to recover safely
3	review-unrecoverable	02_Business_Gig_Work_and_Careers/General/Guide to Becoming a Successful Goshare Driver ­ƒù║´©Å [7F290F81A3].md		name too garbled to recover safely
3	review-unrecoverable	02_Business_Gig_Work_and_Careers/General/Dumpling gig for Utah Guide ­ƒù║´©Å [1B204644C3].md		name too garbled to recover safely
3	review-unrecoverable	02_Business_Gig_Work_and_Careers/General/Audio Fiction Platforms - Monetization and Success Strategies (pdf) [late] Ôùë_Varidis Quo_Library_Reference Library_Library .md		name too garbled to recover safely
3	review-unrecoverable	02_Business_Gig_Work_and_Careers/General/Skipcart Driver Field Guide ÔÇô Maximizing Earnings And Efficiency (1) 1 (pdf).md		name too garbled to recover safely
3	review-unrecoverable	02_Business_Gig_Work_and_Careers/General/Guide to succeeding with AmRide ­ƒù║´©Å [2A0F2F09B6].md		name too garbled to recover safely
3	review-unrecoverable	02_Business_Gig_Work_and_Careers/General/Side income ideas ­ƒÆí.md		name too garbled to recover safely
3	review-unrecoverable	02_Business_Gig_Work_and_Careers/General/Ultimate Game Plan for Financial Success on TaskRabbit ÔëíãÆ├╣ÔòæÔê®Ôòò├à.md		name too garbled to recover safely
3	review-unrecoverable	02_Business_Gig_Work_and_Careers/General/Logistics Playbook Becoming An Ultra Wealthy Dumpling Driver In Utah (pdf) [late] Ôùë_Varidis Quo_Library_Reference Library_L.md		name too garbled to recover safely
3	review-unrecoverable	02_Business_Gig_Work_and_Careers/General/Ultimate-Guide-Maximizing-Profits-Doordash ­ƒù║´©Å [81F02170CC].md		name too garbled to recover safely
3	review-unrecoverable	02_Business_Gig_Work_and_Careers/General/Side income ideas ­ƒÆí [0161015DAB].md		name too garbled to recover safely
3	review-unrecoverable	02_Business_Gig_Work_and_Careers/General/Dumpling gig for Utah Guide ­ƒù║´©Å [CF3D1EF60E].md		name too garbled to recover safely
3	review-unrecoverable	02_Business_Gig_Work_and_Careers/General/Guide to succeeding with AmRide ­ƒù║´©Å.md		name too garbled to recover safely
3	review-unrecoverable	02_Business_Gig_Work_and_Careers/General/Guide to Becoming a Successful Goshare Driver ­ƒù║´©Å [84F685739E].md		name too garbled to recover safely
3	review-unrecoverable	02_Business_Gig_Work_and_Careers/General/Guide to Becoming a Successful Goshare Driver ­ƒù║´©Å [878CFD06BB].md		name too garbled to recover safely
3	review-unrecoverable	02_Business_Gig_Work_and_Careers/General/Mega Master Gig Compendium ÔÇô Expanded Guide (tiers S Through D) (pdf).md		name too garbled to recover safely
3	review-unrecoverable	02_Business_Gig_Work_and_Careers/General/Reform side hustle review sheet idea ­ƒÆí.md		name too garbled to recover safely
3	review-unrecoverable	02_Business_Gig_Work_and_Careers/General/Guide To Dominating Poplin As A Laundry Pro ­ƒù║´©Å (pdf) [C2748FC0BA].md		name too garbled to recover safely
3	review-unrecoverable	02_Business_Gig_Work_and_Careers/General/ultimate-guide-maximizing-profits-doordash ­ƒù║´©Å [6D21D05167].md		name too garbled to recover safely
3	review-unrecoverable	02_Business_Gig_Work_and_Careers/General/ultimate-guide-maximizing-profits-doordash ­ƒù║´©Å [3407A4BAB6].md		name too garbled to recover safely
3	review-unrecoverable	02_Business_Gig_Work_and_Careers/General/Skipcart Driver Field Guide ÔÇô Maximizing Earnings And Efficiency (1) 1 (pdf) [late] Ôùë_Varidis Quo_Library_Reference Libra.md		name too garbled to recover safely
3	review-unrecoverable	02_Business_Gig_Work_and_Careers/General/Guide to succeeding with AmRide ­ƒù║´©Å [1F8E0504FB].md		name too garbled to recover safely
3	review-unrecoverable	02_Business_Gig_Work_and_Careers/General/Guide to succeeding with AmRide ­ƒù║´©Å [5ABF337E26].md		name too garbled to recover safely
3	review-unrecoverable	02_Business_Gig_Work_and_Careers/General/Dumpling gig for Utah Guide ­ƒù║´©Å [816A3C27B8].md		name too garbled to recover safely
3	review-unrecoverable	02_Business_Gig_Work_and_Careers/General/Guide to Becoming a Successful Goshare Driver ­ƒù║´©Å.md		name too garbled to recover safely
3	review-unrecoverable	02_Business_Gig_Work_and_Careers/General/Guide to succeeding with AmRide ­ƒù║´©Å [21919A22F4].md		name too garbled to recover safely
3	review-unrecoverable	02_Business_Gig_Work_and_Careers/General/Reform side hustle review sheet idea ­ƒÆí [3A65D240A9].md		name too garbled to recover safely
3	review-unrecoverable	02_Business_Gig_Work_and_Careers/General/AmRide action plan checklist ÔëíãÆ├┤┬Ñ.md		name too garbled to recover safely
3	review-unrecoverable	02_Business_Gig_Work_and_Careers/General/Dumpling gig for Utah Guide ­ƒù║´©Å.md		name too garbled to recover safely
3	review-unrecoverable	02_Business_Gig_Work_and_Careers/General/Guide to Becoming a Successful Goshare Driver ­ƒù║´©Å [A6C23AFE3F].md		name too garbled to recover safely
3	review-unrecoverable	02_Business_Gig_Work_and_Careers/General/Ultimate Game Plan for Financial Success on TaskRabbit ­ƒù║´©Å.md		name too garbled to recover safely
3	review-unrecoverable	02_Business_Gig_Work_and_Careers/General/Guide to Becoming a Successful Goshare Driver ­ƒù║´©Å [EE8125108F].md		name too garbled to recover safely
3	review-unrecoverable	02_Business_Gig_Work_and_Careers/General/Skipcart Driver Field Guide ÔÇô Maximizing Earnings and Efficiency (1) [0831C507DD].md		name too garbled to recover safely
3	review-unrecoverable	02_Business_Gig_Work_and_Careers/General/Guide to Becoming a Successful Goshare Driver ­ƒù║´©Å [D3A59581F9].md		name too garbled to recover safely
3	review-unrecoverable	02_Business_Gig_Work_and_Careers/General/Guide to succeeding with AmRide ­ƒù║´©Å [89D7F6DE31].md		name too garbled to recover safely
3	review-unrecoverable	02_Business_Gig_Work_and_Careers/General/Side income ideas ­ƒÆí [AF029E4DC7].md		name too garbled to recover safely
3	review-unrecoverable	02_Business_Gig_Work_and_Careers/General/Gig Economy ╬ô├£┬¼.md		name too garbled to recover safely
3	review-unrecoverable	02_Business_Gig_Work_and_Careers/General/Guide To Dominating Poplin As A Laundry Pro ­ƒù║´©Å (pdf).md		name too garbled to recover safely
3	review-unrecoverable	02_Business_Gig_Work_and_Careers/General/ultimate-guide-maximizing-profits-doordash ­ƒù║´©Å [1F893849A6].md		name too garbled to recover safely
3	review-unrecoverable	02_Business_Gig_Work_and_Careers/General/Ultimate-Guide-Maximizing-Profits-Doordash ­ƒù║´©Å [F62C144467].md		name too garbled to recover safely
3	review-unrecoverable	02_Business_Gig_Work_and_Careers/General/Dumpling gig for Utah Guide ­ƒù║´©Å [827408D58D].md		name too garbled to recover safely
3	review-unrecoverable	02_Business_Gig_Work_and_Careers/General/Ultimate Game Plan for Financial Success on TaskRabbit ­ƒù║´©Å [0A25D3F4EA].md		name too garbled to recover safely
3	review-unrecoverable	02_Business_Gig_Work_and_Careers/General/ultimate-guide-maximizing-profits-doordash ­ƒù║´©Å [23E349C3E1].md		name too garbled to recover safely
3	review-unrecoverable	02_Business_Gig_Work_and_Careers/General/ultimate-guide-maximizing-profits-doordash ­ƒù║´©Å [966CA123EE].md		name too garbled to recover safely
3	review-unrecoverable	02_Business_Gig_Work_and_Careers/General/Guide to succeeding with AmRide ­ƒù║´©Å [D055A4F61E].md		name too garbled to recover safely
3	review-unrecoverable	02_Business_Gig_Work_and_Careers/General/Ultimate Game Plan for Financial Success on TaskRabbit ­ƒù║´©Å [8D4673B7D9].md		name too garbled to recover safely
3	review-unrecoverable	02_Business_Gig_Work_and_Careers/PDF_References/Skipcart Driver Field Guide ÔÇô Maximizing Earnings And Efficiency (1) 1 (pdf) [93718FB45A].md		name too garbled to recover safely
3	review-unrecoverable	02_Business_Gig_Work_and_Careers/PDF_References/Skipcart Driver Field Guide ÔÇô Maximizing Earnings And Efficiency (pdf) [CF3862EB79].md		name too garbled to recover safely
3	review-unrecoverable	02_Business_Gig_Work_and_Careers/PDF_References/Mega Master Gig Compendium ÔÇô Expanded Guide (tiers S Through D) (pdf) [5870C12754].md		name too garbled to recover safely
3	review-unrecoverable	03_Finance_Taxes_and_Loans/Ibvconsent 5475e1ebb65d3bc4e56aa8a3dec21c151e786690a66ff31f79b71e995933ae3c (pdf) [late] Ôùë_Varidis Quo_Library_Reference Li.md		name too garbled to recover safely
3	review-unrecoverable	03_Finance_Taxes_and_Loans/PayPal Transactions (Aug - Nov) ­ƒÆ▓ (pdf).md		name too garbled to recover safely
3	review-unrecoverable	03_Finance_Taxes_and_Loans/High-Cost Loan Priority Table­ƒÆ▓ [E903B37CD7].md		name too garbled to recover safely
3	review-unrecoverable	03_Finance_Taxes_and_Loans/UCCU Bank statements ÔÜ¬.md		name too garbled to recover safely
3	review-unrecoverable	03_Finance_Taxes_and_Loans/Utah Valley University Densley, Thomas Keith - No 3420 - 2023-10-26 (pdf) [late] Ôùë_Varidis Quo_Library_Reference Library_Li.md		name too garbled to recover safely
3	review-unrecoverable	03_Finance_Taxes_and_Loans/JD Roofing vs. Three Brothers LLC ÔÇô Company Profiles and Fit for a 1099 Sales Rep (1).md		name too garbled to recover safely
3	review-unrecoverable	03_Finance_Taxes_and_Loans/UCCU Visa Statements (Aug - Oct) ­ƒÆ▓ (pdf).md		name too garbled to recover safely
3	review-unrecoverable	03_Finance_Taxes_and_Loans/financial statements ÔÜ¬ [9BFD0187A2].md		name too garbled to recover safely
3	review-unrecoverable	03_Finance_Taxes_and_Loans/UCCU Bank statements ÔÜ¬ [B082976199].md		name too garbled to recover safely
3	review-unrecoverable	03_Finance_Taxes_and_Loans/High-Cost Loan Priority Table­ƒÆ▓ [4B5CBAE721].md		name too garbled to recover safely
3	review-unrecoverable	03_Finance_Taxes_and_Loans/UCCU Visa Statements (Aug - Oct) ­ƒÆ▓ [73ABD51C15].md		name too garbled to recover safely
3	review-unrecoverable	03_Finance_Taxes_and_Loans/UCCU bank statements (Jan - Nov) ­ƒÆ▓ (pdf).md		name too garbled to recover safely
3	review-unrecoverable	03_Finance_Taxes_and_Loans/High-Cost Loan Priority TableÔëíãÆ├åÔûô.md		name too garbled to recover safely
3	review-unrecoverable	03_Finance_Taxes_and_Loans/Loan agreements ­ƒÆ▓.md		name too garbled to recover safely
3	review-unrecoverable	03_Finance_Taxes_and_Loans/Loan agreements ­ƒÆ▓ [C1068E5E1E].md		name too garbled to recover safely
3	review-unrecoverable	03_Finance_Taxes_and_Loans/Loan agreements ­ƒÆ▓ [EE1FD23DE8].md		name too garbled to recover safely
3	review-unrecoverable	03_Finance_Taxes_and_Loans/UCCU Visa Statements (Aug - Oct) ­ƒÆ▓.md		name too garbled to recover safely
3	review-unrecoverable	03_Finance_Taxes_and_Loans/High-Cost Loan Priority Table­ƒÆ▓ [D857D673C6].md		name too garbled to recover safely
3	review-unrecoverable	03_Finance_Taxes_and_Loans/UCCU bank statements (Jan - Nov) ­ƒÆ▓.md		name too garbled to recover safely
3	review-unrecoverable	03_Finance_Taxes_and_Loans/High Cost Loan Priority Table­ƒÆ▓ (pdf).md		name too garbled to recover safely
3	review-unrecoverable	03_Finance_Taxes_and_Loans/financial statements ÔÜ¬.md		name too garbled to recover safely
3	review-unrecoverable	03_Finance_Taxes_and_Loans/October 2025 bank statement (UCCU) ­ƒÆ▓.md		name too garbled to recover safely
3	review-unrecoverable	03_Finance_Taxes_and_Loans/High-Cost Loan Priority Table­ƒÆ▓.md		name too garbled to recover safely
3	review-unrecoverable	03_Finance_Taxes_and_Loans/High-Cost Loan Priority Table­ƒÆ▓ [595D0DDCA1].md		name too garbled to recover safely
3	review-unrecoverable	01_Business_Sharp_House_Solutions/General/My window Pricing Guide ­ƒù║´©Å [63C952CE9E].md		name too garbled to recover safely
3	review-unrecoverable	01_Business_Sharp_House_Solutions/General/My window Pricing Guide ­ƒù║´©Å.md		name too garbled to recover safely
3	review-unrecoverable	01_Business_Sharp_House_Solutions/General/Home Improvement Sales Opportunities Guide ­ƒù║´©Å [2624A96E89].md		name too garbled to recover safely
3	review-unrecoverable	01_Business_Sharp_House_Solutions/General/My window Pricing Guide ­ƒù║´©Å [BBBAF51472].md		name too garbled to recover safely
3	review-unrecoverable	01_Business_Sharp_House_Solutions/General/My window Pricing Guide ­ƒù║´©Å [9F283CA9DA].md		name too garbled to recover safely
3	review-unrecoverable	01_Business_Sharp_House_Solutions/General/Sharp_House_Solutions_Field_Operations_Manual (pdf) [late] Ôùë_Varidis Quo_Library_Reference Library_Library of Alexandri.md		name too garbled to recover safely
3	review-unrecoverable	01_Business_Sharp_House_Solutions/General/JD Roofing vs. Three Brothers LLC ÔÇô Company Profiles and Fit for a 1099 Sales Rep (pdf) [late] Ôùë_Varidis Quo_Library_Refe.md		name too garbled to recover safely
3	review-unrecoverable	01_Business_Sharp_House_Solutions/General/Home Improvement Sales Opportunities Guide ­ƒù║´©Å [0F5E653857].md		name too garbled to recover safely
3	review-unrecoverable	01_Business_Sharp_House_Solutions/General/Home Improvement Sales Opportunities Guide ­ƒù║´©Å [6E1E095C53].md		name too garbled to recover safely
3	review-unrecoverable	01_Business_Sharp_House_Solutions/General/JD Roofing vs. Three Brothers LLC ÔÇô Company Profiles and Fit for a 1099 Sales Rep (pdf).md		name too garbled to recover safely
3	review-unrecoverable	01_Business_Sharp_House_Solutions/General/Mobile Knife Sharpening Service ÔÇô Tactical Field Playbook (pdf) [FDE86EF44E].md		name too garbled to recover safely
3	review-unrecoverable	01_Business_Sharp_House_Solutions/General/My window Pricing Guide ­ƒù║´©Å [56FCC5CBE3].md		name too garbled to recover safely
3	review-unrecoverable	01_Business_Sharp_House_Solutions/General/My window Pricing Guide ÔëíãÆ├╣ÔòæÔê®Ôòò├à.md		name too garbled to recover safely
3	review-unrecoverable	01_Business_Sharp_House_Solutions/General/Home Improvement Sales Opportunities Guide ­ƒù║´©Å [918A52D767].md		name too garbled to recover safely
3	review-unrecoverable	01_Business_Sharp_House_Solutions/General/Home Improvement Sales Opportunities Guide ­ƒù║´©Å [86C8EEE691].md		name too garbled to recover safely
3	review-unrecoverable	01_Business_Sharp_House_Solutions/General/My window Pricing Guide ­ƒù║´©Å [0A40EB56FB].md		name too garbled to recover safely
3	review-unrecoverable	01_Business_Sharp_House_Solutions/General/Home Improvement Sales Opportunities Guide ­ƒù║´©Å.md		name too garbled to recover safely
3	review-unrecoverable	01_Business_Sharp_House_Solutions/General/Sharpening Brand ÔÇô Naming Analysis & Recommendation (pdf) [F15782E5AC].md		name too garbled to recover safely
3	review-unrecoverable	01_Business_Sharp_House_Solutions/General/My window Pricing Guide ­ƒù║´©Å [38889D60B9].md		name too garbled to recover safely
3	review-unrecoverable	01_Business_Sharp_House_Solutions/General/Home Improvement Sales Opportunities Guide ­ƒù║´©Å [245C99A547].md		name too garbled to recover safely
3	review-unrecoverable	01_Business_Sharp_House_Solutions/General/Home Improvement Sales Opportunities Guide ­ƒù║´©Å [C66C7AF8C9].md		name too garbled to recover safely
3	review-unrecoverable	01_Business_Sharp_House_Solutions/General/Sharpening Brand ÔÇô Naming Analysis & Recommendation (pdf).md		name too garbled to recover safely
3	review-unrecoverable	01_Business_Sharp_House_Solutions/General/Home Improvement Sales Opportunities Guide ­ƒù║´©Å [CA6710AD3E].md		name too garbled to recover safely
3	review-unrecoverable	01_Business_Sharp_House_Solutions/General/My window Pricing Guide ­ƒù║´©Å [FF497F4C53].md		name too garbled to recover safely
3	review-unrecoverable	01_Business_Sharp_House_Solutions/General/Mobile Knife Sharpening Service ÔÇô Tactical Field Playbook (pdf).md		name too garbled to recover safely
3	review-unrecoverable	01_Business_Sharp_House_Solutions/PDF_References/Mobile Knife Sharpening Service ÔÇô Tactical Field Playbook (pdf) [B4077771A6].md		name too garbled to recover safely
3	review-unrecoverable	06_Knowledge_Management_PKM/General/Obsidian Personal Operating System Guide ­ƒù║´©Å [17E83B1AB5].md		name too garbled to recover safely
3	review-unrecoverable	06_Knowledge_Management_PKM/General/╬ô├£├¡ Zettelkasten Hub ╬ô├£├¡.md		name too garbled to recover safely
3	review-unrecoverable	06_Knowledge_Management_PKM/General/Obsidian Personal Operating System Guide ­ƒù║´©Å [74BF35EBBC].md		name too garbled to recover safely
3	review-unrecoverable	06_Knowledge_Management_PKM/General/┬¡ãÆ├ª┬┐├ö├ç├¼┬¡ãÆ├ª┬«├ö├ç├¼┬¡ãÆ├ª┬║├ö├ç├¼┬¡ãÆ├ª┬¬ LYT Conference (OE) (Example).md		name too garbled to recover safely
3	review-unrecoverable	06_Knowledge_Management_PKM/General/A Beginner's Guide To APIs and Using Chat GPT with Obsidian ­ƒù║´©Å [C3D250FB1F].md		name too garbled to recover safely
3	review-unrecoverable	06_Knowledge_Management_PKM/General/A Beginner's Guide To APIs and Using Chat GPT with Obsidian ­ƒù║´©Å [CD940D4595].md		name too garbled to recover safely
3	review-unrecoverable	06_Knowledge_Management_PKM/General/┬¡ãÆ├ä├û┬┤┬®├à LYT Podcast (E) (Example).md		name too garbled to recover safely
3	review-unrecoverable	06_Knowledge_Management_PKM/General/ÔÜí Zettelkasten Hub ÔÜí.md		name too garbled to recover safely
3	review-unrecoverable	06_Knowledge_Management_PKM/General/A Beginner's Guide To APIs and Using Chat GPT with Obsidian ­ƒù║´©Å [E17FEC30E0].md		name too garbled to recover safely
3	review-unrecoverable	06_Knowledge_Management_PKM/General/┬¡ãÆ├ª┬┐┬¡ãÆ├àÔòù├ö├ç├¼┬¡ãÆ├à┬¢ LYT Workshops (OE) (Example) [8E7E68118D].md		name too garbled to recover safely
3	review-unrecoverable	06_Knowledge_Management_PKM/General/┬¡ãÆ├ª┬┐┬¡ãÆ├àÔòù├ö├ç├¼┬¡ãÆ├à┬¢ LYT Workshops (OE) (Example).md		name too garbled to recover safely
3	review-unrecoverable	06_Knowledge_Management_PKM/General/┬¡ãÆ├ª┬┐├ö├ç├¼┬¡ãÆ├ª┬«├ö├ç├¼┬¡ãÆ├ª┬║├ö├ç├¼┬¡ãÆ├ª┬¬ LYT Conference (OE) (Example) [8DCCECA0AB].md		name too garbled to recover safely
3	review-unrecoverable	06_Knowledge_Management_PKM/General/Obsidian Personal Operating System Guide ­ƒù║´©Å [BE25F4EB24].md		name too garbled to recover safely
3	review-unrecoverable	06_Knowledge_Management_PKM/General/Obsidian Personal Operating System Guide ­ƒù║´©Å [26E77E67F4].md		name too garbled to recover safely
3	review-unrecoverable	06_Knowledge_Management_PKM/General/A Beginner's Guide To APIs and Using Chat GPT with Obsidian ­ƒù║´©Å [8E0498E570].md		name too garbled to recover safely
3	review-unrecoverable	06_Knowledge_Management_PKM/General/A Beginner's Guide To APIs and Using Chat GPT with Obsidian ┬¡ãÆ├╣Ôòæ┬┤┬®├à.md		name too garbled to recover safely
3	review-unrecoverable	06_Knowledge_Management_PKM/General/┬¡ãÆ├ª┬┐┬¡ãÆ├àÔòù├ö├ç├¼┬¡ãÆ├à┬¢ LYT W12 Production (E) (Example).md		name too garbled to recover safely
3	review-unrecoverable	06_Knowledge_Management_PKM/General/┬¡ãÆ├┤Ôòú LYT Start Here, Again (E) (Example).md		name too garbled to recover safely
3	review-unrecoverable	06_Knowledge_Management_PKM/General/A Beginner's Guide To APIs and Using Chat GPT with Obsidian ­ƒù║´©Å.md		name too garbled to recover safely
3	review-unrecoverable	06_Knowledge_Management_PKM/General/A Beginner's Guide To APIs and Using Chat GPT with Obsidian ­ƒù║´©Å [AF3F1BD803].md		name too garbled to recover safely
3	review-unrecoverable	06_Knowledge_Management_PKM/General/Obsidian Personal Operating System Guide ­ƒù║´©Å [80F763844C].md		name too garbled to recover safely
3	review-unrecoverable	06_Knowledge_Management_PKM/General/┬¡ãÆ├ª┬┐├ö├ç├¼┬¡ãÆ├ª┬«├ö├ç├¼┬¡ãÆ├ª┬║├ö├ç├¼┬¡ãÆ├ª┬¬ LYT Conference (OE) (Example) [E2AB964094].md		name too garbled to recover safely
3	review-unrecoverable	06_Knowledge_Management_PKM/General/Obsidian Personal Operating System Guide ­ƒù║´©Å.md		name too garbled to recover safely
3	review-unrecoverable	06_Knowledge_Management_PKM/General/A Beginner's Guide To APIs and Using Chat GPT with Obsidian ­ƒù║´©Å [44D99F2D30].md		name too garbled to recover safely
3	review-unrecoverable	06_Knowledge_Management_PKM/General/┬¡ãÆ├ª┬┐┬¡ãÆ├àÔòù├ö├ç├¼┬¡ãÆ├à┬¢ LYT Workshops (OE) (Example) [11959C3D69].md		name too garbled to recover safely
3	summary	renamed=30	links_updated~=0	files_touched=0
5	safe-link-fix	targets=49	occ~=111	notes=66
5	review-queue	_LINK_REVIEW_2026-05-23.md	residual_targets=5849	dupbase=31
4	triage-collision	00_Inbox_Unsorted/temp7283208123228801779png SHARED (pdf).md		basename exists in target category; left for review
4	triage-collision	00_Inbox_Unsorted/Tranquil Wanderings Dream (pdf).md		basename exists in target category; left for review
4	triage-collision	00_Inbox_Unsorted/rcl-brochure-print (pdf) [871E1D1651].md		basename exists in target category; left for review
4	triage-collision	00_Inbox_Unsorted/the house on the borderlandnull_260208_191718 (pdf) [D2C559E62D].md		basename exists in target category; left for review
4	triage-collision	00_Inbox_Unsorted/temp780892444424618328pdf SHARED (pdf).md		basename exists in target category; left for review
4	triage-collision	00_Inbox_Unsorted/Taoist_Canon (pdf) [67F59E4BA4].md		basename exists in target category; left for review
4	triage-collision	00_Inbox_Unsorted/Rcl-Brochure-Print.md		basename exists in target category; left for review
4	triage-collision	00_Inbox_Unsorted/287ba5_2d1c30f08fb241f78419e1d9a896f354 (pdf).md		basename exists in target category; left for review
4	triage-collision	00_Inbox_Unsorted/00_Inbox_Unsorted.md		basename exists in target category; left for review
4	triage-collision	00_Inbox_Unsorted/The House On The Borderland [D708E9DEFF].md		basename exists in target category; left for review
4	triage-collision	00_Inbox_Unsorted/TaoistCanon.md		basename exists in target category; left for review
4	summary	moved=0	left=2286	
4	triage-queue	00_Inbox_Unsorted/_TRIAGE_REVIEW.md	remaining=2285	
3b	create-target	60_MOCs/MOC - Vault Index.md		MOC index; resolves 743 links
3b	create-target	60_MOCs/MOC - 11_Vehicles.md		MOC index; resolves 14 links
3b	create-target	60_MOCs/MOC - Life & Logistics.md		MOC index; resolves 16 links
3b	create-target	18_Tech_Reference/_System_Guides/ACT-A – Today dashboard.md		system-guide stub; resolves 27 links
3b	create-target	18_Tech_Reference/_System_Guides/ACT-F – Recovery and re-triage.md		system-guide stub; resolves 8 links
3b	create-target	60_MOCs/MOC - 14_Reading_Quotes_Philosophy.md		MOC index; resolves 22 links
3b	create-target	18_Tech_Reference/_System_Guides/SYS-N – Evidence interpretation speculation.md		system-guide stub; resolves 7 links
3b	create-target	60_MOCs/MOC - 21_Research_Papers.md		MOC index; resolves 3 links
3b	create-target	18_Tech_Reference/_System_Guides/ACT-G – Weekly execution map.md		system-guide stub; resolves 3 links
3b	create-target	18_Tech_Reference/_System_Guides/ACT-C – Waiting dashboard.md		system-guide stub; resolves 6 links
3b	create-target	18_Tech_Reference/_System_Guides/REF-A – Master reference list.md		system-guide stub; resolves 4 links
3b	create-target	60_MOCs/MOC - Intake & Archive.md		MOC index; resolves 9 links
3b	create-target	18_Tech_Reference/_System_Guides/REF-D – Quote safety heuristic.md		system-guide stub; resolves 5 links
3b	create-target	18_Tech_Reference/_System_Guides/SYS-J – Day one guide.md		system-guide stub; resolves 9 links
3b	create-target	18_Tech_Reference/_System_Guides/SYS-O – Advanced Graph View guide.md		system-guide stub; resolves 26 links
3b	create-target	18_Tech_Reference/_System_Guides/SYS-I – CSS system guide.md		system-guide stub; resolves 11 links
3b	create-target	18_Tech_Reference/_System_Guides/SYS-C – Graph legend.md		system-guide stub; resolves 16 links
3b	create-target	18_Tech_Reference/_System_Guides/SYS-G – Plugin strategy.md		system-guide stub; resolves 16 links
3b	create-target	18_Tech_Reference/_System_Guides/SYS-A – Vault constitution.md		system-guide stub; resolves 5 links
3b	create-target	18_Tech_Reference/_System_Guides/SYS-D – Link direction guide.md		system-guide stub; resolves 6 links
3b	create-target	18_Tech_Reference/_System_Guides/SYS-E – Sibling tag guide.md		system-guide stub; resolves 6 links
3b	create-target	18_Tech_Reference/_System_Guides/SYS-F – Task system guide.md		system-guide stub; resolves 12 links
3b	create-target	18_Tech_Reference/_System_Guides/SYS-P – Live vault and legacy archive.md		system-guide stub; resolves 13 links
3b	create-target	18_Tech_Reference/_System_Guides/SYS-Q – Container and AI context map.md		system-guide stub; resolves 5 links
3b	create-target	60_MOCs/MOC - 05_AI_Tools_and_Guides.md		MOC index; resolves 43 links
3b	create-target	40_Universal_Codex/Source - Universal Codex (Reinforced).md		source stub; resolves 2906 citations
3b	create-target	60_MOCs/MOC - Appendix K - Compendium of Metaphysical Entities and Anomalous Experiences (Abridged).md		MOC index; resolves 1 links
3b	create-target	60_MOCs/MOC - 02_Business_Gig_Work_and_Careers.md		MOC index; resolves 69 links
3b	create-target	60_MOCs/MOC - 12_Entertainment.md		MOC index; resolves 23 links
3b	create-target	18_Tech_Reference/_System_Guides/REF-B – Public domain only.md		system-guide stub; resolves 2 links
3b	create-target	60_MOCs/MOC - 07_Thomas_Persona.md		MOC index; resolves 17 links
3b	create-target	60_MOCs/MOC - 13_Tickets_Receipts_Travel.md		MOC index; resolves 6 links
3b	create-target	60_MOCs/MOC - 06_Knowledge_Management_PKM.md		MOC index; resolves 25 links
3b	create-target	60_MOCs/MOC - 22_Religion_Spiritual.md		MOC index; resolves 6 links
3b	create-target	60_MOCs/MOC - 20_Food_Menus.md		MOC index; resolves 5 links
3b	create-target	18_Tech_Reference/_System_Guides/SYS-L – Archive and cold storage.md		system-guide stub; resolves 7 links
3b	create-target	60_MOCs/MOC - 08_HR_Employment_and_Policies.md		MOC index; resolves 20 links
3b	create-target	18_Tech_Reference/_System_Guides/SYS-M – Graph triage guide.md		system-guide stub; resolves 13 links
3b	create-target	18_Tech_Reference/_System_Guides/ACT-B – Projects dashboard.md		system-guide stub; resolves 1 links
3b	create-target	18_Tech_Reference/_System_Guides/ACT-D – Deep work dashboard.md		system-guide stub; resolves 4 links
3b	create-target	18_Tech_Reference/_System_Guides/ACT-E – Reading dashboard.md		system-guide stub; resolves 3 links
3b	create-target	18_Tech_Reference/_System_Guides/REF-C – Reference intake guide.md		system-guide stub; resolves 1 links
3b	create-target	18_Tech_Reference/_System_Guides/SYS-B – ID grammar.md		system-guide stub; resolves 2 links
3b	create-target	18_Tech_Reference/_System_Guides/SYS-H – Source lifecycle.md		system-guide stub; resolves 2 links
3b	create-target	18_Tech_Reference/_System_Guides/SYS-K – Mobile use guide.md		system-guide stub; resolves 11 links
3b	create-target	18_Tech_Reference/_System_Guides/SYS-R – Runtime troubleshooting.md		system-guide stub; resolves 15 links
3b	create-target	18_Tech_Reference/_System_Guides/SYS-T – Recovery quick actions.md		system-guide stub; resolves 4 links
3b	create-target	18_Tech_Reference/_System_Guides/SYS-S – Runtime self-check.md		system-guide stub; resolves 4 links
3b	create-target	12_Entertainment/_Indexes/Genre - Fantasy.md		facet index; resolves 3 links
3b	create-target	12_Entertainment/_Indexes/Country - United States.md		facet index; resolves 7 links
3b	create-target	12_Entertainment/_Indexes/Rating - G.md		facet index; resolves 8 links
3b	create-target	12_Entertainment/_Indexes/Format - Live Action.md		facet index; resolves 6 links
3b	create-target	12_Entertainment/_Indexes/Section - English.md		facet index; resolves 36 links
3b	create-target	12_Entertainment/_Indexes/Section - Standard.md		facet index; resolves 36 links
3b	create-target	12_Entertainment/_Indexes/Color - Color.md		facet index; resolves 25 links
3b	create-target	12_Entertainment/_Indexes/Genre - Adventure.md		facet index; resolves 5 links
3b	create-target	12_Entertainment/_Indexes/Genre - Comedy.md		facet index; resolves 10 links
3b	create-target	12_Entertainment/_Indexes/Rating - R.md		facet index; resolves 20 links
3b	create-target	12_Entertainment/_Indexes/Rating - NR.md		facet index; resolves 7 links
3b	create-target	12_Entertainment/_Indexes/Genre - Romance.md		facet index; resolves 12 links
3b	create-target	12_Entertainment/_Indexes/Genre - Thriller.md		facet index; resolves 12 links
3b	create-target	12_Entertainment/_Indexes/Color - Black and White.md		facet index; resolves 11 links
3b	create-target	12_Entertainment/_Indexes/Genre - Drama.md		facet index; resolves 18 links
3b	create-target	12_Entertainment/_Indexes/Genre - Crime.md		facet index; resolves 4 links
3b	create-target	12_Entertainment/_Indexes/Genre - Action.md		facet index; resolves 5 links
3b	create-target	12_Entertainment/_Indexes/Genre - Horror.md		facet index; resolves 2 links
3b	summary	created=66	dangling_nonimg_occ=10203	was 14641
3c	variant-promoted	30_Pharmacopoeia/Functional/Ginkgo biloba (variant).md	30_Pharmacopoeia/Functional/Ginkgo biloba.md	real content 3256b merged into stub 1205b + banner kept
3c	variant-promoted	30_Pharmacopoeia/Functional/Nutmeg (variant).md	30_Pharmacopoeia/Functional/Nutmeg.md	real content 53253b merged into stub 949b + banner kept
3c	variant-promoted	30_Pharmacopoeia/Functional/Aconite (variant).md	30_Pharmacopoeia/Functional/Aconite.md	real content 4614b merged into stub 1219b + banner kept
3c	variant-promoted	30_Pharmacopoeia/Functional/Tobacco (variant).md	30_Pharmacopoeia/Functional/Tobacco.md	real content 38473b merged into stub 1095b + banner kept
3c	variant-promoted	30_Pharmacopoeia/Functional/Psilocybin (variant).md	30_Pharmacopoeia/Functional/Psilocybin.md	real content 6247b merged into stub 1514b + banner kept
3c	variant-promoted	30_Pharmacopoeia/Pneumatic/Sinicuichi (variant).md	30_Pharmacopoeia/Pneumatic/Sinicuichi.md	real content 179142b merged into stub 1200b + banner kept
3c	variant-promoted	30_Pharmacopoeia/Pneumatic/Salvia divinorum (variant).md	30_Pharmacopoeia/Pneumatic/Salvia divinorum.md	real content 30766b merged into stub 1116b + banner kept
3c	variant-promoted	30_Pharmacopoeia/Pneumatic/MDA (variant).md	30_Pharmacopoeia/Pneumatic/MDA.md	real content 17807b merged into stub 1404b + banner kept
3c	variant-promoted	30_Pharmacopoeia/Pneumatic/MDMA (variant).md	30_Pharmacopoeia/Pneumatic/MDMA.md	real content 4084b merged into stub 1290b + banner kept
3c	variant-promoted	30_Pharmacopoeia/Pneumatic/LSD (variant).md	30_Pharmacopoeia/Pneumatic/LSD.md	real content 5307b merged into stub 1210b + banner kept
3c	variant-promoted	30_Pharmacopoeia/Pneumatic/Iboga (variant).md	30_Pharmacopoeia/Pneumatic/Iboga.md	real content 8148b merged into stub 1187b + banner kept
3c	variant-promoted	30_Pharmacopoeia/Nutritional/Blue Lotus (variant).md	30_Pharmacopoeia/Nutritional/Blue Lotus.md	real content 4093b merged into stub 1013b + banner kept
3c	variant-promoted	30_Pharmacopoeia/Nutritional/Laurus nobilis (variant).md	30_Pharmacopoeia/Nutritional/Laurus nobilis.md	real content 5026b merged into stub 994b + banner kept
3c	variant-promoted	30_Pharmacopoeia/Nutritional/Galanthus nivalis (variant).md	30_Pharmacopoeia/Nutritional/Galanthus nivalis.md	real content 6896b merged into stub 1113b + banner kept
3c	variant-promoted	30_Pharmacopoeia/Chthonic/Atropa baetica (variant).md	30_Pharmacopoeia/Chthonic/Atropa baetica.md	real content 13633b merged into stub 1095b + banner kept
3c	variant-promoted	30_Pharmacopoeia/Chthonic/Datura (variant).md	30_Pharmacopoeia/Chthonic/Datura.md	real content 22863b merged into stub 1123b + banner kept
3c	variant-promoted	30_Pharmacopoeia/Chthonic/Atropa pallidiflora (variant).md	30_Pharmacopoeia/Chthonic/Atropa pallidiflora.md	real content 13635b merged into stub 1120b + banner kept
3c	variant-promoted	30_Pharmacopoeia/Chthonic/Atropa belladonna (variant).md	30_Pharmacopoeia/Chthonic/Atropa belladonna.md	real content 4327b merged into stub 1236b + banner kept
3c	variant-promoted	30_Pharmacopoeia/Chthonic/Henbane (variant).md	30_Pharmacopoeia/Chthonic/Henbane.md	real content 23259b merged into stub 1194b + banner kept
3c	variant-promoted	30_Pharmacopoeia/Chthonic/Mandrake (variant).md	30_Pharmacopoeia/Chthonic/Mandrake.md	real content 25395b merged into stub 1133b + banner kept
3c	variant-promoted	30_Pharmacopoeia/Chthonic/Brugmansia (variant).md	30_Pharmacopoeia/Chthonic/Brugmansia.md	real content 26764b merged into stub 1143b + banner kept
3c	variant-promoted	30_Pharmacopoeia/Chthonic/Belladonna (variant).md	30_Pharmacopoeia/Chthonic/Belladonna.md	real content 8068b merged into stub 1187b + banner kept
3c	create-concept	40_Universal_Codex/_concepts/philosophy.md		resolves 39 links
3c	create-concept	40_Universal_Codex/_concepts/misc.md		resolves 38 links
3c	create-concept	40_Universal_Codex/_concepts/advice.md		resolves 36 links
3c	create-concept	40_Universal_Codex/_concepts/truth.md		resolves 35 links
3c	create-concept	40_Universal_Codex/_concepts/love.md		resolves 35 links
3c	create-concept	40_Universal_Codex/_concepts/self.md		resolves 35 links
3c	create-concept	40_Universal_Codex/_concepts/learning.md		resolves 34 links
3c	create-concept	40_Universal_Codex/_concepts/foolishness.md		resolves 30 links
3c	create-concept	40_Universal_Codex/_concepts/time.md		resolves 18 links
3c	create-concept	40_Universal_Codex/_concepts/meaning.md		resolves 16 links
3c	create-concept	40_Universal_Codex/_concepts/growth.md		resolves 13 links
3c	create-concept	40_Universal_Codex/_concepts/art.md		resolves 12 links
3c	create-concept	40_Universal_Codex/_concepts/success.md		resolves 12 links
3c	create-concept	40_Universal_Codex/_concepts/life.md		resolves 12 links
3c	create-concept	40_Universal_Codex/_concepts/math.md		resolves 12 links
3c	create-concept	40_Universal_Codex/_concepts/power.md		resolves 11 links
3c	create-concept	40_Universal_Codex/_concepts/suffering.md		resolves 11 links
3c	create-concept	40_Universal_Codex/_concepts/nature.md		resolves 11 links
3c	create-concept	40_Universal_Codex/_concepts/parenting.md		resolves 10 links
3c	create-concept	40_Universal_Codex/_concepts/courage.md		resolves 10 links
3c	create-concept	40_Universal_Codex/_concepts/kindness.md		resolves 10 links
3c	create-concept	40_Universal_Codex/_concepts/health.md		resolves 10 links
3c	create-concept	40_Universal_Codex/_concepts/patience.md		resolves 8 links
3c	create-concept	40_Universal_Codex/_concepts/anger.md		resolves 8 links
3c	create-concept	40_Universal_Codex/_concepts/humility.md		resolves 8 links
3c	create-concept	40_Universal_Codex/_concepts/strategy.md		resolves 7 links
3c	create-concept	40_Universal_Codex/_concepts/work.md		resolves 7 links
3c	create-concept	40_Universal_Codex/_concepts/death.md		resolves 7 links
3c	create-concept	40_Universal_Codex/_concepts/music.md		resolves 7 links
3c	create-concept	40_Universal_Codex/_concepts/motivation.md		resolves 6 links
3c	create-concept	40_Universal_Codex/_concepts/faith.md		resolves 6 links
3c	create-concept	40_Universal_Codex/_concepts/hope.md		resolves 6 links
3c	create-concept	40_Universal_Codex/_concepts/discipline.md		resolves 4 links
3c	create-concept	40_Universal_Codex/_concepts/taoism.md		resolves 4 links
3c	create-concept	40_Universal_Codex/_concepts/war.md		resolves 4 links
3c	create-concept	40_Universal_Codex/_concepts/food.md		resolves 4 links
3c	create-concept	40_Universal_Codex/_concepts/finance.md		resolves 3 links
3c	create-concept	40_Universal_Codex/_concepts/gig work.md		resolves 3 links
3c	create-concept	40_Universal_Codex/_concepts/checklist.md		resolves 3 links
3c	create-concept	40_Universal_Codex/_concepts/money.md		resolves 3 links
3c	create-concept	40_Universal_Codex/_concepts/forgiveness.md		resolves 3 links
3c	create-concept	40_Universal_Codex/_concepts/failure.md		resolves 3 links
3c	create-concept	40_Universal_Codex/_concepts/freedom.md		resolves 3 links
3c	create-concept	40_Universal_Codex/_concepts/novel.md		resolves 2 links
3c	create-concept	40_Universal_Codex/_concepts/game plan.md		resolves 2 links
3c	create-concept	40_Universal_Codex/_concepts/films.md		resolves 2 links
3c	create-concept	40_Universal_Codex/_concepts/story.md		resolves 2 links
3c	create-concept	40_Universal_Codex/_concepts/cosmic horror.md		resolves 2 links
3c	create-concept	40_Universal_Codex/_concepts/book writing.md		resolves 2 links
3c	create-concept	40_Universal_Codex/_concepts/substances.md		resolves 1 links
3c	create-concept	40_Universal_Codex/_concepts/poetic.md		resolves 1 links
3c	create-concept	40_Universal_Codex/_concepts/guide.md		resolves 1 links
3c	create-concept	40_Universal_Codex/_concepts/personal.md		resolves 1 links
3c	create-concept	40_Universal_Codex/_concepts/sales.md		resolves 1 links
3c	create-concept	40_Universal_Codex/_concepts/doppelgangers.md		resolves 1 links
3c	create-concept	40_Universal_Codex/_concepts/backup codes.md		resolves 1 links
3c	create-concept	40_Universal_Codex/_concepts/abridged.md		resolves 1 links
3c	create-concept	40_Universal_Codex/_concepts/erotic.md		resolves 1 links
3c	create-concept	40_Universal_Codex/_concepts/road map.md		resolves 1 links
3c	create-concept	40_Universal_Codex/_concepts/reference guide.md		resolves 1 links
3c	create-concept	40_Universal_Codex/_concepts/honor.md		resolves 1 links
3c	create-concept	40_Universal_Codex/_concepts/list.md		resolves 1 links
3c	create-concept	40_Universal_Codex/_concepts/loans.md		resolves 1 links
3c	create-concept	40_Universal_Codex/_concepts/table.md		resolves 1 links
3c	inbox-route	00_Inbox_Unsorted/Protocol Zeta Starter Vault Guide.md	41_Veritas_Quo_Codex/_from_inbox/Protocol Zeta Starter Vault Guide.md	kw:protocol\ zeta
3c	inbox-route	00_Inbox_Unsorted/TSPDT_1000_Greatest_Films_Table.md	12_Entertainment/_from_inbox/TSPDT_1000_Greatest_Films_Table.md	kw:tspdt
3c	inbox-route	00_Inbox_Unsorted/Android App Folder Map & Prompts [557E056A5F].md	05_AI_Tools_and_Guides/_from_inbox/Android App Folder Map & Prompts [557E056A5F].md	kw:prompt
3c	inbox-route	00_Inbox_Unsorted/Canticle of the Flawed Equilibrium.md	15_Writing_Literature/_from_inbox/Canticle of the Flawed Equilibrium.md	kw:canticle
3c	inbox-route	00_Inbox_Unsorted/Movie_Sequels_With_Predecessors.md	12_Entertainment/_from_inbox/Movie_Sequels_With_Predecessors.md	kw:movie
3c	inbox-route	00_Inbox_Unsorted/Music idea YouTube 1 [244919A5BA].md	19_Music_Arts_Design/_from_inbox/Music idea YouTube 1 [244919A5BA].md	kw:\bmusic
3c	inbox-route	00_Inbox_Unsorted/Master kink list Ôö£Ôûæ___.md	16_Personal_NSFW/_from_inbox/Master kink list Ôö£Ôûæ___.md	kw: kink
3c	inbox-route	00_Inbox_Unsorted/Proofreading and Enrichment Report for Musical Entries Text File [8B60CF883A].md	19_Music_Arts_Design/_from_inbox/Proofreading and Enrichment Report for Musical Entries Text File [8B60CF883A].md	kw:\bmusic
3c	inbox-route	00_Inbox_Unsorted/PayPal Transactions (Aug - Nov) ­ƒÆ▓ [B2C1518344].md	03_Finance_Taxes_and_Loans/_from_inbox/PayPal Transactions (Aug - Nov) ­ƒÆ▓ [B2C1518344].md	kw:paypal
3c	inbox-route	00_Inbox_Unsorted/big quotes.md	14_Reading_Quotes_Philosophy/_from_inbox/big quotes.md	kw:\bquote
3c	inbox-route	00_Inbox_Unsorted/Very large quote list - deduped.md	14_Reading_Quotes_Philosophy/_from_inbox/Very large quote list - deduped.md	kw:\bquote
3c	inbox-route	00_Inbox_Unsorted/Doctor WhoComplete Episode Index [72A944DCAF].md	12_Entertainment/_from_inbox/Doctor WhoComplete Episode Index [72A944DCAF].md	kw:episode
3c	inbox-route	00_Inbox_Unsorted/Movie_Checklist_Numbered.md	12_Entertainment/_from_inbox/Movie_Checklist_Numbered.md	kw:movie
3c	inbox-route	00_Inbox_Unsorted/music_list_hierarchical_colorcoded_v9b.md	19_Music_Arts_Design/_from_inbox/music_list_hierarchical_colorcoded_v9b.md	kw:\bmusic
3c	inbox-route	00_Inbox_Unsorted/music_list_hierarchical_colorcoded_v9b [E885CDF81B].md	19_Music_Arts_Design/_from_inbox/music_list_hierarchical_colorcoded_v9b [E885CDF81B].md	kw:\bmusic
3c	inbox-route	00_Inbox_Unsorted/Business Cards - Mockup (Front and Back) [3CE4531142].md	01_Business_Sharp_House_Solutions/_from_inbox/Business Cards - Mockup (Front and Back) [3CE4531142].md	kw:business\ card
3c	inbox-route	00_Inbox_Unsorted/Folgezettel - 100a.1b Adds certain things....md	50_Implications_Zettelkasten/_from_inbox/Folgezettel - 100a.1b Adds certain things....md	kw:zettel
3c	inbox-route	00_Inbox_Unsorted/Folgezettel - 100a.1a But Also How It.md	50_Implications_Zettelkasten/_from_inbox/Folgezettel - 100a.1a But Also How It.md	kw:zettel
3c	inbox-route	00_Inbox_Unsorted/Collection of Quotes Reflections and Insights.md	14_Reading_Quotes_Philosophy/_from_inbox/Collection of Quotes Reflections and Insights.md	kw:\bquote
3c	inbox-route	00_Inbox_Unsorted/Music idea YouTube 1.md	19_Music_Arts_Design/_from_inbox/Music idea YouTube 1.md	kw:\bmusic
3c	inbox-route	00_Inbox_Unsorted/2Ôê®Ôòò├à╬ô├ó├║Second movie list2Ôê®Ôòò├à╬ô├ó├║.md	12_Entertainment/_from_inbox/2Ôê®Ôòò├à╬ô├ó├║Second movie list2Ôê®Ôòò├à╬ô├ó├║.md	kw:movie
3c	inbox-route	00_Inbox_Unsorted/vaults__veritys-quote___archive-governance__00_START_HERE__AI_NAVIGATION.md.md	14_Reading_Quotes_Philosophy/_from_inbox/vaults__veritys-quote___archive-governance__00_START_HERE__AI_NAVIGATION.md.md	kw:\bquote
3c	inbox-route	00_Inbox_Unsorted/Thomas_Densley_Sales_Resume (1) [8AB4793B90].md	02_Business_Gig_Work_and_Careers/_from_inbox/Thomas_Densley_Sales_Resume (1) [8AB4793B90].md	kw:resume
3c	inbox-route	00_Inbox_Unsorted/Illustrated Structural Epic Spread Prompts.md	05_AI_Tools_and_Guides/_from_inbox/Illustrated Structural Epic Spread Prompts.md	kw:prompt
3c	inbox-route	00_Inbox_Unsorted/Business Card - Logo Side (Mockup).md	01_Business_Sharp_House_Solutions/_from_inbox/Business Card - Logo Side (Mockup).md	kw:business\ card
3c	inbox-route	00_Inbox_Unsorted/T2_PLAN__Revised_100-Chapter_Plan__2026-01-25.md	15_Writing_Literature/_from_inbox/T2_PLAN__Revised_100-Chapter_Plan__2026-01-25.md	kw:\bchapter
3c	inbox-route	00_Inbox_Unsorted/high_watchers_definitive_audit_prompt [627B848748].md	05_AI_Tools_and_Guides/_from_inbox/high_watchers_definitive_audit_prompt [627B848748].md	kw:prompt
3c	inbox-route	00_Inbox_Unsorted/Inspection-Ready Edges with Budget Gear [7FF0F5A309].md	03_Finance_Taxes_and_Loans/_from_inbox/Inspection-Ready Edges with Budget Gear [7FF0F5A309].md	kw:budget
3c	inbox-route	00_Inbox_Unsorted/┬Ñ_Markdown_Notes_PKM_Loose_Lead Template ­ƒôï.md	06_Knowledge_Management_PKM/_from_inbox/┬Ñ_Markdown_Notes_PKM_Loose_Lead Template ­ƒôï.md	kw:pkm
3c	inbox-route	00_Inbox_Unsorted/quotes_dedup_no_squares_landscape_2col_5pt [4A4CC63678].md	14_Reading_Quotes_Philosophy/_from_inbox/quotes_dedup_no_squares_landscape_2col_5pt [4A4CC63678].md	kw:\bquote
3c	inbox-route	00_Inbox_Unsorted/Doctor Who - Complete Episode Index.md	12_Entertainment/_from_inbox/Doctor Who - Complete Episode Index.md	kw:episode
3c	inbox-route	00_Inbox_Unsorted/Personal Philosophy [90441926E4].md	14_Reading_Quotes_Philosophy/_from_inbox/Personal Philosophy [90441926E4].md	kw:philosophy
3c	inbox-route	00_Inbox_Unsorted/PKM_Overview_Pretty_Princess.md	06_Knowledge_Management_PKM/_from_inbox/PKM_Overview_Pretty_Princess.md	kw:pkm
3c	inbox-route	00_Inbox_Unsorted/Giant quote list 2 [0FAD9E3211].md	14_Reading_Quotes_Philosophy/_from_inbox/Giant quote list 2 [0FAD9E3211].md	kw:\bquote
3c	inbox-route	00_Inbox_Unsorted/music_list_hierarchical_colorcoded_v8b.md	19_Music_Arts_Design/_from_inbox/music_list_hierarchical_colorcoded_v8b.md	kw:\bmusic
3c	inbox-route	00_Inbox_Unsorted/Toyota Corolla Financing Statements (Aug - Oct) ­ƒÆ▓ [77FCF104B2].md	11_Vehicles/_from_inbox/Toyota Corolla Financing Statements (Aug - Oct) ­ƒÆ▓ [77FCF104B2].md	kw:corolla
3c	inbox-route	00_Inbox_Unsorted/Music List (Golden Record Edition) [741F5AA34A].md	19_Music_Arts_Design/_from_inbox/Music List (Golden Record Edition) [741F5AA34A].md	kw:\bmusic
3c	inbox-route	00_Inbox_Unsorted/Ideaverse Lite - Release Notes.md	09_Legal_Contracts_Insurance_Housing/_from_inbox/Ideaverse Lite - Release Notes.md	kw:lease
3c	inbox-route	00_Inbox_Unsorted/Business Cards - Mockup (Two Cards).md	01_Business_Sharp_House_Solutions/_from_inbox/Business Cards - Mockup (Two Cards).md	kw:business\ card
3c	inbox-route	00_Inbox_Unsorted/Thomas_Densley_Resume_v2.md	02_Business_Gig_Work_and_Careers/_from_inbox/Thomas_Densley_Resume_v2.md	kw:resume
3c	inbox-route	00_Inbox_Unsorted/TSPDT_1000_Part1_001-250.md	12_Entertainment/_from_inbox/TSPDT_1000_Part1_001-250.md	kw:tspdt
3c	inbox-route	00_Inbox_Unsorted/Music Library Refactor - Hierarchy Layout.md	19_Music_Arts_Design/_from_inbox/Music Library Refactor - Hierarchy Layout.md	kw:\bmusic
3c	inbox-route	00_Inbox_Unsorted/doctor_who_complete_episode_index_deluxe_v2.md	12_Entertainment/_from_inbox/doctor_who_complete_episode_index_deluxe_v2.md	kw:episode
3c	inbox-route	00_Inbox_Unsorted/Quotes_Batch_1_Full_1-200.md	14_Reading_Quotes_Philosophy/_from_inbox/Quotes_Batch_1_Full_1-200.md	kw:\bquote
3c	inbox-route	00_Inbox_Unsorted/Quotes_Doubled_Final.md	14_Reading_Quotes_Philosophy/_from_inbox/Quotes_Doubled_Final.md	kw:\bquote
3c	inbox-route	00_Inbox_Unsorted/Songs.md	19_Music_Arts_Design/_from_inbox/Songs.md	kw:\bsong
3c	inbox-route	00_Inbox_Unsorted/Prompt prompts for llms.md	05_AI_Tools_and_Guides/_from_inbox/Prompt prompts for llms.md	kw:prompt
3c	inbox-route	00_Inbox_Unsorted/Quote Compendium.md	14_Reading_Quotes_Philosophy/_from_inbox/Quote Compendium.md	kw:\bquote
3c	inbox-route	00_Inbox_Unsorted/Roofing price breakdown chart [ADF9D25A22].md	01_Business_Sharp_House_Solutions/_from_inbox/Roofing price breakdown chart [ADF9D25A22].md	kw:roofing
3c	inbox-route	00_Inbox_Unsorted/Collection of QuotesReflections & Insights.md	14_Reading_Quotes_Philosophy/_from_inbox/Collection of QuotesReflections & Insights.md	kw:\bquote
3c	inbox-route	00_Inbox_Unsorted/document_links.md	16_Personal_NSFW/_from_inbox/document_links.md	kw:cum
3c	inbox-route	00_Inbox_Unsorted/Reorganized Movie List Numbered Counts.md	12_Entertainment/_from_inbox/Reorganized Movie List Numbered Counts.md	kw:movie
3c	inbox-route	00_Inbox_Unsorted/Music_Library_Refactor_ELEGANT_COMPRESSED_REV7_260221_185338.md	19_Music_Arts_Design/_from_inbox/Music_Library_Refactor_ELEGANT_COMPRESSED_REV7_260221_185338.md	kw:\bmusic
3c	inbox-route	00_Inbox_Unsorted/THE HOUSE ON THE BORDERLAND (Short Story) [A4A1B55109].md	15_Writing_Literature/_from_inbox/THE HOUSE ON THE BORDERLAND (Short Story) [A4A1B55109].md	kw:\bstory
3c	inbox-route	00_Inbox_Unsorted/ÔëíãÆ├ä┬╝ Movie Runtimes List 1.md	12_Entertainment/_from_inbox/ÔëíãÆ├ä┬╝ Movie Runtimes List 1.md	kw:movie
3c	inbox-route	00_Inbox_Unsorted/Abridged Dante's inferno chat GPT alpha test [03101D52B0].md	05_AI_Tools_and_Guides/_from_inbox/Abridged Dante's inferno chat GPT alpha test [03101D52B0].md	kw: gpt 
3c	inbox-route	00_Inbox_Unsorted/Reorganized Movie List Partial 2.md	12_Entertainment/_from_inbox/Reorganized Movie List Partial 2.md	kw:movie
3c	inbox-route	00_Inbox_Unsorted/Enable CSS snippet GraphFirst Vault Identity (v3) [00FC99D208].md	18_Tech_Reference/_from_inbox/Enable CSS snippet GraphFirst Vault Identity (v3) [00FC99D208].md	kw:\bcss\b
3c	inbox-route	00_Inbox_Unsorted/Enable CSS snippet GraphFirst Vault Identity (v3).md	18_Tech_Reference/_from_inbox/Enable CSS snippet GraphFirst Vault Identity (v3).md	kw:\bcss\b
3c	inbox-route	00_Inbox_Unsorted/Here you go chat GPT exactly what you asked for [2BA89A8080].md	05_AI_Tools_and_Guides/_from_inbox/Here you go chat GPT exactly what you asked for [2BA89A8080].md	kw: gpt 
3c	inbox-route	00_Inbox_Unsorted/Toyota Corolla Financing Statements (Aug - Oct) ­ƒÆ▓.md	11_Vehicles/_from_inbox/Toyota Corolla Financing Statements (Aug - Oct) ­ƒÆ▓.md	kw:corolla
3c	inbox-route	00_Inbox_Unsorted/Folgezettel - 100b.1 And Long-term Rigidity.md	50_Implications_Zettelkasten/_from_inbox/Folgezettel - 100b.1 And Long-term Rigidity.md	kw:zettel
3c	inbox-route	00_Inbox_Unsorted/Abridged Dante's inferno chat GPT alpha test [CE365B1322].md	05_AI_Tools_and_Guides/_from_inbox/Abridged Dante's inferno chat GPT alpha test [CE365B1322].md	kw: gpt 
3c	inbox-route	00_Inbox_Unsorted/PayPal Transactions (Aug - Nov) ­ƒÆ▓ [46CD31B6CF].md	03_Finance_Taxes_and_Loans/_from_inbox/PayPal Transactions (Aug - Nov) ­ƒÆ▓ [46CD31B6CF].md	kw:paypal
3c	inbox-route	00_Inbox_Unsorted/music_list_additional_improvements_report.md	19_Music_Arts_Design/_from_inbox/music_list_additional_improvements_report.md	kw:\bmusic
3c	inbox-route	00_Inbox_Unsorted/music genre universe styled.md	19_Music_Arts_Design/_from_inbox/music genre universe styled.md	kw:\bmusic
3c	inbox-route	00_Inbox_Unsorted/Skyrocket_Documents [97B4597AD0].md	16_Personal_NSFW/_from_inbox/Skyrocket_Documents [97B4597AD0].md	kw:cum
3c	inbox-route	00_Inbox_Unsorted/icon-prompt-library-v3.1-extension.md	05_AI_Tools_and_Guides/_from_inbox/icon-prompt-library-v3.1-extension.md	kw:prompt
3c	inbox-route	00_Inbox_Unsorted/Business Card - Logo + QR (Mockup).md	01_Business_Sharp_House_Solutions/_from_inbox/Business Card - Logo + QR (Mockup).md	kw:business\ card
3c	inbox-route	00_Inbox_Unsorted/Collection of Quotes - Reflections & Insights.md	14_Reading_Quotes_Philosophy/_from_inbox/Collection of Quotes - Reflections & Insights.md	kw:\bquote
3c	inbox-route	00_Inbox_Unsorted/Psychology MOC (kit).md	06_Knowledge_Management_PKM/_from_inbox/Psychology MOC (kit).md	kw: moc 
3c	inbox-route	00_Inbox_Unsorted/Master Kinks Checklist.md	16_Personal_NSFW/_from_inbox/Master Kinks Checklist.md	kw: kink
3c	inbox-route	00_Inbox_Unsorted/┬¡ãÆ├£├ç Flight School (OE) (Example).md	13_Tickets_Receipts_Travel/_from_inbox/┬¡ãÆ├£├ç Flight School (OE) (Example).md	kw:flight 
3c	inbox-route	00_Inbox_Unsorted/quotes_artistic_final_gorgeous_small_optimized [67FB125965].md	14_Reading_Quotes_Philosophy/_from_inbox/quotes_artistic_final_gorgeous_small_optimized [67FB125965].md	kw:\bquote
3c	inbox-route	00_Inbox_Unsorted/Abridged Dante's inferno chat GPT alpha test.md	05_AI_Tools_and_Guides/_from_inbox/Abridged Dante's inferno chat GPT alpha test.md	kw: gpt 
3c	inbox-route	00_Inbox_Unsorted/doctor_who_original_series_episodes_deluxe_season_episode_numbers.md	12_Entertainment/_from_inbox/doctor_who_original_series_episodes_deluxe_season_episode_numbers.md	kw:episode
3c	inbox-route	00_Inbox_Unsorted/youtube_music_gemini_historical_chain_100_prompts.md	05_AI_Tools_and_Guides/_from_inbox/youtube_music_gemini_historical_chain_100_prompts.md	kw:prompt
3c	inbox-route	00_Inbox_Unsorted/Reorganized Movie List Numbered Counts v2.md	12_Entertainment/_from_inbox/Reorganized Movie List Numbered Counts v2.md	kw:movie
3c	inbox-route	00_Inbox_Unsorted/ÔëíãÆ├ä┬╝ Movie Runtimes List.md	12_Entertainment/_from_inbox/ÔëíãÆ├ä┬╝ Movie Runtimes List.md	kw:movie
3c	inbox-route	00_Inbox_Unsorted/FlowCreation MOC.md	06_Knowledge_Management_PKM/_from_inbox/FlowCreation MOC.md	kw: moc 
3c	inbox-route	00_Inbox_Unsorted/doctor_who_complete_episode_list_1963_2025_v2 [EE8EF3AEF3].md	12_Entertainment/_from_inbox/doctor_who_complete_episode_list_1963_2025_v2 [EE8EF3AEF3].md	kw:episode
3c	inbox-route	00_Inbox_Unsorted/chapter_writing_rulebook.md	15_Writing_Literature/_from_inbox/chapter_writing_rulebook.md	kw:\bchapter
3c	inbox-route	00_Inbox_Unsorted/Prompt_1_Protocol_Zeta_Plus.md	05_AI_Tools_and_Guides/_from_inbox/Prompt_1_Protocol_Zeta_Plus.md	kw:prompt
3c	inbox-route	00_Inbox_Unsorted/Homeowner documents.md	16_Personal_NSFW/_from_inbox/Homeowner documents.md	kw:cum
3c	inbox-route	00_Inbox_Unsorted/novel_with_cover.md	15_Writing_Literature/_from_inbox/novel_with_cover.md	kw:\bnovel
3c	inbox-route	00_Inbox_Unsorted/Canticle of the Flawed Equilibrium 1.md	15_Writing_Literature/_from_inbox/Canticle of the Flawed Equilibrium 1.md	kw:canticle
3c	inbox-route	00_Inbox_Unsorted/chapter writing rulebook.md	15_Writing_Literature/_from_inbox/chapter writing rulebook.md	kw:\bchapter
3c	inbox-route	00_Inbox_Unsorted/Release_Candidate_Stop-the-Line.md	09_Legal_Contracts_Insurance_Housing/_from_inbox/Release_Candidate_Stop-the-Line.md	kw:lease
3c	inbox-route	00_Inbox_Unsorted/ultimate guide to maximizing your shift earnings ­ƒù║´©Å [5539A5FA24].md	02_Business_Gig_Work_and_Careers/_from_inbox/ultimate guide to maximizing your shift earnings ­ƒù║´©Å [5539A5FA24].md	kw:earnings
3c	inbox-route	00_Inbox_Unsorted/movie_serious_scores.md	12_Entertainment/_from_inbox/movie_serious_scores.md	kw:movie
3c	inbox-route	00_Inbox_Unsorted/PKM_Overview_Pretty_Princess 2 [26730D27F8].md	06_Knowledge_Management_PKM/_from_inbox/PKM_Overview_Pretty_Princess 2 [26730D27F8].md	kw:pkm
3c	inbox-route	00_Inbox_Unsorted/Collection of QuotesReflections & Insights [4BDD48CF2B].md	14_Reading_Quotes_Philosophy/_from_inbox/Collection of QuotesReflections & Insights [4BDD48CF2B].md	kw:\bquote
3c	inbox-route	00_Inbox_Unsorted/youtube_music_uber_30_playlist_prompts-2.md	05_AI_Tools_and_Guides/_from_inbox/youtube_music_uber_30_playlist_prompts-2.md	kw:prompt
3c	inbox-route	00_Inbox_Unsorted/quotes_artistic_final_sharpened_opt.md	14_Reading_Quotes_Philosophy/_from_inbox/quotes_artistic_final_sharpened_opt.md	kw:\bquote
3c	inbox-route	00_Inbox_Unsorted/YouTube Music - Gemini Historical Chain 100 Prompts.md	05_AI_Tools_and_Guides/_from_inbox/YouTube Music - Gemini Historical Chain 100 Prompts.md	kw:prompt
3c	inbox-route	00_Inbox_Unsorted/Samsung S24 Ultra - Folder View Prompts.md	05_AI_Tools_and_Guides/_from_inbox/Samsung S24 Ultra - Folder View Prompts.md	kw:prompt
3c	inbox-route	00_Inbox_Unsorted/Silly or serious movie list ÔëíãÆ├å├í.md	12_Entertainment/_from_inbox/Silly or serious movie list ÔëíãÆ├å├í.md	kw:movie
3c	inbox-route	00_Inbox_Unsorted/final_document [ED2DA03B57].md	16_Personal_NSFW/_from_inbox/final_document [ED2DA03B57].md	kw:cum
3c	inbox-route	00_Inbox_Unsorted/Canticle of the Flawed Equilibrium (1).md	15_Writing_Literature/_from_inbox/Canticle of the Flawed Equilibrium (1).md	kw:canticle
3c	inbox-route	00_Inbox_Unsorted/quotes_artistic_final_gorgeous_small_optimized.md	14_Reading_Quotes_Philosophy/_from_inbox/quotes_artistic_final_gorgeous_small_optimized.md	kw:\bquote
3c	inbox-route	00_Inbox_Unsorted/Checklist for Crafting a Viral Pocket FM Web Novel Chapter [9D5188822B].md	15_Writing_Literature/_from_inbox/Checklist for Crafting a Viral Pocket FM Web Novel Chapter [9D5188822B].md	kw:\bchapter
3c	inbox-route	00_Inbox_Unsorted/Chat GPT Subscription Comparison Chart.md	05_AI_Tools_and_Guides/_from_inbox/Chat GPT Subscription Comparison Chart.md	kw: gpt 
3c	inbox-route	00_Inbox_Unsorted/VeritasQuo_IconSystem_MASTER_AllBatches_v1.md	41_Veritas_Quo_Codex/_from_inbox/VeritasQuo_IconSystem_MASTER_AllBatches_v1.md	kw:veritasquo
3c	inbox-route	00_Inbox_Unsorted/T2_ANALYSIS__Deep_Structural_and_Tonal_Analysis__Calyx_100-Chapter_Plan.md	15_Writing_Literature/_from_inbox/T2_ANALYSIS__Deep_Structural_and_Tonal_Analysis__Calyx_100-Chapter_Plan.md	kw:\bchapter
3c	inbox-route	00_Inbox_Unsorted/Music_Library_Refactor_ELEGANT_COMPRESSED_REV7_260221_185338 [DD78D30B44].md	19_Music_Arts_Design/_from_inbox/Music_Library_Refactor_ELEGANT_COMPRESSED_REV7_260221_185338 [DD78D30B44].md	kw:\bmusic
3c	inbox-route	00_Inbox_Unsorted/movies_list.md	12_Entertainment/_from_inbox/movies_list.md	kw:movie
3c	inbox-route	00_Inbox_Unsorted/Giant quote list 2.md	14_Reading_Quotes_Philosophy/_from_inbox/Giant quote list 2.md	kw:\bquote
3c	inbox-route	00_Inbox_Unsorted/Music idea YouTube [1F23B4E834].md	19_Music_Arts_Design/_from_inbox/Music idea YouTube [1F23B4E834].md	kw:\bmusic
3c	inbox-route	00_Inbox_Unsorted/slut-trainer-tracker-app [99E8312F73].md	16_Personal_NSFW/_from_inbox/slut-trainer-tracker-app [99E8312F73].md	kw:slut
3c	inbox-route	00_Inbox_Unsorted/novel_with_cover_formatted.md	15_Writing_Literature/_from_inbox/novel_with_cover_formatted.md	kw:\bnovel
3c	inbox-route	00_Inbox_Unsorted/Slut Path Overview.md	16_Personal_NSFW/_from_inbox/Slut Path Overview.md	kw:slut
3c	inbox-route	00_Inbox_Unsorted/Collection of Quotes - Reflections & Insights [E7C196A2A1].md	14_Reading_Quotes_Philosophy/_from_inbox/Collection of Quotes - Reflections & Insights [E7C196A2A1].md	kw:\bquote
3c	inbox-route	00_Inbox_Unsorted/doctor_who_complete_episode_list_1963_2025_v2.md	12_Entertainment/_from_inbox/doctor_who_complete_episode_list_1963_2025_v2.md	kw:episode
3c	inbox-route	00_Inbox_Unsorted/ultimate guide to maximizing your shift earnings ­ƒù║´©Å [16A89D2EE3].md	02_Business_Gig_Work_and_Careers/_from_inbox/ultimate guide to maximizing your shift earnings ­ƒù║´©Å [16A89D2EE3].md	kw:earnings
3c	inbox-route	00_Inbox_Unsorted/Skyrocket_Documents.md	16_Personal_NSFW/_from_inbox/Skyrocket_Documents.md	kw:cum
3c	inbox-route	00_Inbox_Unsorted/LLM Strengths & Best Use Case Breakdown Table [255953F4BC].md	05_AI_Tools_and_Guides/_from_inbox/LLM Strengths & Best Use Case Breakdown Table [255953F4BC].md	kw:llm
3c	inbox-route	00_Inbox_Unsorted/high_watchers_definitive_audit_prompt-1.md	05_AI_Tools_and_Guides/_from_inbox/high_watchers_definitive_audit_prompt-1.md	kw:prompt
3c	inbox-route	00_Inbox_Unsorted/Doctor WhoComplete Episode Index [5BA70EF1CE].md	12_Entertainment/_from_inbox/Doctor WhoComplete Episode Index [5BA70EF1CE].md	kw:episode
3c	inbox-route	00_Inbox_Unsorted/Comparison of LLM Subscription Plans (Public Consumer Services) [C3EFB7DAA7].md	05_AI_Tools_and_Guides/_from_inbox/Comparison of LLM Subscription Plans (Public Consumer Services) [C3EFB7DAA7].md	kw:llm
3c	inbox-route	00_Inbox_Unsorted/Canticle_of_the_Flawed_Equilibrium_Two_Column_Doub_260108_153739 [B8E641B185].md	15_Writing_Literature/_from_inbox/Canticle_of_the_Flawed_Equilibrium_Two_Column_Doub_260108_153739 [B8E641B185].md	kw:canticle
3c	inbox-route	00_Inbox_Unsorted/REF-D ÔÇô Quote safety heuristic.md	14_Reading_Quotes_Philosophy/_from_inbox/REF-D ÔÇô Quote safety heuristic.md	kw:\bquote
3c	inbox-route	00_Inbox_Unsorted/Business Card - Logo Side (Dark).md	01_Business_Sharp_House_Solutions/_from_inbox/Business Card - Logo Side (Dark).md	kw:business\ card
3c	inbox-route	00_Inbox_Unsorted/high_watchers_definitive_audit_prompt [AB2F3A8132].md	05_AI_Tools_and_Guides/_from_inbox/high_watchers_definitive_audit_prompt [AB2F3A8132].md	kw:prompt
3c	inbox-route	00_Inbox_Unsorted/Quotes_Batch_1_111-120.md	14_Reading_Quotes_Philosophy/_from_inbox/Quotes_Batch_1_111-120.md	kw:\bquote
3c	inbox-route	00_Inbox_Unsorted/T2_ANALYSIS__Deep_Structural_and_Tonal_Analysis__Calyx_100-Chapter_Plan [256B2FD815].md	15_Writing_Literature/_from_inbox/T2_ANALYSIS__Deep_Structural_and_Tonal_Analysis__Calyx_100-Chapter_Plan [256B2FD815].md	kw:\bchapter
3c	inbox-route	00_Inbox_Unsorted/quotes_passages [8C7A10D3BD].md	14_Reading_Quotes_Philosophy/_from_inbox/quotes_passages [8C7A10D3BD].md	kw:\bquote
3c	inbox-route	00_Inbox_Unsorted/Chat GPT Subscription Comparison Chart [B6A54F6726].md	05_AI_Tools_and_Guides/_from_inbox/Chat GPT Subscription Comparison Chart [B6A54F6726].md	kw: gpt 
3c	inbox-route	00_Inbox_Unsorted/ultimate guide to maximizing your shift earnings ­ƒù║´©Å.md	02_Business_Gig_Work_and_Careers/_from_inbox/ultimate guide to maximizing your shift earnings ­ƒù║´©Å.md	kw:earnings
3c	inbox-route	00_Inbox_Unsorted/PDR-C ÔÇô Meditations public-domain note.md	22_Religion_Spiritual/_from_inbox/PDR-C ÔÇô Meditations public-domain note.md	kw:meditation
3c	inbox-route	00_Inbox_Unsorted/Here you go chat GPT exactly what you asked for.md	05_AI_Tools_and_Guides/_from_inbox/Here you go chat GPT exactly what you asked for.md	kw: gpt 
3c	inbox-route	00_Inbox_Unsorted/quotes_artistic_final [2CEC84F19C].md	14_Reading_Quotes_Philosophy/_from_inbox/quotes_artistic_final [2CEC84F19C].md	kw:\bquote
3c	inbox-route	00_Inbox_Unsorted/Film updated list sample.md	12_Entertainment/_from_inbox/Film updated list sample.md	kw:film 
3c	inbox-route	00_Inbox_Unsorted/Inspection-Ready Edges with Budget Gear [9AE83C0AF3].md	03_Finance_Taxes_and_Loans/_from_inbox/Inspection-Ready Edges with Budget Gear [9AE83C0AF3].md	kw:budget
3c	inbox-route	00_Inbox_Unsorted/T2_PLAN__Revised_100-Chapter_Plan__2026-01-25 [250E11B9A2].md	15_Writing_Literature/_from_inbox/T2_PLAN__Revised_100-Chapter_Plan__2026-01-25 [250E11B9A2].md	kw:\bchapter
3c	inbox-route	00_Inbox_Unsorted/Doctor WhoComplete Episode Index [EEF127AB99].md	12_Entertainment/_from_inbox/Doctor WhoComplete Episode Index [EEF127AB99].md	kw:episode
3c	inbox-route	00_Inbox_Unsorted/ultimate guide to maximizing your shift earnings ­ƒù║´©Å [7199626612].md	02_Business_Gig_Work_and_Careers/_from_inbox/ultimate guide to maximizing your shift earnings ­ƒù║´©Å [7199626612].md	kw:earnings
3c	inbox-route	00_Inbox_Unsorted/06_long-document.md	16_Personal_NSFW/_from_inbox/06_long-document.md	kw:cum
3c	inbox-route	00_Inbox_Unsorted/music library songs [267EACDBC3].md	19_Music_Arts_Design/_from_inbox/music library songs [267EACDBC3].md	kw:\bmusic
3c	inbox-route	00_Inbox_Unsorted/music_list_factcheck_summary.md	19_Music_Arts_Design/_from_inbox/music_list_factcheck_summary.md	kw:\bmusic
3c	inbox-route	00_Inbox_Unsorted/Proofreading and Enrichment Report for Musical Entries Text File.md	19_Music_Arts_Design/_from_inbox/Proofreading and Enrichment Report for Musical Entries Text File.md	kw:\bmusic
3c	inbox-route	00_Inbox_Unsorted/document [0D8FBD7F7B].md	16_Personal_NSFW/_from_inbox/document [0D8FBD7F7B].md	kw:cum
3c	inbox-route	00_Inbox_Unsorted/Folgezettel - 100a.2 Adds Upfront Friction.md	50_Implications_Zettelkasten/_from_inbox/Folgezettel - 100a.2 Adds Upfront Friction.md	kw:zettel
3c	inbox-route	00_Inbox_Unsorted/Music idea YouTube ­ƒÆí [83FD23E534].md	19_Music_Arts_Design/_from_inbox/Music idea YouTube ­ƒÆí [83FD23E534].md	kw:\bmusic
3c	inbox-route	00_Inbox_Unsorted/Personal Philosophy [4A79F9FCE6].md	14_Reading_Quotes_Philosophy/_from_inbox/Personal Philosophy [4A79F9FCE6].md	kw:philosophy
3c	inbox-route	00_Inbox_Unsorted/Prompt to Rewrite _Vacancy_ as a Pocket FM Audio Web Novel.md	05_AI_Tools_and_Guides/_from_inbox/Prompt to Rewrite _Vacancy_ as a Pocket FM Audio Web Novel.md	kw:prompt
3c	inbox-route	00_Inbox_Unsorted/policy-document (2).md	16_Personal_NSFW/_from_inbox/policy-document (2).md	kw:cum
3c	inbox-route	00_Inbox_Unsorted/PayPal Transactions (Aug - Nov) [58988513E8].md	03_Finance_Taxes_and_Loans/_from_inbox/PayPal Transactions (Aug - Nov) [58988513E8].md	kw:paypal
3c	inbox-route	00_Inbox_Unsorted/music_list_hierarchical_colorcoded_v8b [6B80B14518].md	19_Music_Arts_Design/_from_inbox/music_list_hierarchical_colorcoded_v8b [6B80B14518].md	kw:\bmusic
3c	inbox-route	00_Inbox_Unsorted/Enable CSS snippet GraphFirst Vault Identity (v3) [7E1F3418B5].md	18_Tech_Reference/_from_inbox/Enable CSS snippet GraphFirst Vault Identity (v3) [7E1F3418B5].md	kw:\bcss\b
3c	inbox-route	00_Inbox_Unsorted/5A-214_downloaded-document.md	16_Personal_NSFW/_from_inbox/5A-214_downloaded-document.md	kw:cum
3c	inbox-route	00_Inbox_Unsorted/quotes_dedup_no_squares_landscape_2col_5pt.md	14_Reading_Quotes_Philosophy/_from_inbox/quotes_dedup_no_squares_landscape_2col_5pt.md	kw:\bquote
3c	inbox-route	00_Inbox_Unsorted/PayPal Transactions (Aug - Nov) ­ƒÆ▓ [ECA3333BF0].md	03_Finance_Taxes_and_Loans/_from_inbox/PayPal Transactions (Aug - Nov) ­ƒÆ▓ [ECA3333BF0].md	kw:paypal
3c	inbox-route	00_Inbox_Unsorted/llm_subscription_atlas_v2.md	05_AI_Tools_and_Guides/_from_inbox/llm_subscription_atlas_v2.md	kw:llm
3c	inbox-route	00_Inbox_Unsorted/vaults__veritys-quote__imported-monolith-and-legacy__monolith-splits__monolith-part03-of-03.md.md	14_Reading_Quotes_Philosophy/_from_inbox/vaults__veritys-quote__imported-monolith-and-legacy__monolith-splits__monolith-part03-of-03.md.md	kw:\bquote
3c	inbox-route	00_Inbox_Unsorted/Chat GPT Subscription Comparison Chart [525B68E7AE].md	05_AI_Tools_and_Guides/_from_inbox/Chat GPT Subscription Comparison Chart [525B68E7AE].md	kw: gpt 
3c	inbox-route	00_Inbox_Unsorted/llm_subscription_atlas_redo_v3.md	05_AI_Tools_and_Guides/_from_inbox/llm_subscription_atlas_redo_v3.md	kw:llm
3c	inbox-route	00_Inbox_Unsorted/novel_with_cover_formatted [2E1AB9294B].md	15_Writing_Literature/_from_inbox/novel_with_cover_formatted [2E1AB9294B].md	kw:\bnovel
3c	inbox-route	00_Inbox_Unsorted/Canticle_of_the_Flawed_Equilibrium_Two_Column_Doub_260108_153747 [900232B3D1].md	15_Writing_Literature/_from_inbox/Canticle_of_the_Flawed_Equilibrium_Two_Column_Doub_260108_153747 [900232B3D1].md	kw:canticle
3c	inbox-route	00_Inbox_Unsorted/Please format the markdown file so that the parag...md	09_Legal_Contracts_Insurance_Housing/_from_inbox/Please format the markdown file so that the parag...md	kw:lease
3c	inbox-route	00_Inbox_Unsorted/Business Card - Thomas - Contact Side [83124FC7E5].md	01_Business_Sharp_House_Solutions/_from_inbox/Business Card - Thomas - Contact Side [83124FC7E5].md	kw:business\ card
3c	inbox-route	00_Inbox_Unsorted/Quotes_Batch_1_Full_updated (2).md	14_Reading_Quotes_Philosophy/_from_inbox/Quotes_Batch_1_Full_updated (2).md	kw:\bquote
3c	inbox-route	00_Inbox_Unsorted/Music idea YouTube ­ƒÆí [B49E6035EB].md	19_Music_Arts_Design/_from_inbox/Music idea YouTube ­ƒÆí [B49E6035EB].md	kw:\bmusic
3c	inbox-route	00_Inbox_Unsorted/quotes_randomized_deduped.md	14_Reading_Quotes_Philosophy/_from_inbox/quotes_randomized_deduped.md	kw:\bquote
3c	inbox-route	00_Inbox_Unsorted/Music Library Refactor- Hierarchy Layout [6508F4828F].md	19_Music_Arts_Design/_from_inbox/Music Library Refactor- Hierarchy Layout [6508F4828F].md	kw:\bmusic
3c	inbox-route	00_Inbox_Unsorted/llm_subscription_atlas_v2 [DB50A6C9B0].md	05_AI_Tools_and_Guides/_from_inbox/llm_subscription_atlas_v2 [DB50A6C9B0].md	kw:llm
3c	inbox-route	00_Inbox_Unsorted/Inspection Ready EdgesEdges with Budget Gear.md	03_Finance_Taxes_and_Loans/_from_inbox/Inspection Ready EdgesEdges with Budget Gear.md	kw:budget
3c	inbox-route	00_Inbox_Unsorted/Checklist for Crafting a Viral Pocket FM Web Novel Chapter.md	15_Writing_Literature/_from_inbox/Checklist for Crafting a Viral Pocket FM Web Novel Chapter.md	kw:\bchapter
3c	inbox-route	00_Inbox_Unsorted/Canticle of the Flawed Equilibrium [84A9FDCC3C].md	15_Writing_Literature/_from_inbox/Canticle of the Flawed Equilibrium [84A9FDCC3C].md	kw:canticle
3c	inbox-route	00_Inbox_Unsorted/Sinnerman (song).md	19_Music_Arts_Design/_from_inbox/Sinnerman (song).md	kw:\bsong
3c	inbox-route	00_Inbox_Unsorted/quotes_passages.md	14_Reading_Quotes_Philosophy/_from_inbox/quotes_passages.md	kw:\bquote
3c	inbox-route	00_Inbox_Unsorted/Music Genre Universe [9BBB8B3293].md	19_Music_Arts_Design/_from_inbox/Music Genre Universe [9BBB8B3293].md	kw:\bmusic
3c	inbox-route	00_Inbox_Unsorted/Movie_Sequels_Chronological_Normalized.md	12_Entertainment/_from_inbox/Movie_Sequels_Chronological_Normalized.md	kw:movie
3c	inbox-route	00_Inbox_Unsorted/Movie_Sequels_Chronological_GroupsOnly.md	12_Entertainment/_from_inbox/Movie_Sequels_Chronological_GroupsOnly.md	kw:movie
3c	inbox-route	00_Inbox_Unsorted/Prompt prompts for llms [3F271C9978].md	05_AI_Tools_and_Guides/_from_inbox/Prompt prompts for llms [3F271C9978].md	kw:prompt
3c	inbox-route	00_Inbox_Unsorted/Movie_Checklist_Clean_Numbered.md	12_Entertainment/_from_inbox/Movie_Checklist_Clean_Numbered.md	kw:movie
3c	inbox-route	00_Inbox_Unsorted/Movie-Ratings╬ô├ç├ÂBatch-3.md	12_Entertainment/_from_inbox/Movie-Ratings╬ô├ç├ÂBatch-3.md	kw:movie
3c	inbox-route	00_Inbox_Unsorted/philosophy_batch_1_quotes_20251128.md	14_Reading_Quotes_Philosophy/_from_inbox/philosophy_batch_1_quotes_20251128.md	kw:philosophy
3c	inbox-route	00_Inbox_Unsorted/Master Quote List [3FBEBEFC59].md	14_Reading_Quotes_Philosophy/_from_inbox/Master Quote List [3FBEBEFC59].md	kw:\bquote
3c	inbox-route	00_Inbox_Unsorted/Personal Philosophy [BDA2B12E6B].md	14_Reading_Quotes_Philosophy/_from_inbox/Personal Philosophy [BDA2B12E6B].md	kw:philosophy
3c	inbox-route	00_Inbox_Unsorted/high_watchers_definitive_audit_prompt [6A6EB4200F].md	05_AI_Tools_and_Guides/_from_inbox/high_watchers_definitive_audit_prompt [6A6EB4200F].md	kw:prompt
3c	inbox-route	00_Inbox_Unsorted/Movies.md	12_Entertainment/_from_inbox/Movies.md	kw:movie
3c	inbox-route	00_Inbox_Unsorted/Prompting_Book_Revisions_From_Feedback.md	05_AI_Tools_and_Guides/_from_inbox/Prompting_Book_Revisions_From_Feedback.md	kw:prompt
3c	inbox-route	00_Inbox_Unsorted/music_list_factcheck_summary [44BC03476B].md	19_Music_Arts_Design/_from_inbox/music_list_factcheck_summary [44BC03476B].md	kw:\bmusic
3c	inbox-route	00_Inbox_Unsorted/Movie_Sequels_Chronological_By_Franchise.md	12_Entertainment/_from_inbox/Movie_Sequels_Chronological_By_Franchise.md	kw:movie
3c	inbox-route	00_Inbox_Unsorted/Personal Philosophy [BDB010D8D9].md	14_Reading_Quotes_Philosophy/_from_inbox/Personal Philosophy [BDB010D8D9].md	kw:philosophy
3c	inbox-route	00_Inbox_Unsorted/doctor_who_complete_episode_index_deluxe_with_doctors_v3 [C01FC1298B].md	12_Entertainment/_from_inbox/doctor_who_complete_episode_index_deluxe_with_doctors_v3 [C01FC1298B].md	kw:episode
3c	inbox-route	00_Inbox_Unsorted/Quotes_Batch_1_Full.md	14_Reading_Quotes_Philosophy/_from_inbox/Quotes_Batch_1_Full.md	kw:\bquote
3c	inbox-route	00_Inbox_Unsorted/big quotes [9B15D3AF47].md	14_Reading_Quotes_Philosophy/_from_inbox/big quotes [9B15D3AF47].md	kw:\bquote
3c	inbox-route	00_Inbox_Unsorted/music genre universe styled [0389256C77].md	19_Music_Arts_Design/_from_inbox/music genre universe styled [0389256C77].md	kw:\bmusic
3c	inbox-route	00_Inbox_Unsorted/LLM_Subscription_Atlas_1-Page_Matrix (1) [BCE03B41B3].md	05_AI_Tools_and_Guides/_from_inbox/LLM_Subscription_Atlas_1-Page_Matrix (1) [BCE03B41B3].md	kw:llm
3c	inbox-route	00_Inbox_Unsorted/Business Card - Logo Side (Mockup) [D230586ED1].md	01_Business_Sharp_House_Solutions/_from_inbox/Business Card - Logo Side (Mockup) [D230586ED1].md	kw:business\ card
3c	inbox-route	00_Inbox_Unsorted/PayPal Transactions (Aug - Nov) ­ƒÆ▓ [2845FE7EAC].md	03_Finance_Taxes_and_Loans/_from_inbox/PayPal Transactions (Aug - Nov) ­ƒÆ▓ [2845FE7EAC].md	kw:paypal
3c	inbox-route	00_Inbox_Unsorted/chapter writing rulebook [F89C957595].md	15_Writing_Literature/_from_inbox/chapter writing rulebook [F89C957595].md	kw:\bchapter
3c	inbox-route	00_Inbox_Unsorted/Full music list containing every entry use as reference to make sure you have every entry [4798C81537].md	19_Music_Arts_Design/_from_inbox/Full music list containing every entry use as reference to make sure you have every entry [4798C81537].md	kw:\bmusic
3c	inbox-route	00_Inbox_Unsorted/Toyota Corolla Financing Statements (Aug - Oct).md	11_Vehicles/_from_inbox/Toyota Corolla Financing Statements (Aug - Oct).md	kw:corolla
3c	inbox-route	00_Inbox_Unsorted/Calyx_100_MicroPrompts.md	05_AI_Tools_and_Guides/_from_inbox/Calyx_100_MicroPrompts.md	kw:prompt
3c	inbox-route	00_Inbox_Unsorted/Weekly-Report-to-Mistress.md	16_Personal_NSFW/_from_inbox/Weekly-Report-to-Mistress.md	kw:mistress
3c	inbox-route	00_Inbox_Unsorted/Music Genre Universe.md	19_Music_Arts_Design/_from_inbox/Music Genre Universe.md	kw:\bmusic
3c	inbox-route	00_Inbox_Unsorted/Movie_Checklist_Cleaned.md	12_Entertainment/_from_inbox/Movie_Checklist_Cleaned.md	kw:movie
3c	inbox-route	00_Inbox_Unsorted/Music List (Golden Record Edition) [8CE5410061].md	19_Music_Arts_Design/_from_inbox/Music List (Golden Record Edition) [8CE5410061].md	kw:\bmusic
3c	inbox-route	00_Inbox_Unsorted/quotes_randomized_deduped [E8A0674606].md	14_Reading_Quotes_Philosophy/_from_inbox/quotes_randomized_deduped [E8A0674606].md	kw:\bquote
3c	inbox-route	00_Inbox_Unsorted/High Watchers Definitive Audit Prompt.md	05_AI_Tools_and_Guides/_from_inbox/High Watchers Definitive Audit Prompt.md	kw:prompt
3c	inbox-route	00_Inbox_Unsorted/Thomas_Densley_Resume_v2 [FA45A4E23C].md	02_Business_Gig_Work_and_Careers/_from_inbox/Thomas_Densley_Resume_v2 [FA45A4E23C].md	kw:resume
3c	inbox-route	00_Inbox_Unsorted/doctor_who_original_series_episodes_deluxe.md	12_Entertainment/_from_inbox/doctor_who_original_series_episodes_deluxe.md	kw:episode
3c	inbox-route	00_Inbox_Unsorted/Roofing price breakdown chart [D40B6752E1].md	01_Business_Sharp_House_Solutions/_from_inbox/Roofing price breakdown chart [D40B6752E1].md	kw:roofing
3c	inbox-route	00_Inbox_Unsorted/Inspection Ready EdgesEdges with Budget Gear [206A4D8B67].md	03_Finance_Taxes_and_Loans/_from_inbox/Inspection Ready EdgesEdges with Budget Gear [206A4D8B67].md	kw:budget
3c	inbox-route	00_Inbox_Unsorted/Music idea YouTube [1E60341F7C].md	19_Music_Arts_Design/_from_inbox/Music idea YouTube [1E60341F7C].md	kw:\bmusic
3c	inbox-route	00_Inbox_Unsorted/PKM_Overview_Pretty_Princess 2 [471ACF31D6].md	06_Knowledge_Management_PKM/_from_inbox/PKM_Overview_Pretty_Princess 2 [471ACF31D6].md	kw:pkm
3c	inbox-route	00_Inbox_Unsorted/Business Card - Kyle.md	01_Business_Sharp_House_Solutions/_from_inbox/Business Card - Kyle.md	kw:business\ card
3c	inbox-route	00_Inbox_Unsorted/Personal Philosophy [CAAD580DF1].md	14_Reading_Quotes_Philosophy/_from_inbox/Personal Philosophy [CAAD580DF1].md	kw:philosophy
3c	inbox-route	00_Inbox_Unsorted/Master Movie Ratings ╬ô├ç├Â Full List (4).md	12_Entertainment/_from_inbox/Master Movie Ratings ╬ô├ç├Â Full List (4).md	kw:movie
3c	inbox-route	00_Inbox_Unsorted/doctor_who_complete_episode_index_deluxe_v2 [CD138EB148].md	12_Entertainment/_from_inbox/doctor_who_complete_episode_index_deluxe_v2 [CD138EB148].md	kw:episode
3c	inbox-route	00_Inbox_Unsorted/Business Card - Thomas - Split Design.md	01_Business_Sharp_House_Solutions/_from_inbox/Business Card - Thomas - Split Design.md	kw:business\ card
3c	inbox-route	00_Inbox_Unsorted/Personal Philosophy [48554F3E65].md	14_Reading_Quotes_Philosophy/_from_inbox/Personal Philosophy [48554F3E65].md	kw:philosophy
3c	inbox-route	00_Inbox_Unsorted/chapter_writing_rulebook [FF2DD3CDA9].md	15_Writing_Literature/_from_inbox/chapter_writing_rulebook [FF2DD3CDA9].md	kw:\bchapter
3c	inbox-route	00_Inbox_Unsorted/Canticle_of_the_Flawed_Equilibrium_Artistic_Recreated.md	15_Writing_Literature/_from_inbox/Canticle_of_the_Flawed_Equilibrium_Artistic_Recreated.md	kw:canticle
3c	inbox-route	00_Inbox_Unsorted/PayPal Transactions (Aug - Nov) ­ƒÆ▓ [81845E075C].md	03_Finance_Taxes_and_Loans/_from_inbox/PayPal Transactions (Aug - Nov) ­ƒÆ▓ [81845E075C].md	kw:paypal
3c	inbox-route	00_Inbox_Unsorted/Roofing price breakdown chart [6CE777B3D4].md	01_Business_Sharp_House_Solutions/_from_inbox/Roofing price breakdown chart [6CE777B3D4].md	kw:roofing
3c	inbox-route	00_Inbox_Unsorted/Music_Library_Refactor_ELEGANT_HIERARCHY_READABLE_REV10.md	19_Music_Arts_Design/_from_inbox/Music_Library_Refactor_ELEGANT_HIERARCHY_READABLE_REV10.md	kw:\bmusic
3c	inbox-route	00_Inbox_Unsorted/LLM_Subscription_Atlas_1-Page_Matrix (1).md	05_AI_Tools_and_Guides/_from_inbox/LLM_Subscription_Atlas_1-Page_Matrix (1).md	kw:llm
3c	inbox-route	00_Inbox_Unsorted/Movie_Sequels_List.md	12_Entertainment/_from_inbox/Movie_Sequels_List.md	kw:movie
3c	inbox-route	00_Inbox_Unsorted/Enable CSS snippet- GraphFirst Vault Identity (v3) [9804599432].md	18_Tech_Reference/_from_inbox/Enable CSS snippet- GraphFirst Vault Identity (v3) [9804599432].md	kw:\bcss\b
3c	inbox-route	00_Inbox_Unsorted/loan_payoff_plan_thomas_densley.md	03_Finance_Taxes_and_Loans/_from_inbox/loan_payoff_plan_thomas_densley.md	kw:\bloan
3c	inbox-route	00_Inbox_Unsorted/Quotes_Batch_1_Full_updated (1).md	14_Reading_Quotes_Philosophy/_from_inbox/Quotes_Batch_1_Full_updated (1).md	kw:\bquote
3c	inbox-route	00_Inbox_Unsorted/LLM_Subscription_Atlas_Cover.md	05_AI_Tools_and_Guides/_from_inbox/LLM_Subscription_Atlas_Cover.md	kw:llm
3c	inbox-route	00_Inbox_Unsorted/Master Movie Ratings ╬ô├ç├Â Full List (2).md	12_Entertainment/_from_inbox/Master Movie Ratings ╬ô├ç├Â Full List (2).md	kw:movie
3c	inbox-route	00_Inbox_Unsorted/Inspection Ready EdgesEdges with Budget Gear [B48CE91964].md	03_Finance_Taxes_and_Loans/_from_inbox/Inspection Ready EdgesEdges with Budget Gear [B48CE91964].md	kw:budget
3c	inbox-route	00_Inbox_Unsorted/Film updated list sample [426AAA280F].md	12_Entertainment/_from_inbox/Film updated list sample [426AAA280F].md	kw:film 
3c	inbox-route	00_Inbox_Unsorted/Canticle_of_the_Flawed_Equilibrium_Two_Column_Doub_260108_153739.md	15_Writing_Literature/_from_inbox/Canticle_of_the_Flawed_Equilibrium_Two_Column_Doub_260108_153739.md	kw:canticle
3c	inbox-route	00_Inbox_Unsorted/LLM_Subscription_Atlas_2-Page_Matrix.md	05_AI_Tools_and_Guides/_from_inbox/LLM_Subscription_Atlas_2-Page_Matrix.md	kw:llm
3c	inbox-route	00_Inbox_Unsorted/high_watchers_definitive_audit_prompt.md	05_AI_Tools_and_Guides/_from_inbox/high_watchers_definitive_audit_prompt.md	kw:prompt
3c	inbox-route	00_Inbox_Unsorted/Music Library Refactor [01635118B7].md	19_Music_Arts_Design/_from_inbox/Music Library Refactor [01635118B7].md	kw:\bmusic
3c	inbox-route	00_Inbox_Unsorted/doctor_who_original_series_episodes_deluxe_season_episode_numbers [3770F163DE].md	12_Entertainment/_from_inbox/doctor_who_original_series_episodes_deluxe_season_episode_numbers [3770F163DE].md	kw:episode
3c	inbox-route	00_Inbox_Unsorted/loan-agreement-7021258 [35752CDC1E].md	03_Finance_Taxes_and_Loans/_from_inbox/loan-agreement-7021258 [35752CDC1E].md	kw:\bloan
3c	inbox-route	00_Inbox_Unsorted/Business Cards - Mockup (Two Cards) [875BA374AA].md	01_Business_Sharp_House_Solutions/_from_inbox/Business Cards - Mockup (Two Cards) [875BA374AA].md	kw:business\ card
3c	inbox-route	00_Inbox_Unsorted/Music List (Golden Record Edition).md	19_Music_Arts_Design/_from_inbox/Music List (Golden Record Edition).md	kw:\bmusic
3c	inbox-route	00_Inbox_Unsorted/Quotes_Batch_1_Full_updated [7D5B7FE628].md	14_Reading_Quotes_Philosophy/_from_inbox/Quotes_Batch_1_Full_updated [7D5B7FE628].md	kw:\bquote
3c	inbox-route	00_Inbox_Unsorted/Quotes_Doubled_Extended.md	14_Reading_Quotes_Philosophy/_from_inbox/Quotes_Doubled_Extended.md	kw:\bquote
3c	inbox-route	00_Inbox_Unsorted/Canticle_of_the_Flawed_Equilibrium_Two_Column_Doub_260108_153747.md	15_Writing_Literature/_from_inbox/Canticle_of_the_Flawed_Equilibrium_Two_Column_Doub_260108_153747.md	kw:canticle
3c	inbox-route	00_Inbox_Unsorted/Music idea YouTube ­ƒÆí.md	19_Music_Arts_Design/_from_inbox/Music idea YouTube ­ƒÆí.md	kw:\bmusic
3c	inbox-route	00_Inbox_Unsorted/Claude_Reference_README.md	05_AI_Tools_and_Guides/_from_inbox/Claude_Reference_README.md	kw:claude
3c	inbox-route	00_Inbox_Unsorted/Quotes_Batch_1_121-130.md	14_Reading_Quotes_Philosophy/_from_inbox/Quotes_Batch_1_121-130.md	kw:\bquote
3c	inbox-route	00_Inbox_Unsorted/I-9 - List of Acceptable Documents [BACDFEA3E2].md	16_Personal_NSFW/_from_inbox/I-9 - List of Acceptable Documents [BACDFEA3E2].md	kw:cum
3c	inbox-route	00_Inbox_Unsorted/Uber Ride Playlist Progression.md	02_Business_Gig_Work_and_Careers/_from_inbox/Uber Ride Playlist Progression.md	kw:uber
3c	inbox-route	00_Inbox_Unsorted/policy-document (2) [B094B2A3C4].md	16_Personal_NSFW/_from_inbox/policy-document (2) [B094B2A3C4].md	kw:cum
3c	inbox-route	00_Inbox_Unsorted/┬Ñ_Markdown_Inbox_Movie listt.md	12_Entertainment/_from_inbox/┬Ñ_Markdown_Inbox_Movie listt.md	kw:movie
3c	inbox-route	00_Inbox_Unsorted/Quotes_Batch_1_Full_1-140.md	14_Reading_Quotes_Philosophy/_from_inbox/Quotes_Batch_1_Full_1-140.md	kw:\bquote
3c	inbox-route	00_Inbox_Unsorted/Original quote list [59DCEEEC4C].md	14_Reading_Quotes_Philosophy/_from_inbox/Original quote list [59DCEEEC4C].md	kw:\bquote
3c	inbox-route	00_Inbox_Unsorted/03 - VAULT PHILOSOPHY AND DESIGN MEMORY.md	19_Music_Arts_Design/_from_inbox/03 - VAULT PHILOSOPHY AND DESIGN MEMORY.md	kw:\bdesign 
3c	inbox-route	00_Inbox_Unsorted/Enable CSS snippet- GraphFirst Vault Identity (v3).md	18_Tech_Reference/_from_inbox/Enable CSS snippet- GraphFirst Vault Identity (v3).md	kw:\bcss\b
3c	inbox-route	00_Inbox_Unsorted/Business Card - Logo + QR (Mockup) [F7390874FC].md	01_Business_Sharp_House_Solutions/_from_inbox/Business Card - Logo + QR (Mockup) [F7390874FC].md	kw:business\ card
3c	inbox-route	00_Inbox_Unsorted/Quote Compilation Request.md	14_Reading_Quotes_Philosophy/_from_inbox/Quote Compilation Request.md	kw:\bquote
3c	inbox-route	00_Inbox_Unsorted/ultimate guide to maximizing your shift earnings ­ƒù║´©Å [D8A62F93E7].md	02_Business_Gig_Work_and_Careers/_from_inbox/ultimate guide to maximizing your shift earnings ­ƒù║´©Å [D8A62F93E7].md	kw:earnings
3c	inbox-route	00_Inbox_Unsorted/Movie_Sequels_Chronological_Renumbered.md	12_Entertainment/_from_inbox/Movie_Sequels_Chronological_Renumbered.md	kw:movie
3c	inbox-route	00_Inbox_Unsorted/Master kink list ­ƒôØ [1B3FA8E4C1].md	16_Personal_NSFW/_from_inbox/Master kink list ­ƒôØ [1B3FA8E4C1].md	kw: kink
3c	inbox-route	00_Inbox_Unsorted/Philosophy MOC (kit).md	06_Knowledge_Management_PKM/_from_inbox/Philosophy MOC (kit).md	kw: moc 
3c	inbox-route	00_Inbox_Unsorted/youtube_music_30_playlist_prompts-2.md	05_AI_Tools_and_Guides/_from_inbox/youtube_music_30_playlist_prompts-2.md	kw:prompt
3c	inbox-route	00_Inbox_Unsorted/Music Genre Universe [699FE09B93].md	19_Music_Arts_Design/_from_inbox/Music Genre Universe [699FE09B93].md	kw:\bmusic
3c	inbox-route	00_Inbox_Unsorted/Please format the markdown file so that the parag.. [96AA514428].md	09_Legal_Contracts_Insurance_Housing/_from_inbox/Please format the markdown file so that the parag.. [96AA514428].md	kw:lease
3c	inbox-route	00_Inbox_Unsorted/Quote_Review_Board.md	14_Reading_Quotes_Philosophy/_from_inbox/Quote_Review_Board.md	kw:\bquote
3c	inbox-route	00_Inbox_Unsorted/llm_subscription_atlas_redo_v3 [8DAFFE996F].md	05_AI_Tools_and_Guides/_from_inbox/llm_subscription_atlas_redo_v3 [8DAFFE996F].md	kw:llm
3c	inbox-route	00_Inbox_Unsorted/Sub Punishments Updated.md	16_Personal_NSFW/_from_inbox/Sub Punishments Updated.md	kw:sub\ punishment
3c	inbox-route	00_Inbox_Unsorted/LLM Strengths & Best Use Case Breakdown Table.md	05_AI_Tools_and_Guides/_from_inbox/LLM Strengths & Best Use Case Breakdown Table.md	kw:llm
3c	inbox-route	00_Inbox_Unsorted/Music Library Refactor - Hierarchy Layout [40C6E4A996].md	19_Music_Arts_Design/_from_inbox/Music Library Refactor - Hierarchy Layout [40C6E4A996].md	kw:\bmusic
3c	inbox-route	00_Inbox_Unsorted/Business Card - Logo Side (Dark) [F95FA8ED6E].md	01_Business_Sharp_House_Solutions/_from_inbox/Business Card - Logo Side (Dark) [F95FA8ED6E].md	kw:business\ card
3c	inbox-route	00_Inbox_Unsorted/Resume (1).md	02_Business_Gig_Work_and_Careers/_from_inbox/Resume (1).md	kw:resume
3c	inbox-route	00_Inbox_Unsorted/music Uber playlists ­ƒÄÁ­ƒÄÂ­ƒÄÁ.md	02_Business_Gig_Work_and_Careers/_from_inbox/music Uber playlists ­ƒÄÁ­ƒÄÂ­ƒÄÁ.md	kw:uber
3c	inbox-route	00_Inbox_Unsorted/music_list_hierarchical_colorcoded_v6c.md	19_Music_Arts_Design/_from_inbox/music_list_hierarchical_colorcoded_v6c.md	kw:\bmusic
3c	inbox-route	00_Inbox_Unsorted/music genre universe styled [5E23847F38].md	19_Music_Arts_Design/_from_inbox/music genre universe styled [5E23847F38].md	kw:\bmusic
3c	inbox-route	00_Inbox_Unsorted/Toyota Corolla Financing Statements (Aug - Oct) [FB6B4DD196].md	11_Vehicles/_from_inbox/Toyota Corolla Financing Statements (Aug - Oct) [FB6B4DD196].md	kw:corolla
3c	inbox-route	00_Inbox_Unsorted/doctor_who_complete_episode_index_deluxe_with_doctors_v3.md	12_Entertainment/_from_inbox/doctor_who_complete_episode_index_deluxe_with_doctors_v3.md	kw:episode
3c	inbox-route	00_Inbox_Unsorted/movie_serious_scores_unshaped.md	12_Entertainment/_from_inbox/movie_serious_scores_unshaped.md	kw:movie
3c	inbox-route	00_Inbox_Unsorted/Folgezettel - 100a.1 Showing How Folgezettel Works.md	50_Implications_Zettelkasten/_from_inbox/Folgezettel - 100a.1 Showing How Folgezettel Works.md	kw:zettel
3c	inbox-route	00_Inbox_Unsorted/Chat GPT Subscription Comparison Chart [2F44072A76].md	05_AI_Tools_and_Guides/_from_inbox/Chat GPT Subscription Comparison Chart [2F44072A76].md	kw: gpt 
3c	inbox-route	00_Inbox_Unsorted/Business Card - Kyle [206D643B54].md	01_Business_Sharp_House_Solutions/_from_inbox/Business Card - Kyle [206D643B54].md	kw:business\ card
3c	inbox-route	00_Inbox_Unsorted/VeritasQuo_IconSystem_Gemini_AllPrompts_v1.md	41_Veritas_Quo_Codex/_from_inbox/VeritasQuo_IconSystem_Gemini_AllPrompts_v1.md	kw:veritasquo
3c	inbox-route	00_Inbox_Unsorted/Master kink list ­ƒôØ [40E063DA3F].md	16_Personal_NSFW/_from_inbox/Master kink list ­ƒôØ [40E063DA3F].md	kw: kink
3c	inbox-route	00_Inbox_Unsorted/ultimate guide to maximizing your shift earnings ­ƒù║´©Å [C19BAD45BF].md	02_Business_Gig_Work_and_Careers/_from_inbox/ultimate guide to maximizing your shift earnings ­ƒù║´©Å [C19BAD45BF].md	kw:earnings
3c	inbox-route	00_Inbox_Unsorted/Systems MOC (kit).md	06_Knowledge_Management_PKM/_from_inbox/Systems MOC (kit).md	kw: moc 
3c	inbox-route	00_Inbox_Unsorted/Personal Philosophy [2568D832B2].md	14_Reading_Quotes_Philosophy/_from_inbox/Personal Philosophy [2568D832B2].md	kw:philosophy
3c	inbox-route	00_Inbox_Unsorted/DESIGN.md	19_Music_Arts_Design/_from_inbox/DESIGN.md	kw:\bdesign 
3c	inbox-route	00_Inbox_Unsorted/Canticle_of_the_Flawed_Equilibrium_Artistic_Recreated [C4A7D7EFC8].md	15_Writing_Literature/_from_inbox/Canticle_of_the_Flawed_Equilibrium_Artistic_Recreated [C4A7D7EFC8].md	kw:canticle
3c	inbox-route	00_Inbox_Unsorted/ÔëíãÆ├ä┬╝Movie RatingsÔëíãÆ├ä┬╝.md	12_Entertainment/_from_inbox/ÔëíãÆ├ä┬╝Movie RatingsÔëíãÆ├ä┬╝.md	kw:movie
3c	inbox-route	00_Inbox_Unsorted/Master kink list ­ƒôØ.md	16_Personal_NSFW/_from_inbox/Master kink list ­ƒôØ.md	kw: kink
3c	inbox-route	00_Inbox_Unsorted/Music Library Refactor- Hierarchy Layout [4467041618].md	19_Music_Arts_Design/_from_inbox/Music Library Refactor- Hierarchy Layout [4467041618].md	kw:\bmusic
3c	inbox-route	00_Inbox_Unsorted/Doctor Who - Complete Episode Index [A6C3E518D2].md	12_Entertainment/_from_inbox/Doctor Who - Complete Episode Index [A6C3E518D2].md	kw:episode
3c	inbox-route	00_Inbox_Unsorted/Image generation prompts for creatures in the back rooms.md	05_AI_Tools_and_Guides/_from_inbox/Image generation prompts for creatures in the back rooms.md	kw:prompt
3c	inbox-route	00_Inbox_Unsorted/Business Card - Thomas - Contact Side.md	01_Business_Sharp_House_Solutions/_from_inbox/Business Card - Thomas - Contact Side.md	kw:business\ card
3c	inbox-route	00_Inbox_Unsorted/vaults__veritys-quote___archive-governance__CHANGELOG.md.md	14_Reading_Quotes_Philosophy/_from_inbox/vaults__veritys-quote___archive-governance__CHANGELOG.md.md	kw:\bquote
3c	inbox-route	00_Inbox_Unsorted/vaults__veritys-quote___archive-governance___governance__MIGRATION_REPORT.md.md	14_Reading_Quotes_Philosophy/_from_inbox/vaults__veritys-quote___archive-governance___governance__MIGRATION_REPORT.md.md	kw:\bquote
3c	inbox-route	00_Inbox_Unsorted/slut-trainer-tracker-app.md	16_Personal_NSFW/_from_inbox/slut-trainer-tracker-app.md	kw:slut
3c	inbox-route	00_Inbox_Unsorted/icon-prompt-library-v3.md	05_AI_Tools_and_Guides/_from_inbox/icon-prompt-library-v3.md	kw:prompt
3c	inbox-route	00_Inbox_Unsorted/commercial document.md	16_Personal_NSFW/_from_inbox/commercial document.md	kw:cum
3c	inbox-route	00_Inbox_Unsorted/Reorganized Movie List Partial.md	12_Entertainment/_from_inbox/Reorganized Movie List Partial.md	kw:movie
3c	inbox-route	00_Inbox_Unsorted/Orgasm Control.md	16_Personal_NSFW/_from_inbox/Orgasm Control.md	kw:orgasm
3c	inbox-route	00_Inbox_Unsorted/PayPal Transactions (Aug - Nov).md	03_Finance_Taxes_and_Loans/_from_inbox/PayPal Transactions (Aug - Nov).md	kw:paypal
3c	inbox-route	00_Inbox_Unsorted/loan-agreement-7021258.md	03_Finance_Taxes_and_Loans/_from_inbox/loan-agreement-7021258.md	kw:\bloan
3c	inbox-route	00_Inbox_Unsorted/novel_with_cover [D0C3367D2F].md	15_Writing_Literature/_from_inbox/novel_with_cover [D0C3367D2F].md	kw:\bnovel
3c	inbox-route	00_Inbox_Unsorted/music library songs.md	19_Music_Arts_Design/_from_inbox/music library songs.md	kw:\bmusic
3c	inbox-route	00_Inbox_Unsorted/Formatted Collection of Quotes and Citations v6 Final.md	14_Reading_Quotes_Philosophy/_from_inbox/Formatted Collection of Quotes and Citations v6 Final.md	kw:\bquote
3c	inbox-route	00_Inbox_Unsorted/Quote Compilation Request [1532A3BBBB].md	14_Reading_Quotes_Philosophy/_from_inbox/Quote Compilation Request [1532A3BBBB].md	kw:\bquote
3c	inbox-route	00_Inbox_Unsorted/Thomas_Densley_Sales_Resume (1).md	02_Business_Gig_Work_and_Careers/_from_inbox/Thomas_Densley_Sales_Resume (1).md	kw:resume
3c	inbox-route	00_Inbox_Unsorted/Music Library Refactor- Hierarchy Layout [CC38A2151B].md	19_Music_Arts_Design/_from_inbox/Music Library Refactor- Hierarchy Layout [CC38A2151B].md	kw:\bmusic
3c	inbox-route	00_Inbox_Unsorted/Do you suffer from note-taking.md	06_Knowledge_Management_PKM/_from_inbox/Do you suffer from note-taking.md	kw:note\-taking
3c	inbox-route	00_Inbox_Unsorted/Chat GPT Subscription Comparison Chart [D8C94B90C6].md	05_AI_Tools_and_Guides/_from_inbox/Chat GPT Subscription Comparison Chart [D8C94B90C6].md	kw: gpt 
3c	inbox-route	00_Inbox_Unsorted/Music Library Refactor.md	19_Music_Arts_Design/_from_inbox/Music Library Refactor.md	kw:\bmusic
3c	inbox-route	00_Inbox_Unsorted/Music_Library_Refactor_FINAL [A41C59B8DB].md	19_Music_Arts_Design/_from_inbox/Music_Library_Refactor_FINAL [A41C59B8DB].md	kw:\bmusic
3c	inbox-route	00_Inbox_Unsorted/OV - TierV - The Terminal Horizon of Carcosa (2).md	18_Tech_Reference/_from_inbox/OV - TierV - The Terminal Horizon of Carcosa (2).md	kw:terminal
3c	inbox-route	00_Inbox_Unsorted/LLM_Subscription_Atlas_2-Page_Matrix [45CE232CF9].md	05_AI_Tools_and_Guides/_from_inbox/LLM_Subscription_Atlas_2-Page_Matrix [45CE232CF9].md	kw:llm
3c	inbox-route	00_Inbox_Unsorted/Prompt to Rewrite _Vacancy_ as a Pocket FM Audio Web Novel [E009752986].md	05_AI_Tools_and_Guides/_from_inbox/Prompt to Rewrite _Vacancy_ as a Pocket FM Audio Web Novel [E009752986].md	kw:prompt
3c	inbox-route	00_Inbox_Unsorted/Original quote list [327713F9DB].md	14_Reading_Quotes_Philosophy/_from_inbox/Original quote list [327713F9DB].md	kw:\bquote
3c	inbox-route	00_Inbox_Unsorted/only_in_TSPDT_1000.md	12_Entertainment/_from_inbox/only_in_TSPDT_1000.md	kw:tspdt
3c	inbox-route	00_Inbox_Unsorted/I-9 - List of Acceptable Documents.md	16_Personal_NSFW/_from_inbox/I-9 - List of Acceptable Documents.md	kw:cum
3c	inbox-route	00_Inbox_Unsorted/Movies_with_Quotes_Batch7.md	12_Entertainment/_from_inbox/Movies_with_Quotes_Batch7.md	kw:movie
3c	inbox-route	00_Inbox_Unsorted/Music_Library_Refactor_ELEGANT_COMPRESSED_REV7 [FA9070104C].md	19_Music_Arts_Design/_from_inbox/Music_Library_Refactor_ELEGANT_COMPRESSED_REV7 [FA9070104C].md	kw:\bmusic
3c	inbox-route	00_Inbox_Unsorted/PKM_Overview_Pretty_Princess 2.md	06_Knowledge_Management_PKM/_from_inbox/PKM_Overview_Pretty_Princess 2.md	kw:pkm
3c	inbox-route	00_Inbox_Unsorted/Updated Music Entries Deduplicated.md	19_Music_Arts_Design/_from_inbox/Updated Music Entries Deduplicated.md	kw:\bmusic
3c	inbox-route	00_Inbox_Unsorted/final_document.md	16_Personal_NSFW/_from_inbox/final_document.md	kw:cum
3c	inbox-route	00_Inbox_Unsorted/Music idea YouTube [1D5B20F805].md	19_Music_Arts_Design/_from_inbox/Music idea YouTube [1D5B20F805].md	kw:\bmusic
3c	inbox-route	00_Inbox_Unsorted/LLM_Subscription_Atlas_Cover [E806B15BC9].md	05_AI_Tools_and_Guides/_from_inbox/LLM_Subscription_Atlas_Cover [E806B15BC9].md	kw:llm
3c	inbox-route	00_Inbox_Unsorted/movies_not_in_both.md	12_Entertainment/_from_inbox/movies_not_in_both.md	kw:movie
3c	inbox-route	00_Inbox_Unsorted/Master Quote List.md	14_Reading_Quotes_Philosophy/_from_inbox/Master Quote List.md	kw:\bquote
3c	inbox-route	00_Inbox_Unsorted/Updated Music Entries Deduplicated from Screenshots.md	19_Music_Arts_Design/_from_inbox/Updated Music Entries Deduplicated from Screenshots.md	kw:\bmusic
3c	inbox-route	00_Inbox_Unsorted/quotes_artistic_final_sharpened_opt [F16455D1B6].md	14_Reading_Quotes_Philosophy/_from_inbox/quotes_artistic_final_sharpened_opt [F16455D1B6].md	kw:\bquote
3c	inbox-route	00_Inbox_Unsorted/quotes_dedup_no_squares.md	14_Reading_Quotes_Philosophy/_from_inbox/quotes_dedup_no_squares.md	kw:\bquote
3c	inbox-route	00_Inbox_Unsorted/HarpersBazaar_50_Movies_About_Sex_PLUS_Rated.md	12_Entertainment/_from_inbox/HarpersBazaar_50_Movies_About_Sex_PLUS_Rated.md	kw:movie
3c	inbox-route	00_Inbox_Unsorted/HarpersBazaar_50_Movies_About_Sex_PLUS.md	12_Entertainment/_from_inbox/HarpersBazaar_50_Movies_About_Sex_PLUS.md	kw:movie
3c	inbox-route	00_Inbox_Unsorted/PayPal Transactions (Aug - Nov) ­ƒÆ▓ [C9CDB8CF23].md	03_Finance_Taxes_and_Loans/_from_inbox/PayPal Transactions (Aug - Nov) ­ƒÆ▓ [C9CDB8CF23].md	kw:paypal
3c	inbox-route	00_Inbox_Unsorted/Roofing price breakdown chart.md	01_Business_Sharp_House_Solutions/_from_inbox/Roofing price breakdown chart.md	kw:roofing
3c	inbox-route	00_Inbox_Unsorted/high_watchers_definitive_audit_prompt [5FA1D442B2].md	05_AI_Tools_and_Guides/_from_inbox/high_watchers_definitive_audit_prompt [5FA1D442B2].md	kw:prompt
3c	inbox-route	00_Inbox_Unsorted/BATCH_4_Soundtrack_Score_Stage_FINAL.md	12_Entertainment/_from_inbox/BATCH_4_Soundtrack_Score_Stage_FINAL.md	kw:soundtrack
3c	inbox-route	00_Inbox_Unsorted/Master kink list.md	16_Personal_NSFW/_from_inbox/Master kink list.md	kw: kink
3c	inbox-route	00_Inbox_Unsorted/PayPal Transactions (Aug - Nov) ­ƒÆ▓ [5C6E84E025].md	03_Finance_Taxes_and_Loans/_from_inbox/PayPal Transactions (Aug - Nov) ­ƒÆ▓ [5C6E84E025].md	kw:paypal
3c	inbox-route	00_Inbox_Unsorted/Music_Library_Refactor_CLEAN_COLOR_REV4 [88AC7AF153].md	19_Music_Arts_Design/_from_inbox/Music_Library_Refactor_CLEAN_COLOR_REV4 [88AC7AF153].md	kw:\bmusic
3c	inbox-route	00_Inbox_Unsorted/Quote Compendium Unique No Labels.md	14_Reading_Quotes_Philosophy/_from_inbox/Quote Compendium Unique No Labels.md	kw:\bquote
3c	inbox-route	00_Inbox_Unsorted/doctor_who_original_series_episodes_deluxe [721FAC8AAB].md	12_Entertainment/_from_inbox/doctor_who_original_series_episodes_deluxe [721FAC8AAB].md	kw:episode
3c	inbox-route	00_Inbox_Unsorted/music_list_additional_improvements_report [2CAA01AC8C].md	19_Music_Arts_Design/_from_inbox/music_list_additional_improvements_report [2CAA01AC8C].md	kw:\bmusic
3c	inbox-route	00_Inbox_Unsorted/Kierkegaard - Fear and Trembling and The Sickness Unto Death - Distilled Resource.md	14_Reading_Quotes_Philosophy/_from_inbox/Kierkegaard - Fear and Trembling and The Sickness Unto Death - Distilled Resource.md	kw:kierkegaard
3c	inbox-route	00_Inbox_Unsorted/Business Cards - Mockup (Front and Back).md	01_Business_Sharp_House_Solutions/_from_inbox/Business Cards - Mockup (Front and Back).md	kw:business\ card
3c	inbox-route	00_Inbox_Unsorted/Letters to Mistress.md	16_Personal_NSFW/_from_inbox/Letters to Mistress.md	kw:mistress
3c	inbox-route	00_Inbox_Unsorted/BATCH_4_Soundtrack_Score_Stage_FINAL [CEBE6B22F2].md	12_Entertainment/_from_inbox/BATCH_4_Soundtrack_Score_Stage_FINAL [CEBE6B22F2].md	kw:soundtrack
3c	inbox-route	00_Inbox_Unsorted/PKM_Overview_Pretty_Princess-1.md	06_Knowledge_Management_PKM/_from_inbox/PKM_Overview_Pretty_Princess-1.md	kw:pkm
3c	inbox-route	00_Inbox_Unsorted/commercial document [E4641831C8].md	16_Personal_NSFW/_from_inbox/commercial document [E4641831C8].md	kw:cum
3c	inbox-route	00_Inbox_Unsorted/Movie-Ratings╬ô├ç├ÂBatch-1 (1).md	12_Entertainment/_from_inbox/Movie-Ratings╬ô├ç├ÂBatch-1 (1).md	kw:movie
3c	inbox-route	00_Inbox_Unsorted/Inspection-Ready Edges with Budget Gear [712B2D0614].md	03_Finance_Taxes_and_Loans/_from_inbox/Inspection-Ready Edges with Budget Gear [712B2D0614].md	kw:budget
3c	inbox-route	00_Inbox_Unsorted/quotes_artistic_final.md	14_Reading_Quotes_Philosophy/_from_inbox/quotes_artistic_final.md	kw:\bquote
3c	inbox-route	00_Inbox_Unsorted/Please provide me with a markdown file of all of t.md	09_Legal_Contracts_Insurance_Housing/_from_inbox/Please provide me with a markdown file of all of t.md	kw:lease
3c	inbox-route	00_Inbox_Unsorted/Music_Library_Refactor_CLEAN_COLOR_REV4.md	19_Music_Arts_Design/_from_inbox/Music_Library_Refactor_CLEAN_COLOR_REV4.md	kw:\bmusic
3c	inbox-route	00_Inbox_Unsorted/What I Want Mistress to Know About My Heart.md	16_Personal_NSFW/_from_inbox/What I Want Mistress to Know About My Heart.md	kw:mistress
3c	inbox-route	00_Inbox_Unsorted/music_list_hierarchical_colorcoded_v6c [0E025222AC].md	19_Music_Arts_Design/_from_inbox/music_list_hierarchical_colorcoded_v6c [0E025222AC].md	kw:\bmusic
3c	inbox-route	00_Inbox_Unsorted/loan_payoff_plan_thomas_densley [A023C00091].md	03_Finance_Taxes_and_Loans/_from_inbox/loan_payoff_plan_thomas_densley [A023C00091].md	kw:\bloan
3c	inbox-route	00_Inbox_Unsorted/Music idea YouTube.md	19_Music_Arts_Design/_from_inbox/Music idea YouTube.md	kw:\bmusic
3c	inbox-route	00_Inbox_Unsorted/Pricing proposals and agreements ÔÜ¬.md	01_Business_Sharp_House_Solutions/_from_inbox/Pricing proposals and agreements ÔÜ¬.md	kw:pricing\ proposal
3c	inbox-route	00_Inbox_Unsorted/Film updated list sample [D2EFF87858].md	12_Entertainment/_from_inbox/Film updated list sample [D2EFF87858].md	kw:film 
3c	inbox-route	00_Inbox_Unsorted/Sub Punishments Updated [46DDBDAC21].md	16_Personal_NSFW/_from_inbox/Sub Punishments Updated [46DDBDAC21].md	kw:sub\ punishment
3c	inbox-route	00_Inbox_Unsorted/Roofing price breakdown chart [17118B83B0].md	01_Business_Sharp_House_Solutions/_from_inbox/Roofing price breakdown chart [17118B83B0].md	kw:roofing
3c	inbox-route	00_Inbox_Unsorted/The Home note vs The MOC Library.md	06_Knowledge_Management_PKM/_from_inbox/The Home note vs The MOC Library.md	kw: moc 
3c	inbox-route	00_Inbox_Unsorted/Comparison of LLM Subscription Plans (Public Consumer Services).md	05_AI_Tools_and_Guides/_from_inbox/Comparison of LLM Subscription Plans (Public Consumer Services).md	kw:llm
3c	inbox-route	00_Inbox_Unsorted/document.md	16_Personal_NSFW/_from_inbox/document.md	kw:cum
3c	inbox-route	00_Inbox_Unsorted/Illustrated Structural Epic Prompts.md	05_AI_Tools_and_Guides/_from_inbox/Illustrated Structural Epic Prompts.md	kw:prompt
3c	inbox-route	00_Inbox_Unsorted/Business Card - Thomas - Split Design [B8251627D7].md	01_Business_Sharp_House_Solutions/_from_inbox/Business Card - Thomas - Split Design [B8251627D7].md	kw:business\ card
3c	inbox-route	00_Inbox_Unsorted/┬¡ãÆ├£├ç Flight School 2.5 (E) (Example).md	13_Tickets_Receipts_Travel/_from_inbox/┬¡ãÆ├£├ç Flight School 2.5 (E) (Example).md	kw:flight 
3c	inbox-route	00_Inbox_Unsorted/Music_Library_Refactor_ELEGANT_HIERARCHY_READABLE_REV10 [6EA97322F1].md	19_Music_Arts_Design/_from_inbox/Music_Library_Refactor_ELEGANT_HIERARCHY_READABLE_REV10 [6EA97322F1].md	kw:\bmusic
3c	inbox-route	00_Inbox_Unsorted/doctor_who_original_series_episodes.md	12_Entertainment/_from_inbox/doctor_who_original_series_episodes.md	kw:episode
3c	inbox-route	00_Inbox_Unsorted/Prompt_1_Protocol_Zeta_Plus [7C0CBF2023].md	05_AI_Tools_and_Guides/_from_inbox/Prompt_1_Protocol_Zeta_Plus [7C0CBF2023].md	kw:prompt
3c	inbox-route	00_Inbox_Unsorted/graphy-image-prompts.md	05_AI_Tools_and_Guides/_from_inbox/graphy-image-prompts.md	kw:prompt
3c	inbox-route	00_Inbox_Unsorted/Chat GPT Subscription Comparison Chart [663F698B4C].md	05_AI_Tools_and_Guides/_from_inbox/Chat GPT Subscription Comparison Chart [663F698B4C].md	kw: gpt 
3c	inbox-route	00_Inbox_Unsorted/Pricing proposals and agreements ╬ô├£┬¼.md	01_Business_Sharp_House_Solutions/_from_inbox/Pricing proposals and agreements ╬ô├£┬¼.md	kw:pricing\ proposal
3c	inbox-route	00_Inbox_Unsorted/Doctor Who - Complete Episode Index [CD33DAC142].md	12_Entertainment/_from_inbox/Doctor Who - Complete Episode Index [CD33DAC142].md	kw:episode
3c	inbox-route	00_Inbox_Unsorted/Music_Library_Refactor_FINAL.md	19_Music_Arts_Design/_from_inbox/Music_Library_Refactor_FINAL.md	kw:\bmusic
3c	inbox-route	00_Inbox_Unsorted/Original quote list.md	14_Reading_Quotes_Philosophy/_from_inbox/Original quote list.md	kw:\bquote
3c	inbox-route	00_Inbox_Unsorted/doctor_who_original_series_episodes [FF23B1EF5B].md	12_Entertainment/_from_inbox/doctor_who_original_series_episodes [FF23B1EF5B].md	kw:episode
3c	inbox-route	00_Inbox_Unsorted/Personal Philosophy [BB04CC525E].md	14_Reading_Quotes_Philosophy/_from_inbox/Personal Philosophy [BB04CC525E].md	kw:philosophy
3c	inbox-route	00_Inbox_Unsorted/Quotes_Batch_1.md	14_Reading_Quotes_Philosophy/_from_inbox/Quotes_Batch_1.md	kw:\bquote
3c	inbox-route	00_Inbox_Unsorted/Music Library Refactor - Hierarchy Layout [504A5251CF].md	19_Music_Arts_Design/_from_inbox/Music Library Refactor - Hierarchy Layout [504A5251CF].md	kw:\bmusic
3c	inbox-route	00_Inbox_Unsorted/Language MOC.md	06_Knowledge_Management_PKM/_from_inbox/Language MOC.md	kw: moc 
3c	inbox-route	00_Inbox_Unsorted/Mistress Rules & Rituals.md	16_Personal_NSFW/_from_inbox/Mistress Rules & Rituals.md	kw:mistress
3c	inbox-route	00_Inbox_Unsorted/Places MOC.md	06_Knowledge_Management_PKM/_from_inbox/Places MOC.md	kw: moc 
3c	inbox-route	00_Inbox_Unsorted/music_list_hierarchical_colorcoded_v7b [C0BE6F93EF].md	19_Music_Arts_Design/_from_inbox/music_list_hierarchical_colorcoded_v7b [C0BE6F93EF].md	kw:\bmusic
3c	inbox-route	00_Inbox_Unsorted/Music Library Refactor [81BFA5FF8C].md	19_Music_Arts_Design/_from_inbox/Music Library Refactor [81BFA5FF8C].md	kw:\bmusic
3c	inbox-route	00_Inbox_Unsorted/Full music list containing every entry use as reference to make sure you have every entry.md	19_Music_Arts_Design/_from_inbox/Full music list containing every entry use as reference to make sure you have every entry.md	kw:\bmusic
3c	inbox-route	00_Inbox_Unsorted/Music_Library_Refactor_ELEGANT_COMPRESSED_REV7.md	19_Music_Arts_Design/_from_inbox/Music_Library_Refactor_ELEGANT_COMPRESSED_REV7.md	kw:\bmusic
3c	inbox-route	00_Inbox_Unsorted/music_list_hierarchical_colorcoded_v7b.md	19_Music_Arts_Design/_from_inbox/music_list_hierarchical_colorcoded_v7b.md	kw:\bmusic
3c	inbox-summary	moved=383	left=1855	
3d	create-index	70_System_Templates/Maps/_index.md		10 notes
3d	create-index	70_System_Templates/Projects/_index.md		9 notes
3d	create-index	70_System_Templates/Sources/_index.md		10 notes
3d	create-index	70_System_Templates/Templates/_index.md		80 notes
3d	create-index	70_System_Templates/Actions/_index.md		10 notes
3d	create-index	70_System_Templates/Concepts/_index.md		6 notes
3d	create-index	70_System_Templates/System/_index.md		44 notes
3d	create-index	70_System_Templates/Hubs/_index.md		19 notes
3d	create-index	70_System_Templates/Philosophy_Prefix/_index.md		11 notes
3d	create-index	70_System_Templates/Vault_Control/_index.md		100 notes
3d	create-index	70_System_Templates/Refinements/_index.md		6 notes
3d	create-index	70_System_Templates/Persona_Prefix/_index.md		11 notes
3d	create-index	70_System_Templates/Examples_Prefix/_index.md		7 notes
3d	create-index	50_Implications_Zettelkasten/example-zettel-demo/06_convergence/_index.md		40 notes
3d	create-index	50_Implications_Zettelkasten/example-zettel-demo/02_basic-algebra/_index.md		106 notes
3d	create-index	50_Implications_Zettelkasten/example-zettel-demo/05_fantasy-commons/_index.md		88 notes
3d	create-index	50_Implications_Zettelkasten/example-zettel-demo/03_philosophy/_index.md		112 notes
3d	create-index	50_Implications_Zettelkasten/example-zettel-demo/04_psychology/_index.md		71 notes
3d	create-index	50_Implications_Zettelkasten/example-zettel-demo/01_elementary-logic/_index.md		90 notes
3d	create-index	50_Implications_Zettelkasten/axiom-codex/01 - Orange Original 15 Axioms/_index.md		16 notes
3d	create-index	50_Implications_Zettelkasten/axiom-codex/02 - Blue Converged Axioms/_index.md		51 notes
3d	create-index	50_Implications_Zettelkasten/axiom-codex/05 - Yellow Definition Examples/_index.md		172 notes
3d	create-index	50_Implications_Zettelkasten/axiom-codex/03 - Green Implications/_index.md		481 notes
3d	create-index	50_Implications_Zettelkasten/axiom-codex/04 - Purple Definition Implications/_index.md		172 notes
3d	create-index	50_Implications_Zettelkasten/_from_inbox/_index.md		6 notes
3d	create-index	50_Implications_Zettelkasten/Implications/_index.md		1008 notes
3d	create-index	50_Implications_Zettelkasten/Axioms/_index.md		92 notes
3d	create-index	50_Implications_Zettelkasten/_canonical-protocol/00_section-zero-mirror/_index.md		11 notes
3d	create-index	50_Implications_Zettelkasten/_canonical-protocol/00_canonical_v157/_index.md		19 notes
3d	create-index	50_Implications_Zettelkasten/Examples/_index.md		103 notes
3d	create-index	40_Universal_Codex/Book_06/Chapter_08/_index.md		9 notes
3d	create-index	40_Universal_Codex/Book_06/Chapter_03/_index.md		21 notes
3d	create-index	40_Universal_Codex/Book_06/Chapter_01/_index.md		21 notes
3d	create-index	40_Universal_Codex/Book_06/Chapter_06/_index.md		8 notes
3d	create-index	40_Universal_Codex/Book_06/Chapter_05/_index.md		8 notes
3d	create-index	40_Universal_Codex/Book_06/Chapter_04/_index.md		23 notes
3d	create-index	40_Universal_Codex/Book_06/Chapter_02/_index.md		21 notes
3d	create-index	40_Universal_Codex/Book_06/Chapter_07/_index.md		8 notes
3d	create-index	40_Universal_Codex/Appendix_K/_index.md		121 notes
3d	create-index	40_Universal_Codex/Book_01/Chapter_03/_index.md		18 notes
3d	create-index	40_Universal_Codex/Book_01/Chapter_01/_index.md		11 notes
3d	create-index	40_Universal_Codex/Book_01/Chapter_06/_index.md		14 notes
3d	create-index	40_Universal_Codex/Book_01/Chapter_05/_index.md		15 notes
3d	create-index	40_Universal_Codex/Book_01/Chapter_04/_index.md		14 notes
3d	create-index	40_Universal_Codex/Book_01/Chapter_02/_index.md		13 notes
3d	create-index	40_Universal_Codex/Book_01/Chapter_07/_index.md		22 notes
3d	create-index	40_Universal_Codex/Appendix_D/_index.md		10 notes
3d	create-index	40_Universal_Codex/Appendix_G/_index.md		7 notes
3d	create-index	40_Universal_Codex/Appendix_I/_index.md		7 notes
3d	create-index	40_Universal_Codex/Appendix_C/_index.md		14 notes
3d	create-index	40_Universal_Codex/_concepts/_index.md		65 notes
3d	create-index	40_Universal_Codex/Appendix_F/_index.md		14 notes
3d	create-index	40_Universal_Codex/Book_04/Chapter_03/_index.md		16 notes
3d	create-index	40_Universal_Codex/Book_04/Chapter_01/_index.md		16 notes
3d	create-index	40_Universal_Codex/Book_04/Chapter_05/_index.md		15 notes
3d	create-index	40_Universal_Codex/Book_04/Chapter_04/_index.md		14 notes
3d	create-index	40_Universal_Codex/Book_04/Chapter_02/_index.md		14 notes
3d	create-index	40_Universal_Codex/Book_03/Chapter_08/_index.md		10 notes
3d	create-index	40_Universal_Codex/Book_03/Chapter_03/_index.md		11 notes
3d	create-index	40_Universal_Codex/Book_03/Chapter_01/_index.md		9 notes
3d	create-index	40_Universal_Codex/Book_03/Chapter_06/_index.md		15 notes
3d	create-index	40_Universal_Codex/Book_03/Chapter_05/_index.md		15 notes
3d	create-index	40_Universal_Codex/Book_03/Chapter_04/_index.md		17 notes
3d	create-index	40_Universal_Codex/Book_03/Chapter_02/_index.md		13 notes
3d	create-index	40_Universal_Codex/Book_03/Chapter_07/_index.md		14 notes
3d	create-index	40_Universal_Codex/Book_03/Chapter_09/_index.md		10 notes
3d	create-index	40_Universal_Codex/Book_05/Chapter_08/_index.md		15 notes
3d	create-index	40_Universal_Codex/Book_05/Chapter_03/_index.md		14 notes
3d	create-index	40_Universal_Codex/Book_05/Chapter_01/_index.md		12 notes
3d	create-index	40_Universal_Codex/Book_05/Chapter_06/_index.md		15 notes
3d	create-index	40_Universal_Codex/Book_05/Chapter_05/_index.md		17 notes
3d	create-index	40_Universal_Codex/Book_05/Chapter_04/_index.md		15 notes
3d	create-index	40_Universal_Codex/Book_05/Chapter_02/_index.md		13 notes
3d	create-index	40_Universal_Codex/Book_05/Chapter_07/_index.md		18 notes
3d	create-index	40_Universal_Codex/Book_05/Chapter_09/_index.md		13 notes
3d	create-index	40_Universal_Codex/_General/_index.md		43 notes
3d	create-index	40_Universal_Codex/Book_02/Chapter_08/_index.md		11 notes
3d	create-index	40_Universal_Codex/Book_02/Chapter_03/_index.md		15 notes
3d	create-index	40_Universal_Codex/Book_02/Chapter_01/_index.md		15 notes
3d	create-index	40_Universal_Codex/Book_02/Chapter_06/_index.md		13 notes
3d	create-index	40_Universal_Codex/Book_02/Chapter_05/_index.md		11 notes
3d	create-index	40_Universal_Codex/Book_02/Chapter_04/_index.md		15 notes
3d	create-index	40_Universal_Codex/Book_02/Chapter_02/_index.md		13 notes
3d	create-index	40_Universal_Codex/Book_02/Chapter_07/_index.md		15 notes
3d	create-index	40_Universal_Codex/Book_02/Chapter_09/_index.md		14 notes
3d	create-index	40_Universal_Codex/Appendix_E/_index.md		14 notes
3d	create-index	40_Universal_Codex/Appendix_H/_index.md		17 notes
3d	create-index	40_Universal_Codex/Appendix_B/_index.md		14 notes
3d	create-index	19_Music_Arts_Design/_from_inbox/_index.md		62 notes
3d	create-index	19_Music_Arts_Design/Music/_index.md		16 notes
3d	create-index	19_Music_Arts_Design/General/_index.md		24 notes
3d	create-index	19_Music_Arts_Design/Excalidraw_Drawings/_index.md		7 notes
3d	create-index	30_Pharmacopoeia/_Trip_Reports/_index.md		13 notes
3d	create-index	30_Pharmacopoeia/Medical/_index.md		20 notes
3d	create-index	30_Pharmacopoeia/Medical/Long_Form_Parts/_index.md		11 notes
3d	create-index	30_Pharmacopoeia/Functional/_index.md		162 notes
3d	create-index	30_Pharmacopoeia/Functional/Long_Form_Parts/_index.md		27 notes
3d	create-index	30_Pharmacopoeia/Pneumatic/_index.md		102 notes
3d	create-index	30_Pharmacopoeia/Pneumatic/Long_Form_Parts/_index.md		15 notes
3d	create-index	30_Pharmacopoeia/Nutritional/_index.md		623 notes
3d	create-index	30_Pharmacopoeia/Chthonic/_index.md		61 notes
3d	create-index	30_Pharmacopoeia/Chthonic/Long_Form_Parts/_index.md		22 notes
3d	create-index	30_Pharmacopoeia/_General/_index.md		48 notes
3d	create-index	12_Entertainment/_from_inbox/_index.md		58 notes
3d	create-index	12_Entertainment/_Indexes/_index.md		19 notes
3d	create-index	12_Entertainment/Movie_List/Bazinga_Batches/_index.md		22 notes
3d	create-index	12_Entertainment/Movie_List/Standard_Catalog/_index.md		2070 notes
3d	create-index	12_Entertainment/Movie_List/Master_List/_index.md		36 notes
3d	create-index	12_Entertainment/Atlas_Earth/_index.md		20 notes
3d	create-index	09_Legal_Contracts_Insurance_Housing/_from_inbox/_index.md		6 notes
3d	create-index	09_Legal_Contracts_Insurance_Housing/General/_index.md		128 notes
3d	create-index	09_Legal_Contracts_Insurance_Housing/Contracts_Agreements/_index.md		51 notes
3d	create-index	09_Legal_Contracts_Insurance_Housing/Insurance/_index.md		7 notes
3d	create-index	07_Thomas_Persona/General/_index.md		61 notes
3d	create-index	07_Thomas_Persona/Journal_Dated/_index.md		195 notes
3d	create-index	98_Misc/PDF_References_Unsorted/_index.md		322 notes
3d	create-index	98_Misc/Untitled_Scratch/_index.md		82 notes
3d	create-index	60_MOCs/Catalogs/_index.md		19 notes
3d	create-index	60_MOCs/Source_Shelves/_index.md		30 notes
3d	create-index	60_MOCs/Codex_MOCs/_index.md		54 notes
3d	create-index	60_MOCs/Category_MOCs/_index.md		67 notes
3d	create-index	60_MOCs/Hubs/_index.md		83 notes
3d	create-index	60_MOCs/Other_MOCs/_index.md		31 notes
3d	create-index	17_Personal_Sensitive_Drugs/General/_index.md		10 notes
3d	create-index	17_Personal_Sensitive_Drugs/PDF_References/_index.md		8 notes
3d	create-index	15_Writing_Literature/Worldbuilding_References/_index.md		17 notes
3d	create-index	15_Writing_Literature/Drafts_Notes/_index.md		19 notes
3d	create-index	15_Writing_Literature/_from_inbox/_index.md		26 notes
3d	create-index	15_Writing_Literature/General/_index.md		100 notes
3d	create-index	15_Writing_Literature/Courtesy_Required_Book_Series/_index.md		54 notes
3d	create-index	15_Writing_Literature/Public_Domain_Stories/_index.md		45 notes
3d	create-index	15_Writing_Literature/Parables/_index.md		47 notes
3d	create-index	05_AI_Tools_and_Guides/_from_inbox/_index.md		54 notes
3d	create-index	05_AI_Tools_and_Guides/General/_index.md		148 notes
3d	create-index	05_AI_Tools_and_Guides/PDF_References/_index.md		16 notes
3d	create-index	05_AI_Tools_and_Guides/Prompting/_index.md		13 notes
3d	create-index	16_Personal_NSFW/_from_inbox/_index.md		33 notes
3d	create-index	16_Personal_NSFW/General/_index.md		68 notes
3d	create-index	16_Personal_NSFW/Sissy_Training/_index.md		10 notes
3d	create-index	04_Education_and_Training/General/_index.md		36 notes
3d	create-index	14_Reading_Quotes_Philosophy/_from_inbox/_index.md		61 notes
3d	create-index	14_Reading_Quotes_Philosophy/General/_index.md		25 notes
3d	create-index	14_Reading_Quotes_Philosophy/Philosophy_Essays/_index.md		30 notes
3d	create-index	14_Reading_Quotes_Philosophy/PDF_References/_index.md		14 notes
3d	create-index	14_Reading_Quotes_Philosophy/Quotes/_index.md		705 notes
3d	create-index	14_Reading_Quotes_Philosophy/Concepts/_index.md		37 notes
3d	create-index	14_Reading_Quotes_Philosophy/Jung-reference/_index.md		23 notes
3d	create-index	02_Business_Gig_Work_and_Careers/_from_inbox/_index.md		14 notes
3d	create-index	02_Business_Gig_Work_and_Careers/General/_index.md		265 notes
3d	create-index	02_Business_Gig_Work_and_Careers/PDF_References/_index.md		30 notes
3d	create-index	10_Health_Medical/General/_index.md		74 notes
3d	create-index	72_Security_Credentials/00_Doctrine/_index.md		13 notes
3d	create-index	72_Security_Credentials/30_Templates/_index.md		24 notes
3d	create-index	41_Veritas_Quo_Codex/18_Universal_Codex_Chapters/_index.md		17 notes
3d	create-index	41_Veritas_Quo_Codex/23_Backrooms_Novel/_index.md		16 notes
3d	create-index	41_Veritas_Quo_Codex/31_Synthesis_Adjudications/_index.md		26 notes
3d	create-index	41_Veritas_Quo_Codex/03_Trunk_3/_index.md		13 notes
3d	create-index	41_Veritas_Quo_Codex/13_Writing_Text/_index.md		56 notes
3d	create-index	41_Veritas_Quo_Codex/12_Health_Pharmacopoeia/_index.md		17 notes
3d	create-index	03_Finance_Taxes_and_Loans/_from_inbox/_index.md		20 notes
3d	create-index	01_Business_Sharp_House_Solutions/_from_inbox/_index.md		24 notes
3d	create-index	01_Business_Sharp_House_Solutions/Operations_Playbooks/_index.md		11 notes
3d	create-index	01_Business_Sharp_House_Solutions/General/_index.md		557 notes
3d	create-index	18_Tech_Reference/_from_inbox/_index.md		7 notes
3d	create-index	18_Tech_Reference/_System_Guides/_index.md		32 notes
3d	create-index	18_Tech_Reference/Vendor_Library_Docs/_index.md		63 notes
3d	create-index	06_Knowledge_Management_PKM/_from_inbox/_index.md		15 notes
3d	create-index	06_Knowledge_Management_PKM/General/_index.md		156 notes
3d	create-index	06_Knowledge_Management_PKM/PDF_References/_index.md		11 notes
3d	create-index	06_Knowledge_Management_PKM/Systems_Methods/_index.md		7 notes
3e	add-banners	Manus_Attachments_A part12 (11 png) + kavalactones link fix	notes_fixed=2	dangling banners 207->195 (rest truly missing)
