sha256	kept	removed	bytes
96c60e23096c5f8fdb92f5433e46de956087ecab72ae0dc53b169a0cb5b93b3f	00_Inbox_Unsorted/00_Framework-and-Synthesis__part-05.md	30_Pharmacopoeia/_pharmacopoeia-vault/Source Documents/00_Framework-and-Synthesis__part-05.md	78218
289b241ff57b46000f9bb6f03de112197fcba0c5e886fc2ed3d872730d029aa5	00_Inbox_Unsorted/compounds_by_framework.md	30_Pharmacopoeia/_pharmacopoeia-vault/Source Documents/compounds_by_framework.md	22492
fd07f5673a138c0f0d1e275964aad6e54207baa69608fd7ff57f7bd06eed2ce4	00_Inbox_Unsorted/00_Framework-and-Synthesis__part-04.md	30_Pharmacopoeia/_pharmacopoeia-vault/Source Documents/00_Framework-and-Synthesis__part-04.md	77738
19c18c1a4c2b6be105e192344c08c9d5989b4ca7345becbe3c3a6cf72f74fc99	00_Inbox_Unsorted/compounds_batched.md	30_Pharmacopoeia/_pharmacopoeia-vault/Source Documents/compounds_batched.md	10848
a60b5ebc5bd63c73b6d028851df7a597cb0211695a6b45f16621c1c331dfd7a0	00_Inbox_Unsorted/00_Framework-and-Synthesis__part-06.md	30_Pharmacopoeia/_pharmacopoeia-vault/Source Documents/00_Framework-and-Synthesis__part-06.md	78200
5db1e46777f8fa2057f43af764e4d14ccbfe194c327fc7857decbc8582b03be5	00_Inbox_Unsorted/compounds_extracted.md	30_Pharmacopoeia/_pharmacopoeia-vault/Source Documents/compounds_extracted.md	9246
af712b46e8cf050a7f87fcf3ba1d024e9f7b652045c6070ada3a5d318a730826	00_Inbox_Unsorted/00_Framework-and-Synthesis__part-07.md	30_Pharmacopoeia/_pharmacopoeia-vault/Source Documents/00_Framework-and-Synthesis__part-07.md	63076
e76edf3f0928f8c07a24fc9172dd7e249deb4a702f995f06c210a804dc6765f2	00_Inbox_Unsorted/Liber_Novus_Densley_Reordered_Source.md	30_Pharmacopoeia/_pharmacopoeia-vault/Source Documents/Liber_Novus_Densley_Reordered_Source.md	167338
b19727b6bd0f6f9cec7b2b40c511e9979dfbcf97dffaa90d9556421406008c70	00_Inbox_Unsorted/final_banner_visual_qa.md	30_Pharmacopoeia/_pharmacopoeia-vault/Manus Metadata/final_banner_visual_qa.md	1027
4e6a4c8ef158aadf7f0c0824e5a038e9f544c4d0f2dca3d83125883587394bac	00_Inbox_Unsorted/00_Framework-and-Synthesis__part-02.md	30_Pharmacopoeia/_pharmacopoeia-vault/Source Documents/00_Framework-and-Synthesis__part-02.md	74947
e7f8fd08ef3a8cb8c245c44a64c41f3d85fd4da11e9971f71a7e900f8996c2a9	00_Inbox_Unsorted/Liber_Novus_Densley_First_and_Second_Compendia_Combined.md	30_Pharmacopoeia/_pharmacopoeia-vault/Source Documents/Liber_Novus_Densley_First_and_Second_Compendia_Combined.md	36890
beb32e6784499ba19a2f74a21135534e7042cfb4b3a3637506abcb3be8d27346	00_Inbox_Unsorted/compass_artifact_wf-00ba4a0a-095d-42b9-a397-71b6bd4a2259_text_markdown.md	30_Pharmacopoeia/_pharmacopoeia-vault/Source Documents/compass_artifact_wf-00ba4a0a-095d-42b9-a397-71b6bd4a2259_text_markdown.md	2972
825d4a45ce34b384994e2a968c36ec4d863ca4942b85b18f7d7e3e4b547806f0	00_Inbox_Unsorted/00_Framework-and-Synthesis__part-03.md	30_Pharmacopoeia/_pharmacopoeia-vault/Source Documents/00_Framework-and-Synthesis__part-03.md	78409
96c2ff570da93eef20f4cee5501dc26552b40d16a2bab8b378448a0f9ea5dba8	00_Inbox_Unsorted/plants_of_power_and_plants_that_teach_dossier.md	30_Pharmacopoeia/_pharmacopoeia-vault/Source Documents/plants_of_power_and_plants_that_teach_dossier.md	133881
40970ecfb34722ecc471ae8a4810ff64630656d4abcba0e67f8ea7dbb0cf9dcb	00_Inbox_Unsorted/compound_visual_index.md	30_Pharmacopoeia/_pharmacopoeia-vault/Source Documents/compound_visual_index.md	22322
a3ab5bc665eaeba688becf415778dbfd710794b325be59d091b567b04f99bf0a	30_Pharmacopoeia/_Trip_Reports/Brugmansia - Trip Reports.md	30_Pharmacopoeia/_pharmacopoeia-vault/Trip Reports/Brugmansia - Trip Reports.md	4153
bb6be690377be6ac6c5cb2fc92e5fdcbf0d63d9d0105e074a757514382b1f608	30_Pharmacopoeia/_Trip_Reports/Henbane - Trip Reports.md	30_Pharmacopoeia/_pharmacopoeia-vault/Trip Reports/Henbane - Trip Reports.md	3649
21bf117f40e6377a07175e00307f42335c2cd1844e9a8f29f5bf7bd056f19a26	30_Pharmacopoeia/_Trip_Reports/Nutmeg - Trip Reports.md	30_Pharmacopoeia/_pharmacopoeia-vault/Trip Reports/Nutmeg - Trip Reports.md	7395
89c8504220b64a1f444202bb7154aaf474b171d029bfd1e27b27bacc595e5d6b	30_Pharmacopoeia/_Trip_Reports/Mandrake - Trip Reports.md	30_Pharmacopoeia/_pharmacopoeia-vault/Trip Reports/Mandrake - Trip Reports.md	7841
5c9e145365c1c9351b8faa260c1cef29dbdd793b91d367af66b044c5e7c5787c	30_Pharmacopoeia/_Trip_Reports/Ginkgo biloba - Trip Reports.md	30_Pharmacopoeia/_pharmacopoeia-vault/Trip Reports/Ginkgo biloba - Trip Reports.md	3539
ba28ade0f913404724bba22d4ce2067a8ca60e10cb54ed5dd940c4636ba1183b	30_Pharmacopoeia/_Trip_Reports/Galanthus nivalis - Trip Reports.md	30_Pharmacopoeia/_pharmacopoeia-vault/Trip Reports/Galanthus nivalis - Trip Reports.md	4483
ac7af13f4d1f8f803c8b941581a2db9480f9eb0feb2c795bc4bb7422f10689ea	30_Pharmacopoeia/_Trip_Reports/MDA - Trip Reports.md	30_Pharmacopoeia/_pharmacopoeia-vault/Trip Reports/MDA - Trip Reports.md	17139
06e9bd9365da00f70ae90e09420fddd5f621e2b089762ef1d3c2e02b50920c06	30_Pharmacopoeia/_Trip_Reports/Atropa belladonna - Trip Reports.md	30_Pharmacopoeia/_pharmacopoeia-vault/Trip Reports/Atropa belladonna - Trip Reports.md	4382
d23af78dec5a2cbc148d0654a5f76a27a4ccc843444148c170d6d4486df54450	30_Pharmacopoeia/_Trip_Reports/LSD - Trip Reports.md	30_Pharmacopoeia/_pharmacopoeia-vault/Trip Reports/LSD - Trip Reports.md	12733
38caf5fa9f77e989dcdc5bf14f7379901c6dd0f4eb287c02a81e34cb89e2f32b	30_Pharmacopoeia/_Trip_Reports/Belladonna - Trip Reports.md	30_Pharmacopoeia/_pharmacopoeia-vault/Trip Reports/Belladonna - Trip Reports.md	8352
8dc3b849ef14e2109762e4ba94be153915b387aaa3c0c6c22d7db556d68ed9d3	30_Pharmacopoeia/_Trip_Reports/Aconite - Trip Reports.md	30_Pharmacopoeia/_pharmacopoeia-vault/Trip Reports/Aconite - Trip Reports.md	3649
716834bb26652642fc4088ca5b9c5680e6520a731e26805b70f7c4a353d7dc51	30_Pharmacopoeia/_Trip_Reports/MDMA - Trip Reports.md	30_Pharmacopoeia/_pharmacopoeia-vault/Trip Reports/MDMA - Trip Reports.md	4475
c3eabe0c055e57f4df744b29d3be83fc9a5dc443837eea3b91870566821bc183	30_Pharmacopoeia/Medical/Long_Form_Parts/05_Medical__part-09.md	30_Pharmacopoeia/_pharmacopoeia-vault/05_Medical/05_Medical__part-09.md	71702
848b6515e4dbe12e2ec8fd8dc435cb052c1167e7df1c1db6dab47ffb1f85de99	30_Pharmacopoeia/Medical/Long_Form_Parts/05_Medical__part-02.md	30_Pharmacopoeia/_pharmacopoeia-vault/05_Medical/05_Medical__part-02.md	50622
f0f7a2c894ba5b6e1b5d95e5d6998f536a04ff3d875d45c66ad20bf6f7f6acca	30_Pharmacopoeia/Medical/Long_Form_Parts/05_Medical__part-05.md	30_Pharmacopoeia/_pharmacopoeia-vault/05_Medical/05_Medical__part-05.md	71714
8c13245770a3c05fe12aadd208ea8031d501c2b73c75032f0e249cb20f62c5e4	30_Pharmacopoeia/Medical/Long_Form_Parts/05_Medical__part-08.md	30_Pharmacopoeia/_pharmacopoeia-vault/05_Medical/05_Medical__part-08.md	44353
79181545fff827bd888f993a697e0ae2788d0bc36924b706217a55fb12963152	30_Pharmacopoeia/Medical/Long_Form_Parts/05_Medical__part-04.md	30_Pharmacopoeia/_pharmacopoeia-vault/05_Medical/05_Medical__part-04.md	67225
217e85cf227dc5124fb339776d8011baecf2227ba33bacbef231677fc7d9ad33	30_Pharmacopoeia/Medical/Long_Form_Parts/05_Medical__part-03.md	30_Pharmacopoeia/_pharmacopoeia-vault/05_Medical/05_Medical__part-03.md	67167
2e43308d0b7e74d9185f561f2af63feb84785551996d7ad926c710ed83b6c038	30_Pharmacopoeia/Medical/Long_Form_Parts/05_Medical__part-10.md	30_Pharmacopoeia/_pharmacopoeia-vault/05_Medical/05_Medical__part-10.md	615
0b6a4b2940fbf1355c8b704c12165fad4ab98ba3fd334728c437b2230cd776de	30_Pharmacopoeia/Medical/Long_Form_Parts/05_Medical__part-06.md	30_Pharmacopoeia/_pharmacopoeia-vault/05_Medical/05_Medical__part-06.md	60130
7d6c98e4debbfcc88bb60a77a6115656b71064256db242692946100de68e0e48	30_Pharmacopoeia/Medical/Long_Form_Parts/05_Medical__part-07.md	30_Pharmacopoeia/_pharmacopoeia-vault/05_Medical/05_Medical__part-07.md	64067
081ad85c3db47289cfb4ad10ce906abf743361412cbf82a674c6676e11f410dd	30_Pharmacopoeia/Functional/Long_Form_Parts/03_Functional-Somatic__part-14.md	30_Pharmacopoeia/_pharmacopoeia-vault/03_Functional-Somatic/03_Functional-Somatic__part-14.md	55950
93341d6411ff97e08474083a2b93385e1c53b0202e4d6b56a2c370cfb3eb4c09	30_Pharmacopoeia/Functional/Long_Form_Parts/03_Functional-Somatic__part-05.md	30_Pharmacopoeia/_pharmacopoeia-vault/03_Functional-Somatic/03_Functional-Somatic__part-05.md	71931
f38910d1313c5785620b051e2134f0a03af141221b36a810c36f7264a7f8c2ca	30_Pharmacopoeia/Functional/Long_Form_Parts/03_Functional-Somatic__part-21.md	30_Pharmacopoeia/_pharmacopoeia-vault/03_Functional-Somatic/03_Functional-Somatic__part-21.md	75216
c6b34e6ef0f8b1d9894820350e7e5850597cbd24131d0e2583a94e1abbb12115	30_Pharmacopoeia/Functional/Long_Form_Parts/03_Functional-Somatic__part-23.md	30_Pharmacopoeia/_pharmacopoeia-vault/03_Functional-Somatic/03_Functional-Somatic__part-23.md	63374
6741902a06df8db14ba65cc1de0aea05a8655d0c4a9b4d8a71bae1486972db22	30_Pharmacopoeia/Functional/Long_Form_Parts/03_Functional-Somatic__part-16.md	30_Pharmacopoeia/_pharmacopoeia-vault/03_Functional-Somatic/03_Functional-Somatic__part-16.md	53638
16bae057c763c43b6cd094a80923ac09b7dc02289839fbc7a52e2b6f155256ab	30_Pharmacopoeia/Functional/Long_Form_Parts/03_Functional-Somatic__part-19.md	30_Pharmacopoeia/_pharmacopoeia-vault/03_Functional-Somatic/03_Functional-Somatic__part-19.md	52307
1bc9359509b8713b99d20e615c9d6806d90570de83d27d450d06524dd687f311	30_Pharmacopoeia/Functional/Long_Form_Parts/03_Functional-Somatic__part-12.md	30_Pharmacopoeia/_pharmacopoeia-vault/03_Functional-Somatic/03_Functional-Somatic__part-12.md	73724
071ade2b2f9d988ff205977c1a8cebbff672a61206d1c37d79017fcf0c492d94	30_Pharmacopoeia/Functional/Long_Form_Parts/03_Functional-Somatic__part-02.md	30_Pharmacopoeia/_pharmacopoeia-vault/03_Functional-Somatic/03_Functional-Somatic__part-02.md	76319
1a66a91b97a6247ba9bd27c6d11b39f86ad54adb8877ae55b625b5641f55e75a	30_Pharmacopoeia/Functional/Long_Form_Parts/03_Functional-Somatic__part-11.md	30_Pharmacopoeia/_pharmacopoeia-vault/03_Functional-Somatic/03_Functional-Somatic__part-11.md	81599
b2284fa89278f79a455a7cf0806c1028eba8f4beff862bce0c907e31e8935640	30_Pharmacopoeia/Functional/Long_Form_Parts/03_Functional-Somatic__part-07.md	30_Pharmacopoeia/_pharmacopoeia-vault/03_Functional-Somatic/03_Functional-Somatic__part-07.md	73244
42db35cb24b8cc34a9e2d18deda8ed9f4d4f0ae0f280103a060ace74394dbbb8	30_Pharmacopoeia/Functional/Long_Form_Parts/03_Functional-Somatic__part-10.md	30_Pharmacopoeia/_pharmacopoeia-vault/03_Functional-Somatic/03_Functional-Somatic__part-10.md	56956
d28edede3e83ba52883e4079e1aade48601cd82cc8daac00879db74ee6c1280f	30_Pharmacopoeia/Functional/Long_Form_Parts/03_Functional-Somatic__part-17.md	30_Pharmacopoeia/_pharmacopoeia-vault/03_Functional-Somatic/03_Functional-Somatic__part-17.md	42573
e8008c1922fc67f0b96f1b2a23ff702544938c544aa3fb672a477079c916a448	30_Pharmacopoeia/Functional/Long_Form_Parts/03_Functional-Somatic__part-08.md	30_Pharmacopoeia/_pharmacopoeia-vault/03_Functional-Somatic/03_Functional-Somatic__part-08.md	75386
37b037ed5685c5648c95af0a9f69ea2a239ebf8cf5c6666a82f3796084d582c0	30_Pharmacopoeia/Functional/Long_Form_Parts/03_Functional-Somatic__part-03.md	30_Pharmacopoeia/_pharmacopoeia-vault/03_Functional-Somatic/03_Functional-Somatic__part-03.md	70168
0b0dcc8b3bf52643ce905b9522622cfb8864c5f29dc4717196f69edd00c63809	30_Pharmacopoeia/Functional/Long_Form_Parts/03_Functional-Somatic__part-18.md	30_Pharmacopoeia/_pharmacopoeia-vault/03_Functional-Somatic/03_Functional-Somatic__part-18.md	39034
12ceb78bdf6df92f978a1e56c3634921e7e51c8cd1a72a7c7adc695024b34f8d	30_Pharmacopoeia/Functional/Long_Form_Parts/03_Functional-Somatic__part-09.md	30_Pharmacopoeia/_pharmacopoeia-vault/03_Functional-Somatic/03_Functional-Somatic__part-09.md	37014
ff3d7d1600596c7a56d0257343dac68139c7ad855baa9ec8ec0e24af4130f985	30_Pharmacopoeia/Functional/Long_Form_Parts/03_Functional-Somatic__part-26.md	30_Pharmacopoeia/_pharmacopoeia-vault/03_Functional-Somatic/03_Functional-Somatic__part-26.md	23824
b64f0b7ce414d56a379e1384edf6b21770383fd0184916832b1e6c8341ba03d8	30_Pharmacopoeia/Functional/Long_Form_Parts/03_Functional-Somatic__part-15.md	30_Pharmacopoeia/_pharmacopoeia-vault/03_Functional-Somatic/03_Functional-Somatic__part-15.md	64093
70c609688e1f227f097af111c56631303f257564e9fcc70c58d5516d789c889d	30_Pharmacopoeia/Functional/Long_Form_Parts/03_Functional-Somatic__part-25.md	30_Pharmacopoeia/_pharmacopoeia-vault/03_Functional-Somatic/03_Functional-Somatic__part-25.md	57089
669adae72a27f4831462dead16a82fe21a2cbc042187d3f35b4c064827f87538	30_Pharmacopoeia/Functional/Long_Form_Parts/03_Functional-Somatic__part-04.md	30_Pharmacopoeia/_pharmacopoeia-vault/03_Functional-Somatic/03_Functional-Somatic__part-04.md	78995
b3aed9314563b7da186f85d9f4882b5d67f04182df74d4f52c3c240d1eeb1217	30_Pharmacopoeia/Functional/Long_Form_Parts/03_Functional-Somatic__part-24.md	30_Pharmacopoeia/_pharmacopoeia-vault/03_Functional-Somatic/03_Functional-Somatic__part-24.md	36827
d9776235255dc1a1f8ac1fa06a2bd86c867e28ad1e9696024a4929356bc76802	30_Pharmacopoeia/Functional/Long_Form_Parts/03_Functional-Somatic__part-22.md	30_Pharmacopoeia/_pharmacopoeia-vault/03_Functional-Somatic/03_Functional-Somatic__part-22.md	70814
dbdf12a75a82725c24e2b1ac12ae9fe9fbfb99f4ea538201f689fd377f5426fa	30_Pharmacopoeia/Functional/Long_Form_Parts/03_Functional-Somatic__part-20.md	30_Pharmacopoeia/_pharmacopoeia-vault/03_Functional-Somatic/03_Functional-Somatic__part-20.md	78086
ac8b106d6d6740030acc0fdb0153db2ec320ed7af9be005d34db7209304dfc5c	30_Pharmacopoeia/Functional/Long_Form_Parts/03_Functional-Somatic__part-06.md	30_Pharmacopoeia/_pharmacopoeia-vault/03_Functional-Somatic/03_Functional-Somatic__part-06.md	80054
79d6ab45b40811e0399fd72b94b42bdacbd667067ed771b901c4a75f564fb381	30_Pharmacopoeia/Functional/Long_Form_Parts/03_Functional-Somatic__part-13.md	30_Pharmacopoeia/_pharmacopoeia-vault/03_Functional-Somatic/03_Functional-Somatic__part-13.md	60762
778ec56f8b0ac11fb97ae79e41cb8da89f84ff7ba062e290f405ec4fcc276d90	30_Pharmacopoeia/_Master_Files/Pharmacopoeia_Unified (2) (1).md	30_Pharmacopoeia/_pharmacopoeia-vault/Source Documents/Pharmacopoeia_Unified (2) (1).md	358895
decf6ba16d60810fafe78f6d797cc4c3652daa464a81e7c91f4350dce33d17db	05_AI_Tools_and_Guides/General/deep-research-report (2).md	30_Pharmacopoeia/_pharmacopoeia-vault/Source Documents/deep-research-report (2).md	995
7918051dbf44cb8719574da71feb1484c208435ea954833158f9a24e5ea715b5	30_Pharmacopoeia/Pneumatic/Long_Form_Parts/02_Plants-that-Teach_Pneumatic__part-14.md	30_Pharmacopoeia/_pharmacopoeia-vault/02_Plants-that-Teach_Pneumatic/02_Plants-that-Teach_Pneumatic__part-14.md	13420
0c8fcf50c902d0ef78c3a4048c14f0d8f78b267ff3ab42144fb4b2357ab29231	30_Pharmacopoeia/Pneumatic/Long_Form_Parts/02_Plants-that-Teach_Pneumatic__part-02.md	30_Pharmacopoeia/_pharmacopoeia-vault/02_Plants-that-Teach_Pneumatic/02_Plants-that-Teach_Pneumatic__part-02.md	71617
29ffe78434b88220be3112443cb7a7696cbdadd15dac2259d3724498beef0cd0	30_Pharmacopoeia/Pneumatic/Long_Form_Parts/02_Plants-that-Teach_Pneumatic__part-06.md	30_Pharmacopoeia/_pharmacopoeia-vault/02_Plants-that-Teach_Pneumatic/02_Plants-that-Teach_Pneumatic__part-06.md	77744
37ed19172bb81cf099590bfc2d16afec7da0cc90782c90e87312a4f869db8f28	30_Pharmacopoeia/Pneumatic/Long_Form_Parts/02_Plants-that-Teach_Pneumatic__part-11.md	30_Pharmacopoeia/_pharmacopoeia-vault/02_Plants-that-Teach_Pneumatic/02_Plants-that-Teach_Pneumatic__part-11.md	4125
50cb487692a7e08ff45d0a00fa03502a41b7151a1c52f6c1d3bebd8b9c55ca21	30_Pharmacopoeia/Pneumatic/Long_Form_Parts/02_Plants-that-Teach_Pneumatic__part-07.md	30_Pharmacopoeia/_pharmacopoeia-vault/02_Plants-that-Teach_Pneumatic/02_Plants-that-Teach_Pneumatic__part-07.md	81790
e92393c7aead36fc945aab59067df1bc5179cf5fb9cbaece6dc3afaab9b1885d	30_Pharmacopoeia/Pneumatic/Long_Form_Parts/02_Plants-that-Teach_Pneumatic__part-12.md	30_Pharmacopoeia/_pharmacopoeia-vault/02_Plants-that-Teach_Pneumatic/02_Plants-that-Teach_Pneumatic__part-12.md	4556
d4b1354c5b9411d259ae7b3f1d0544dee0a957ffa22d2a6b096a07b1d09c09d4	30_Pharmacopoeia/Pneumatic/Long_Form_Parts/02_Plants-that-Teach_Pneumatic__part-13.md	30_Pharmacopoeia/_pharmacopoeia-vault/02_Plants-that-Teach_Pneumatic/02_Plants-that-Teach_Pneumatic__part-13.md	7527
1afbf248c131269ed4d11a4897f811818edadc505cd93aacac7c884e59b1031c	30_Pharmacopoeia/Pneumatic/Long_Form_Parts/02_Plants-that-Teach_Pneumatic__part-08.md	30_Pharmacopoeia/_pharmacopoeia-vault/02_Plants-that-Teach_Pneumatic/02_Plants-that-Teach_Pneumatic__part-08.md	69990
ea5b197d59319f19d4f5224b05bfb9ccf4cdbd34bac63e827a1b18d0d8252611	30_Pharmacopoeia/Pneumatic/Long_Form_Parts/02_Plants-that-Teach_Pneumatic__part-04.md	30_Pharmacopoeia/_pharmacopoeia-vault/02_Plants-that-Teach_Pneumatic/02_Plants-that-Teach_Pneumatic__part-04.md	72673
4c2f59196277753ff801aa9c25ec80554b5300d1cd7974f0a8cb9ce5c9735c2a	30_Pharmacopoeia/Pneumatic/Long_Form_Parts/02_Plants-that-Teach_Pneumatic__part-09.md	30_Pharmacopoeia/_pharmacopoeia-vault/02_Plants-that-Teach_Pneumatic/02_Plants-that-Teach_Pneumatic__part-09.md	62820
cdc57da9c620d93a04e892dd547c484de94f2efce0535f020728f66b29d64c80	30_Pharmacopoeia/Pneumatic/Long_Form_Parts/02_Plants-that-Teach_Pneumatic__part-05.md	30_Pharmacopoeia/_pharmacopoeia-vault/02_Plants-that-Teach_Pneumatic/02_Plants-that-Teach_Pneumatic__part-05.md	76996
84e1082b659a284ede058fa1913312cc555b170bc3ab05abfc327a5f462506e3	30_Pharmacopoeia/Pneumatic/Long_Form_Parts/02_Plants-that-Teach_Pneumatic__part-10.md	30_Pharmacopoeia/_pharmacopoeia-vault/02_Plants-that-Teach_Pneumatic/02_Plants-that-Teach_Pneumatic__part-10.md	6256
68baadff976dd1c09b11cdfe11540b1f0b377fad5c5e4151bf2224f5f3413df0	30_Pharmacopoeia/Pneumatic/Long_Form_Parts/02_Plants-that-Teach_Pneumatic__part-03.md	30_Pharmacopoeia/_pharmacopoeia-vault/02_Plants-that-Teach_Pneumatic/02_Plants-that-Teach_Pneumatic__part-03.md	75343
9d06ad0b2f51803ccf0e2cce7c2f05ab790f2fc588c6f51b5bb14781c4e4b3fc	30_Pharmacopoeia/Nutritional/magnolol.md	30_Pharmacopoeia/_pharmacopoeia-vault/Manus Compound Notes/magnolol.md	1780
8603a7216887698470076dbba0502c1e2e7c24335ab6560ad7b527d95adbcf21	30_Pharmacopoeia/Nutritional/Shatavarins.md	30_Pharmacopoeia/_pharmacopoeia-vault/Manus Compound Notes/Shatavarins.md	1508
dc4a38d5ca2d755e6ee47cb66c1d16be36b19c259d8523965c9fefa568d63068	30_Pharmacopoeia/Nutritional/Centella asiatica.md	30_Pharmacopoeia/_pharmacopoeia-vault/Manus Compound Notes/Centella asiatica.md	1773
b6a0f748e2dd7f99c4a06945942eda51a980128be132f79139f18e47cf8cfa1c	30_Pharmacopoeia/Functional/Reishi triterpenoids.md	30_Pharmacopoeia/_pharmacopoeia-vault/Manus Compound Notes/Reishi triterpenoids.md	1441
4cf0f0447768cdf26f62cbd45eeb336656deb5e4653f285d9f436c3f31612702	30_Pharmacopoeia/Functional/Antimalarials.md	30_Pharmacopoeia/_pharmacopoeia-vault/Manus Compound Notes/Antimalarials.md	1349
f3c65078a8126073356d2e2cbf9771762a06d257430ae4e159d04ab93766ad66	30_Pharmacopoeia/Nutritional/Lycium barbarum.md	30_Pharmacopoeia/_pharmacopoeia-vault/Manus Compound Notes/Lycium barbarum.md	1849
8ec849e0a6473d4c7df63e4fd1b85f4485487b4cb37f7c3ded7c908064de2cb0	30_Pharmacopoeia/Nutritional/scopoletin.md	30_Pharmacopoeia/_pharmacopoeia-vault/Manus Compound Notes/scopoletin.md	1871
22df5401ab735a0d534bfb6eb523e2dcf3866dd2e1a7e50584782764ef6e072b	30_Pharmacopoeia/Pneumatic/amphetamine.md	30_Pharmacopoeia/_pharmacopoeia-vault/Manus Compound Notes/amphetamine.md	1577
bd1e95985fabc58c57bd50db92f0fe8e03efa995b377e6dfa577ce9797f58ab2	30_Pharmacopoeia/Chthonic/Conium maculatum.md	30_Pharmacopoeia/_pharmacopoeia-vault/Manus Compound Notes/Conium maculatum.md	1594
a9e2d580eed1d62d8300f771ffa22c47a5d53c883d42b1226334005ba27e978f	30_Pharmacopoeia/Nutritional/Acacia confusa.md	30_Pharmacopoeia/_pharmacopoeia-vault/Manus Compound Notes/Acacia confusa.md	1559
ca62f5a0796e7a8f675fe105293e91a8935a1c6be68360aca16b39a0b224a9c5	30_Pharmacopoeia/Nutritional/ethanol.md	30_Pharmacopoeia/_pharmacopoeia-vault/Manus Compound Notes/ethanol.md	1714
2cbb15bdacc65881c580182104400b866a9550fde4d4cc2f8dd95405c8cdb8ee	30_Pharmacopoeia/Functional/Buspar.md	30_Pharmacopoeia/_pharmacopoeia-vault/Manus Compound Notes/Buspar.md	1713
69aca7bebeafac25dadb463f88adf6bbdd37ee50ba3dc4b574d22f64838a15f1	30_Pharmacopoeia/Nutritional/akuammine.md	30_Pharmacopoeia/_pharmacopoeia-vault/Manus Compound Notes/akuammine.md	1703
f89ae7fb05592f04e79c9a0405cb206069cbeb5864cac031015889c435c49209	30_Pharmacopoeia/Nutritional/anemonin.md	30_Pharmacopoeia/_pharmacopoeia-vault/Manus Compound Notes/anemonin.md	1664
b21637265caf9f00ef92767ce89d35fe50f6f070eb4a18057d512f62a86e854e	30_Pharmacopoeia/Functional/Ilex paraguariensis.md	30_Pharmacopoeia/_pharmacopoeia-vault/Manus Compound Notes/Ilex paraguariensis.md	1750
9119f1c80ec736475d14658e6aaee0c2028332edf40f0a38ec22d7713290d90f	30_Pharmacopoeia/Chthonic/Mandrake.md	30_Pharmacopoeia/_pharmacopoeia-vault/Manus Compound Notes/Mandrake.md	1525
98e8f30eeccc406b9df7ace8b63c25b9c629b1b086d270c2dd1e19c12616458b	30_Pharmacopoeia/Pneumatic/ibogaine.md	30_Pharmacopoeia/_pharmacopoeia-vault/Manus Compound Notes/ibogaine.md	1939
deaee2ebe631539e80ebe44ad474fd1d9b583ad9875a427c0461c55624408415	30_Pharmacopoeia/Nutritional/lupeol.md	30_Pharmacopoeia/_pharmacopoeia-vault/Manus Compound Notes/lupeol.md	1997
ad36b7e3b0e5b6fe52a721c2b8b4444c627523da82205ee498cb2d9d891b1279	30_Pharmacopoeia/Nutritional/jatamansone (valeranone.md	30_Pharmacopoeia/_pharmacopoeia-vault/Manus Compound Notes/jatamansone (valeranone.md	1442
2405c35a6c4a1074ee13a50e759aa3675a3cd6ecd1e3e23b5a00edf930ad8cb8	30_Pharmacopoeia/Functional/Coriolus versicolor.md	30_Pharmacopoeia/_pharmacopoeia-vault/Manus Compound Notes/Coriolus versicolor.md	1778
897e004ab37fb09a0887d551f6481a2b142fda92e0f31f554d82417f7494204c	30_Pharmacopoeia/Nutritional/Lactuca virosa.md	30_Pharmacopoeia/_pharmacopoeia-vault/Manus Compound Notes/Lactuca virosa.md	1919
1fa3694ecf015b16065b7159f948785cc63a092068062b3e9e7aa1955a573036	30_Pharmacopoeia/Nutritional/Myrica gale.md	30_Pharmacopoeia/_pharmacopoeia-vault/Manus Compound Notes/Myrica gale.md	1422
d1487b9683daddb6208509f1cfcd78fb41e08f49a91c9e32603baa94f430fd46	30_Pharmacopoeia/Nutritional/Trichilia catigua.md	30_Pharmacopoeia/_pharmacopoeia-vault/Manus Compound Notes/Trichilia catigua.md	1821
9f0e9b41d19d6ed9f8eacb31bf72bb26694b0eeb51f4224b629a355eac759925	30_Pharmacopoeia/Pneumatic/anhalonidine.md	30_Pharmacopoeia/_pharmacopoeia-vault/Manus Compound Notes/anhalonidine.md	1700
0d86db32df33237f28743d184f934221486be1d7d3544b406fa781618172209d	30_Pharmacopoeia/Nutritional/isorhynchophylline.md	30_Pharmacopoeia/_pharmacopoeia-vault/Manus Compound Notes/isorhynchophylline.md	1734
2f926be4b14319fe811e32f6437ba73b46fefee6233d2e24aafc5c18dbca3e5a	30_Pharmacopoeia/Functional/chlorogenic acid.md	30_Pharmacopoeia/_pharmacopoeia-vault/Manus Compound Notes/chlorogenic acid.md	1795
632ad39a6a7d8d22c5d6e7eed274f15b22b95ef682859abf5a7d50ce3ee2b280	30_Pharmacopoeia/Pneumatic/ecstasy.md	30_Pharmacopoeia/_pharmacopoeia-vault/Manus Compound Notes/ecstasy.md	1612
400bbac51fbce2e912407c915bb7bc5616f49293b3e4259f8d3fad5721a933cc	30_Pharmacopoeia/Functional/7-hydroxymitragynine.md	30_Pharmacopoeia/_pharmacopoeia-vault/Manus Compound Notes/7-hydroxymitragynine.md	1743
7274c472bd0efe43546ae5128f547ccdd57bc7c2e77615cff3524e95d4ad1293	30_Pharmacopoeia/Nutritional/Ophiocordyceps sinensis.md	30_Pharmacopoeia/_pharmacopoeia-vault/Manus Compound Notes/Ophiocordyceps sinensis.md	1775
9111983ec21c663bc882ec8beaec3e4fb72a0f869a68675ff3f2d079ace98481	30_Pharmacopoeia/Functional/MMDA.md	30_Pharmacopoeia/_pharmacopoeia-vault/Manus Compound Notes/MMDA.md	1606
736290efb9023d095766a413a447aa4379cdcb8d97382aa2361b9067fe8095c2	30_Pharmacopoeia/Medical/noscapine.md	30_Pharmacopoeia/_pharmacopoeia-vault/Manus Compound Notes/noscapine.md	1793
a379b7776fa71e43397b4e7f0a723a9e6442348811dbca6df8d64699d6b0f737	30_Pharmacopoeia/Functional/Concerta.md	30_Pharmacopoeia/_pharmacopoeia-vault/Manus Compound Notes/Concerta.md	1616
7a1454ad890238c1a0dd669e4b2d106b9385f03c8932ad8ba87734013b29b597	30_Pharmacopoeia/Nutritional/tortuosamine.md	30_Pharmacopoeia/_pharmacopoeia-vault/Manus Compound Notes/tortuosamine.md	2078
7e81d701f054f24d751e25cabb7eba5c425432d953509a1a09e76100cd33ade0	30_Pharmacopoeia/Pneumatic/MDMA.md	30_Pharmacopoeia/_pharmacopoeia-vault/Manus Compound Notes/MDMA.md	1808
78f556ff18854bf948cbc1834d727e50d9593e5ec9a340f67dbd44afd65fc187	30_Pharmacopoeia/Nutritional/hyperforin.md	30_Pharmacopoeia/_pharmacopoeia-vault/Manus Compound Notes/hyperforin.md	1792
5d6b05d265f177d2662c2525bbfd81a8d7018c5de78d14bddb9ad84f93d6fba7	30_Pharmacopoeia/Functional/rivastigmine.md	30_Pharmacopoeia/_pharmacopoeia-vault/Manus Compound Notes/rivastigmine.md	1679
49c42567cc502d77d4dbdd5a366288f973756a6af32d1a361de0660bbfe6fdb3	30_Pharmacopoeia/Pneumatic/DMT.md	30_Pharmacopoeia/_pharmacopoeia-vault/Manus Compound Notes/DMT.md	1989
0b04acbe58660d480b9b62e3b5b44276082bea6ee0ce7932ed5750fb981feee1	30_Pharmacopoeia/Nutritional/boldine.md	30_Pharmacopoeia/_pharmacopoeia-vault/Manus Compound Notes/boldine.md	1694
2b60084c6fcc3f520cd6f3c289647dbda36982b702e3ddf66b810887eab21169	30_Pharmacopoeia/Chthonic/Mandragora turcomanica.md	30_Pharmacopoeia/_pharmacopoeia-vault/Manus Compound Notes/Mandragora turcomanica.md	1573
55a7ff63171c6e3648c6330147ed2691a63f8f65a4f6ddea148fd5d77928c7d4	30_Pharmacopoeia/Pneumatic/Echinopsis pachanoi.md	30_Pharmacopoeia/_pharmacopoeia-vault/Manus Compound Notes/Echinopsis pachanoi.md	1596
9a8083c64201a351780b051ab69c208919bd582b64e1c0c649aba10f46d24534	30_Pharmacopoeia/Nutritional/Palmitoleic acid.md	30_Pharmacopoeia/_pharmacopoeia-vault/Manus Compound Notes/Palmitoleic acid.md	1643
1b858d473c4bec79e293644a5cde4e4f70fd1b9b5ac1be4593a2d6217358f476	30_Pharmacopoeia/Nutritional/chavibetol.md	30_Pharmacopoeia/_pharmacopoeia-vault/Manus Compound Notes/chavibetol.md	1742
14a1f840a95b6653b5485663f086f395a0553b3e96f8d55bd88af3dcd7c8304f	30_Pharmacopoeia/Nutritional/Tremellan polysaccharides.md	30_Pharmacopoeia/_pharmacopoeia-vault/Manus Compound Notes/Tremellan polysaccharides.md	1501
a9492ff95f98dd6ed3063c7a9332dcf0f77e41cf152bd7c8542bd4b960b3baa4	30_Pharmacopoeia/Nutritional/citral.md	30_Pharmacopoeia/_pharmacopoeia-vault/Manus Compound Notes/citral.md	1686
5c7a8e610b8aa2b1938b01071a704bf90da60824eb2f12feea2147dc14aefa83	30_Pharmacopoeia/Chthonic/piperidine alkaloids.md	30_Pharmacopoeia/_pharmacopoeia-vault/Manus Compound Notes/piperidine alkaloids.md	1467
04ca9e00dd372970d89e3440e9967e1a712562f0f85ddd828a4e6c05e8d784c9	30_Pharmacopoeia/Nutritional/biflavonoids.md	30_Pharmacopoeia/_pharmacopoeia-vault/Manus Compound Notes/biflavonoids.md	1466
b727de8859d0269b8c39cbb9d9abd212be430554e4247b3c6c742ccc556227fa	30_Pharmacopoeia/Functional/biflavonoids (kolaviron.md	30_Pharmacopoeia/_pharmacopoeia-vault/Manus Compound Notes/biflavonoids (kolaviron.md	1613
62c9f1d8f1918c0045055339c75f758fd0db734921b54dac03e3c9f302c33eb6	30_Pharmacopoeia/Nutritional/codonopilates.md	30_Pharmacopoeia/_pharmacopoeia-vault/Manus Compound Notes/codonopilates.md	1702
3db20722f571b8f10340b12e09fb5a9808b55d670030e13c58762ded337f3dbb	30_Pharmacopoeia/Nutritional/taxine alkaloids.md	30_Pharmacopoeia/_pharmacopoeia-vault/Manus Compound Notes/taxine alkaloids.md	1435
9199088514c9e7d960645458f48eac05b83a7824cef9df1867e8dd81aea8bf8a	30_Pharmacopoeia/Pneumatic/lysergic acid hydroxyethylamide.md	30_Pharmacopoeia/_pharmacopoeia-vault/Manus Compound Notes/lysergic acid hydroxyethylamide.md	1489
56bfa72c32c4f946c227bb2342aef842b17434af75eb2ddef8e8efda0e6df046	30_Pharmacopoeia/_By_Structure/Source_Substances/Rosmarinus officinalis.md	30_Pharmacopoeia/_pharmacopoeia-vault/Manus Compound Notes/Rosmarinus officinalis.md	1757
efb9ba1c235400b3f09cf85907dad9395b93f1a0fc16ebe59c346df6ebe658eb	30_Pharmacopoeia/Nutritional/Piper betle.md	30_Pharmacopoeia/_pharmacopoeia-vault/Manus Compound Notes/Piper betle.md	1632
3accf9f7fa1de8a2cfb9dbd860be516658de837d8580ce95b28dec2d8757f4ec	30_Pharmacopoeia/Pneumatic/harmine.md	30_Pharmacopoeia/_pharmacopoeia-vault/Manus Compound Notes/harmine.md	1708
d24339169b2ee7ff354ab6155710ed6f4a20af183073cf389e65a57e0d85d7d4	30_Pharmacopoeia/Nutritional/Hippophae rhamnoides.md	30_Pharmacopoeia/_pharmacopoeia-vault/Manus Compound Notes/Hippophae rhamnoides.md	1759
64486c313d4cd66b4ef4f35e9e552d42c8a2798931efa226e72c62ef6f87b7f8	30_Pharmacopoeia/Functional/Hericium erinaceus.md	30_Pharmacopoeia/_pharmacopoeia-vault/Manus Compound Notes/Hericium erinaceus.md	1788
86e754aedce600ca24ed1c1eba0ac65f687084d94a2630a6ca23bf8a0be054d8	30_Pharmacopoeia/Nutritional/triterpenes.md	30_Pharmacopoeia/_pharmacopoeia-vault/Manus Compound Notes/triterpenes.md	1751
a4940677145f804cdacd6c756dcb153ba4b5c37a33d20158a0a187b96134b2f8	30_Pharmacopoeia/_By_Structure/Source_Substances/Melissa officinalis.md	30_Pharmacopoeia/_pharmacopoeia-vault/Manus Compound Notes/Melissa officinalis.md	1789
d4182853f3650eddb43f9d67b9bea489bd28fc16ebeb246e96bf9b9cf92e5143	30_Pharmacopoeia/Chthonic/Datura ceratocaula.md	30_Pharmacopoeia/_pharmacopoeia-vault/Manus Compound Notes/Datura ceratocaula.md	1590
95b4f469e24fd5b99662bc7960b3f8d7456ba1e8870f9e03c5688ad0eea3ee4b	30_Pharmacopoeia/Nutritional/Panicum miliaceum.md	30_Pharmacopoeia/_pharmacopoeia-vault/Manus Compound Notes/Panicum miliaceum.md	1420
5c498884679da74e10007c57472bc85df21cf14e4560d317ca919c69c60962a7	30_Pharmacopoeia/Pneumatic/vertine.md	30_Pharmacopoeia/_pharmacopoeia-vault/Manus Compound Notes/vertine.md	1755
89f2ba851172cfbf114d892173725798acb75af02d9d338f4cd90e2c6f78f863	30_Pharmacopoeia/Pneumatic/Ayahuasca.md	30_Pharmacopoeia/_pharmacopoeia-vault/Manus Compound Notes/Ayahuasca.md	1624
1f2fa3c8f39e561adb7a84fa554ec14c2c6c4cd2818edf07f76cd7070c055bbf	30_Pharmacopoeia/Nutritional/Prunus domestica.md	30_Pharmacopoeia/_pharmacopoeia-vault/Manus Compound Notes/Prunus domestica.md	1413
cccdc4117734c6df35891fadadff19ce77b8e0675703b8395c3fcee55fea1a46	30_Pharmacopoeia/Pneumatic/anhalonine.md	30_Pharmacopoeia/_pharmacopoeia-vault/Manus Compound Notes/anhalonine.md	1726
502905a46285db217a00267877a36d50bb9583fce1cc6c390e4be58850bdb34b	30_Pharmacopoeia/Nutritional/Puma concolor.md	30_Pharmacopoeia/_pharmacopoeia-vault/Manus Compound Notes/Puma concolor.md	1486
b465692de5927026b6885dd622560d0e106aee65aefd5472356472d0e315f0e2	30_Pharmacopoeia/Nutritional/MAO-inhibiting Ôò¼Ôûô-carbolines.md	30_Pharmacopoeia/_pharmacopoeia-vault/Manus Compound Notes/MAO-inhibiting ╬▓-carbolines.md	1465
239201faaf93d9bef66392c7f4d87e81bccfebacd06d04d41fd4b7b051f706ea	30_Pharmacopoeia/Pneumatic/N,N-dimethyltryptamine.md	30_Pharmacopoeia/_pharmacopoeia-vault/Manus Compound Notes/N,N-dimethyltryptamine.md	1710
1c7640a558ca536d22cef6a1195682b2afe139acb82fee0961839ac660cdaaff	30_Pharmacopoeia/Nutritional/L-carnitine.md	30_Pharmacopoeia/_pharmacopoeia-vault/Manus Compound Notes/L-carnitine.md	1641
2401acaae8adcb323c6e8dbee07a9dbb19f4d6b2ca254fbc50ab757a4ea351f5	30_Pharmacopoeia/Pneumatic/5-HT2A receptor.md	30_Pharmacopoeia/_pharmacopoeia-vault/Manus Compound Notes/5-HT2A receptor.md	1405
a760db09697575e24a9f55e5347c7e08f3214730f04715a1f4a5658b774342b7	30_Pharmacopoeia/Nutritional/Piper methysticum.md	30_Pharmacopoeia/_pharmacopoeia-vault/Manus Compound Notes/Piper methysticum.md	1852
1fd9006566f257f6c2b5b626c602faf037227058a2ecb4e5435bf299aae3c8b4	30_Pharmacopoeia/Chthonic/Datura ferox.md	30_Pharmacopoeia/_pharmacopoeia-vault/Manus Compound Notes/Datura ferox.md	1548
62a32cca73c7f77c8c84c05dd4f24adb325214467f1c6b0a9b0326f8c7c5dd74	30_Pharmacopoeia/Nutritional/Petiveria alliacea.md	30_Pharmacopoeia/_pharmacopoeia-vault/Manus Compound Notes/Petiveria alliacea.md	1427
dbac0f9892e35d4fff01a8da5b0e0332e2a58f0216d5a1f0b78da8963540d063	30_Pharmacopoeia/Pneumatic/Trichocereus pachanoi.md	30_Pharmacopoeia/_pharmacopoeia-vault/Manus Compound Notes/Trichocereus pachanoi.md	1558
5227c8a8b7220ac45273898ae0933f31fc2f3cb3c60a27fce66986651f957686	30_Pharmacopoeia/Functional/Agaricus subrufescens.md	30_Pharmacopoeia/_pharmacopoeia-vault/Manus Compound Notes/Agaricus subrufescens.md	1733
5ecf520b73453bcb711db99c1a4d608f94e62b4f8ee49961780b9e6e479ef11e	30_Pharmacopoeia/Nutritional/kolaviron.md	30_Pharmacopoeia/_pharmacopoeia-vault/Manus Compound Notes/kolaviron.md	1743
3baf4380ee0eff9586d0b9ae90bbf933656c25623fea17ec3a558a4dfbc36deb	30_Pharmacopoeia/Nutritional/jatamansone.md	30_Pharmacopoeia/_pharmacopoeia-vault/Manus Compound Notes/jatamansone.md	1781
502c681994c142be1d712476cc1eccd877fbec68f0fd0f6c8824b8589230bf9b	30_Pharmacopoeia/Pneumatic/d-lysergic acid amide.md	30_Pharmacopoeia/_pharmacopoeia-vault/Manus Compound Notes/d-lysergic acid amide.md	1784
ffe851cfa1250aa9a5e4ac19fde866b9afb8759b9e8d97f339bd6c084d4177dd	30_Pharmacopoeia/Pneumatic/sinicuichine.md	30_Pharmacopoeia/_pharmacopoeia-vault/Manus Compound Notes/sinicuichine.md	1412
6990c499cc8e265a6d1386540de7fa6f14c47d17487ddfb066c550cfd6a4e2ea	30_Pharmacopoeia/Nutritional/harpagoside.md	30_Pharmacopoeia/_pharmacopoeia-vault/Manus Compound Notes/harpagoside.md	1840
7badfe728ea65d1f2f6d95bdde508f53d1cceb9c9362cd848624d6850cd464e1	30_Pharmacopoeia/Nutritional/Ledum palustre.md	30_Pharmacopoeia/_pharmacopoeia-vault/Manus Compound Notes/Ledum palustre.md	1445
39c02061fa4cee0cf33754c8a872070005fea4cca245d63d777333973f9544b0	30_Pharmacopoeia/Functional/choline.md	30_Pharmacopoeia/_pharmacopoeia-vault/Manus Compound Notes/choline.md	1573
623480b484dd4254ef633b3395d53636501a718a19548f80f38fc9ba07194116	30_Pharmacopoeia/Nutritional/Citrus aurantium.md	30_Pharmacopoeia/_pharmacopoeia-vault/Manus Compound Notes/Citrus aurantium.md	1704
32311e3bdf1c3112b8913a19595a2c5863f2f94c28832e7db4c82ef8f42388e0	30_Pharmacopoeia/Functional/Cathinones.md	30_Pharmacopoeia/_pharmacopoeia-vault/Manus Compound Notes/Cathinones.md	1451
dd30c4e8d1c0f4ba354fb5501a8fbb44b877691fc24103055407bac49ecdf531	30_Pharmacopoeia/Nutritional/Avena sativa.md	30_Pharmacopoeia/_pharmacopoeia-vault/Manus Compound Notes/Avena sativa.md	1385
a5079d28586d4b3c3395c7d3b55c98ce2b7bfb0c58c3665f05773cef22d8d717	30_Pharmacopoeia/Chthonic/cardiac glycosides.md	30_Pharmacopoeia/_pharmacopoeia-vault/Manus Compound Notes/cardiac glycosides.md	1535
fe8de574bb1bb824c29d3f76b551d7124175cedc218784548853bc2be3d8469b	30_Pharmacopoeia/Nutritional/astragalosides.md	30_Pharmacopoeia/_pharmacopoeia-vault/Manus Compound Notes/astragalosides.md	2186
63b4d0a721eedfd9d088c381808b9462313de1e02cd668292042254fa90b67ab	30_Pharmacopoeia/Nutritional/Blue Lotus.md	30_Pharmacopoeia/_pharmacopoeia-vault/Manus Compound Notes/Blue Lotus.md	1410
bb65509128e6c1a4cb9f9de77e7d5b80f60825cd345668a20b2f7441dc4fe430	30_Pharmacopoeia/Nutritional/2,3,5,4├ö├çÔûô-tetrahydroxystilbene glycoside.md	30_Pharmacopoeia/_pharmacopoeia-vault/Manus Compound Notes/2,3,5,4ÔÇ▓-tetrahydroxystilbene glycoside.md	1882
058dc4338d071f3f5f69423ca2f35dcfdf5dfcbb3c2782d8acf467e810be6a8f	30_Pharmacopoeia/Nutritional/sesquiterpene lactones.md	30_Pharmacopoeia/_pharmacopoeia-vault/Manus Compound Notes/sesquiterpene lactones.md	1770
f50c9c6080c3b651514a7de3fb70f5440c914927d2a06498d1cdd58100275305	30_Pharmacopoeia/Nutritional/Ôò¼Ôûô-sitosterol.md	30_Pharmacopoeia/_pharmacopoeia-vault/Manus Compound Notes/╬▓-sitosterol.md	1365
5c1b8e4fdd390bd878aae8623ef6826f521249c8d60d8633e20df05b4915927a	30_Pharmacopoeia/Nutritional/Ptychopetalum olacoides.md	30_Pharmacopoeia/_pharmacopoeia-vault/Manus Compound Notes/Ptychopetalum olacoides.md	2042
d33ac4128f04ff07c64eff21a2b1294627638bea06f94c125b5e50c169a9edb3	30_Pharmacopoeia/Nutritional/ginsenosides (Rb1, Rg1, Re, Rd.md	30_Pharmacopoeia/_pharmacopoeia-vault/Manus Compound Notes/ginsenosides (Rb1, Rg1, Re, Rd.md	1475
bac265e95cdd387217e1cca5e13a24caba7eb8cad602e549da8ccbe2bd4f3ccc	30_Pharmacopoeia/Nutritional/Pfaffia paniculata.md	30_Pharmacopoeia/_pharmacopoeia-vault/Manus Compound Notes/Pfaffia paniculata.md	2007
63481fdb0103c9ae6cfa48e94610fe64931f44d2a8304b7d61720f062707fbf3	30_Pharmacopoeia/Functional/citicoline.md	30_Pharmacopoeia/_pharmacopoeia-vault/Manus Compound Notes/citicoline.md	1719
3428d6641973ec49b3ad97872a87724578a5719b67e370fbe93852592f6ec24b	30_Pharmacopoeia/Pneumatic/ketamine.md	30_Pharmacopoeia/_pharmacopoeia-vault/Manus Compound Notes/ketamine.md	1625
cfc69be81ae7909d357b977c3c70bd824b32028b86a25c5045d1b3af6cead100	30_Pharmacopoeia/Nutritional/Ôò¼Ôòæ-opioid receptor.md	30_Pharmacopoeia/_pharmacopoeia-vault/Manus Compound Notes/╬║-opioid receptor.md	1409
544e06c667f8fb533f91affff8ed377a0063f3fb6dc5fdef7fea6162af622f74	30_Pharmacopoeia/Pneumatic/ergometrine.md	30_Pharmacopoeia/_pharmacopoeia-vault/Manus Compound Notes/ergometrine.md	1834
496aad778316d8ca6676a4b1142c4dc863c4883429862e45de65d9b3ec607f14	30_Pharmacopoeia/Nutritional/verbenalin.md	30_Pharmacopoeia/_pharmacopoeia-vault/Manus Compound Notes/verbenalin.md	1756
4fb61d422bf52037bbedefb769ef9fcfd7a6063980ca08e0d02c0a73997b4b3c	30_Pharmacopoeia/Nutritional/coumarin.md	30_Pharmacopoeia/_pharmacopoeia-vault/Manus Compound Notes/coumarin.md	1865
4e68f504ecd21a172d5aec93b6a71fe661cb2aab4819aba8a6f630ce6fcec60c	30_Pharmacopoeia/Nutritional/Acer saccharum.md	30_Pharmacopoeia/_pharmacopoeia-vault/Manus Compound Notes/Acer saccharum.md	1399
551ceabe8b56a72d51cbe3d081f7355291f52f577effc6f7dd3fc3e4c5ca3149	30_Pharmacopoeia/Nutritional/channaine.md	30_Pharmacopoeia/_pharmacopoeia-vault/Manus Compound Notes/channaine.md	2116
53c6edaf742e3cc606cbf80bb01a6cc9661aa712ad5542e20a13e699e6bcbcbb	30_Pharmacopoeia/Nutritional/Panax quinquefolius.md	30_Pharmacopoeia/_pharmacopoeia-vault/Manus Compound Notes/Panax quinquefolius.md	1849
068409f692e902a22f8f9860dcc79b52876f4c8602029a67a05e6b8e0932e956	30_Pharmacopoeia/Nutritional/Ôò¼Ôûô-carboline.md	30_Pharmacopoeia/_pharmacopoeia-vault/Manus Compound Notes/╬▓-carboline.md	1494
b6ada2f96fe3a179787c4b64df48fbcb2a174fde19fb5000092ee119b6f646af	30_Pharmacopoeia/Nutritional/Saccharomyces unisporus.md	30_Pharmacopoeia/_pharmacopoeia-vault/Manus Compound Notes/Saccharomyces unisporus.md	1556
32a09e36250d12ccccad0996b0d60fa3de516a22b4584ca4b0eb112558547b01	30_Pharmacopoeia/Nutritional/Crocus sativus.md	30_Pharmacopoeia/_pharmacopoeia-vault/Manus Compound Notes/Crocus sativus.md	1521
4f8af40cac57536089443364bc62ea4fa692ac86ab3dca1c15cf44c94a385dfd	30_Pharmacopoeia/Nutritional/Origanum majorana.md	30_Pharmacopoeia/_pharmacopoeia-vault/Manus Compound Notes/Origanum majorana.md	1806
ff3c724abb3bf7ede80289909d3d010d08f06af315b8b3773e45cd55a3fec14e	30_Pharmacopoeia/Nutritional/Gentiana lutea.md	30_Pharmacopoeia/_pharmacopoeia-vault/Manus Compound Notes/Gentiana lutea.md	1891
630b2f8cd22095eac2379d827eb0216f3ab932ec15b9ecb5216daa18d5b5b667	30_Pharmacopoeia/Pneumatic/elemicin.md	30_Pharmacopoeia/_pharmacopoeia-vault/Manus Compound Notes/elemicin.md	1597
e00b9ab43287c68dfe71c970e0f86492c2be7d683be6be988fcde8e1ddc567a6	30_Pharmacopoeia/Pneumatic/methylergonovine.md	30_Pharmacopoeia/_pharmacopoeia-vault/Manus Compound Notes/methylergonovine.md	1856
1544932450ec60aa31e06fe3f4155307ea91d8a68477632f79ce794d07a2533e	30_Pharmacopoeia/Nutritional/Ophiopogon japonicus.md	30_Pharmacopoeia/_pharmacopoeia-vault/Manus Compound Notes/Ophiopogon japonicus.md	1775
d2bc1bedc0adbc671cfe623a942f6e1f4d6bf5849e56b6cca6a53b3c760e67c4	30_Pharmacopoeia/Pneumatic/nitric oxide.md	30_Pharmacopoeia/_pharmacopoeia-vault/Manus Compound Notes/nitric oxide.md	1553
c3df7d603491034b7a9fe19b86c1199a97fd05cddfbecafd5a62d510490d9071	30_Pharmacopoeia/Nutritional/NF-kB.md	30_Pharmacopoeia/_pharmacopoeia-vault/Manus Compound Notes/NF-kB.md	1319
325b434bf6df2b3b913de429552a9259e80cf4ed7a4404627a26c9f6397c2205	30_Pharmacopoeia/Nutritional/bacosides A and B.md	30_Pharmacopoeia/_pharmacopoeia-vault/Manus Compound Notes/bacosides A and B.md	1460
cbf11928ae552651eb78d7bebab3d6534af65b15b195d36d2ae1206e182b5c64	30_Pharmacopoeia/Nutritional/Artemisia dracunculus.md	30_Pharmacopoeia/_pharmacopoeia-vault/Manus Compound Notes/Artemisia dracunculus.md	1859
80494f8c3473abca633abe5ca36881a86cd189688ef3d46a16c16c0da06063b9	30_Pharmacopoeia/Functional/Paullinia yoco.md	30_Pharmacopoeia/_pharmacopoeia-vault/Manus Compound Notes/Paullinia yoco.md	1611
c5f8971b495bc85e07a20eb1c608d06fad349ff0634ea2d086597f51a6e826dd	30_Pharmacopoeia/Functional/dextromethorphan.md	30_Pharmacopoeia/_pharmacopoeia-vault/Manus Compound Notes/dextromethorphan.md	1808
ff5df69b5d567cad14e55e7b863d243d718f1b42d4a4fe4169110b0e7dfe8e8a	30_Pharmacopoeia/Functional/higenamine.md	30_Pharmacopoeia/_pharmacopoeia-vault/Manus Compound Notes/higenamine.md	1686
23095e2fef76eb30f5be6df33df43b5799972a4b780ec6847cd6c2d523fbe066	30_Pharmacopoeia/Nutritional/Duboisia hopwoodii.md	30_Pharmacopoeia/_pharmacopoeia-vault/Manus Compound Notes/Duboisia hopwoodii.md	1885
7ff9907ccb0cf09d10a4523e773abae5455735d738332235dfec278a797a5c9a	30_Pharmacopoeia/Nutritional/Kluyveromyces marxianus.md	30_Pharmacopoeia/_pharmacopoeia-vault/Manus Compound Notes/Kluyveromyces marxianus.md	1460
1915778e8ba20819c7b623036f609106386b7034b8174730debdcac7f7186d13	30_Pharmacopoeia/Nutritional/Lessertia frutescens.md	30_Pharmacopoeia/_pharmacopoeia-vault/Manus Compound Notes/Lessertia frutescens.md	1799
050808ae3c5a7f56ab3745e0aa9ab9c93b35bae9790f06f075e3e4e8bdd78537	30_Pharmacopoeia/Functional/fentanyl.md	30_Pharmacopoeia/_pharmacopoeia-vault/Manus Compound Notes/fentanyl.md	1646
cbfd09fba515486e21edf478e99385d9ea49eda717ea935b0d66233e4f1cc6fb	30_Pharmacopoeia/Functional/DOB.md	30_Pharmacopoeia/_pharmacopoeia-vault/Manus Compound Notes/DOB.md	1645
5833cf6bcc2a8419470775f80d0287c231c63b352917f2babe3c6114d12e3458	30_Pharmacopoeia/Nutritional/Salidroside.md	30_Pharmacopoeia/_pharmacopoeia-vault/Manus Compound Notes/Salidroside.md	1776
e84367aac092c63e0ca84c35f43f105f5aa99490a7cc6175311cb9142de8d28f	30_Pharmacopoeia/Nutritional/Raphia hookeri.md	30_Pharmacopoeia/_pharmacopoeia-vault/Manus Compound Notes/Raphia hookeri.md	1399
cb8be210c231edae90aecacfe87e00a82baa64f353795794fedbc47eada8ddec	30_Pharmacopoeia/Nutritional/Cocos nucifera.md	30_Pharmacopoeia/_pharmacopoeia-vault/Manus Compound Notes/Cocos nucifera.md	1399
8f0ffba2754683ce4dfea87b3ccc12ea86dd5d8f091b5451786d07236fe3ca68	30_Pharmacopoeia/Nutritional/curcuminoids.md	30_Pharmacopoeia/_pharmacopoeia-vault/Manus Compound Notes/curcuminoids.md	1411
6e1610f58c0b1ab6b8b25afe9bb762a6ae4b2a9f980d7976d1c6d870c060e032	30_Pharmacopoeia/Pneumatic/Bufo alvarius.md	30_Pharmacopoeia/_pharmacopoeia-vault/Manus Compound Notes/Bufo alvarius.md	1538
dda93c10cc51289b6a7a2662f8f05ea9b80cabce5929f80d2bf0eabedb1f1ce0	30_Pharmacopoeia/Functional/mitragynine.md	30_Pharmacopoeia/_pharmacopoeia-vault/Manus Compound Notes/mitragynine.md	1704
b38965e65baebd47b336fb2213e5e1cf66b2dc51b9b4a9907e4d7861e9674d52	30_Pharmacopoeia/Nutritional/polyphenols.md	30_Pharmacopoeia/_pharmacopoeia-vault/Manus Compound Notes/polyphenols.md	1377
6e38d31e9efb33eccc5f28ff90a7c05922dcd29cbaae06d6b5c65224e37e3fbb	30_Pharmacopoeia/Nutritional/methyl salicylate.md	30_Pharmacopoeia/_pharmacopoeia-vault/Manus Compound Notes/methyl salicylate.md	1846
504fdab75466b4a7226a809436eb64ab73e55e39ffc025ab09eb54c88c501e77	30_Pharmacopoeia/Nutritional/Luteolin.md	30_Pharmacopoeia/_pharmacopoeia-vault/Manus Compound Notes/Luteolin.md	1641
6971c09ff6f0a1cb6a72c26af7514f59bf0f45f3cd69e20e520c1f054e1d33d3	30_Pharmacopoeia/Chthonic/Hemlock.md	30_Pharmacopoeia/_pharmacopoeia-vault/Manus Compound Notes/Hemlock.md	1484
32e1789cfa021e343b3e2406bf8aff4c59788d4a7fe391472071d9c2652b126b	30_Pharmacopoeia/Nutritional/Nypa fruticans.md	30_Pharmacopoeia/_pharmacopoeia-vault/Manus Compound Notes/Nypa fruticans.md	1399
51c5013fd481c47032c2278163d31a4c9ac20acff7c02e372fe5b455d887b0be	30_Pharmacopoeia/Pneumatic/ibogaline.md	30_Pharmacopoeia/_pharmacopoeia-vault/Manus Compound Notes/ibogaline.md	1808
fa35529912e5ab3c1bcf717ee2bb81b6eb2c02125f835331e9b498b62b40fdf5	30_Pharmacopoeia/Nutritional/chrysin.md	30_Pharmacopoeia/_pharmacopoeia-vault/Manus Compound Notes/chrysin.md	1912
831c8a7788464b4cfdddfdfe8b01e354e9c22f7392e40b2d1fd5cebc391dcd04	30_Pharmacopoeia/Nutritional/arbutin.md	30_Pharmacopoeia/_pharmacopoeia-vault/Manus Compound Notes/arbutin.md	1675
c3a094e9d457c7a090f92d469d5eb539f4e2c2d40f4aedb134c0a54bf4ee6e93	30_Pharmacopoeia/Nutritional/vincristine.md	30_Pharmacopoeia/_pharmacopoeia-vault/Manus Compound Notes/vincristine.md	1860
b9fc7fbf63daebfed8aa6342748edd104b219741ffd75ef3ccc1be287db91382	30_Pharmacopoeia/Nutritional/julibrosides.md	30_Pharmacopoeia/_pharmacopoeia-vault/Manus Compound Notes/julibrosides.md	1555
85f688b4766989dc5f95ac96b7d4da9d95e4be1f544000af03bfc1ed06f6f1db	30_Pharmacopoeia/Nutritional/sulfate conjugates.md	30_Pharmacopoeia/_pharmacopoeia-vault/Manus Compound Notes/sulfate conjugates.md	1397
da1c9dbb887f025318bc0338c07382316092119d1dad15758f2e43837402c462	30_Pharmacopoeia/Nutritional/Poria cocos.md	30_Pharmacopoeia/_pharmacopoeia-vault/Manus Compound Notes/Poria cocos.md	2081
0a3df013abfd40a26a8fa9337833ee072687787b9d7f5cc22d6f2384db798357	30_Pharmacopoeia/Nutritional/PDE4.md	30_Pharmacopoeia/_pharmacopoeia-vault/Manus Compound Notes/PDE4.md	1433
325d6adc67415f97f773dd6f32e40cd40289e09163fbde18ae9b9f5eb49315ba	30_Pharmacopoeia/Functional/Ilex guayusa.md	30_Pharmacopoeia/_pharmacopoeia-vault/Manus Compound Notes/Ilex guayusa.md	1728
49f5eb6c0089a9414cfc4fdd79429a22d463d7e8f4b83ec1165797919ff99d00	30_Pharmacopoeia/Nutritional/Bacopa monnieri.md	30_Pharmacopoeia/_pharmacopoeia-vault/Manus Compound Notes/Bacopa monnieri.md	1774
2731a41e2537132e98142ce6e953557886ef5a685cb18d011dda5cf3b2d69dee	30_Pharmacopoeia/Nutritional/Sutherlandia frutescens.md	30_Pharmacopoeia/_pharmacopoeia-vault/Manus Compound Notes/Sutherlandia frutescens.md	1803
e577bd7372508be41bf149dace6d653b5f9b7b30f2a492b4dc6a95b4cf6ce9fb	30_Pharmacopoeia/Nutritional/DA receptor.md	30_Pharmacopoeia/_pharmacopoeia-vault/Manus Compound Notes/DA receptor.md	1373
4f50bd22917f074929cdb89df1d6c90c0b906bab07c4c25a8cb4b21e617cd4ae	30_Pharmacopoeia/Medical/ergine (d-lysergic acid amide.md	30_Pharmacopoeia/_pharmacopoeia-vault/Manus Compound Notes/ergine (d-lysergic acid amide.md	1430
9265bb838f6428cd2b1dc3af1f2ab51dcdb2c5a7b248429b06412601cd6913cc	30_Pharmacopoeia/Nutritional/Pausinystalia johimbe.md	30_Pharmacopoeia/_pharmacopoeia-vault/Manus Compound Notes/Pausinystalia johimbe.md	1752
d376957dc1d6a3f53384a974f8f8b0ecb76fb589a37c89ec02d95e44c2c7232f	30_Pharmacopoeia/Nutritional/iridoids.md	30_Pharmacopoeia/_pharmacopoeia-vault/Manus Compound Notes/iridoids.md	1818
26e7a6029515d2ebc63501f2d38643a25e2d61f8e62bf451f7375301cf925d7f	30_Pharmacopoeia/Functional/nefiracetam.md	30_Pharmacopoeia/_pharmacopoeia-vault/Manus Compound Notes/nefiracetam.md	1655
d2e798a750928250961457f87368eae27a863a1245b29cd4d9b6d15f90070710	30_Pharmacopoeia/Pneumatic/isopropylphenidate.md	30_Pharmacopoeia/_pharmacopoeia-vault/Manus Compound Notes/isopropylphenidate.md	1680
163a281e225e262aae9b1c2f6e27cd1d15444626e0b638b8ac2a6fdca2e94760	30_Pharmacopoeia/Nutritional/D-fraction Ôò¼Ôûô-glucan.md	30_Pharmacopoeia/_pharmacopoeia-vault/Manus Compound Notes/D-fraction ╬▓-glucan.md	1409
d559140633274e014243dd74fa3244eee2ce64ba2a98257e45dec5e37ac6efd5	30_Pharmacopoeia/Nutritional/Humulus lupulus.md	30_Pharmacopoeia/_pharmacopoeia-vault/Manus Compound Notes/Humulus lupulus.md	2135
0ffe2eb1a60ed1bcae0f09544fa0b7393ef949593aafc9a9d3d744f40967f20b	30_Pharmacopoeia/Nutritional/L-tyrosine.md	30_Pharmacopoeia/_pharmacopoeia-vault/Manus Compound Notes/L-tyrosine.md	1639
283074f0eae7edafc8a0a7a2697e5201478c849559a8c2cb21ce26e5285a6feb	30_Pharmacopoeia/Nutritional/Rauvolfia serpentina.md	30_Pharmacopoeia/_pharmacopoeia-vault/Manus Compound Notes/Rauvolfia serpentina.md	1959
e947b8917dd71d06124b5fbdc455faa5a4e9071336fb99b1acddeb5e974b6e16	30_Pharmacopoeia/Functional/adrafinil.md	30_Pharmacopoeia/_pharmacopoeia-vault/Manus Compound Notes/adrafinil.md	1611
e993c7c8e19cce8096771eacc2f4631e7fef9e743dbe2d70a83708ef752fafe0	30_Pharmacopoeia/Nutritional/Eriodictyon californicum.md	30_Pharmacopoeia/_pharmacopoeia-vault/Manus Compound Notes/Eriodictyon californicum.md	1698
75b2894e2bb32869570fedafa335215bd4f3a28ff71a572a677aedfe53174ef2	30_Pharmacopoeia/Pneumatic/dopamine.md	30_Pharmacopoeia/_pharmacopoeia-vault/Manus Compound Notes/dopamine.md	1581
66d167f6a53e267f3c4a3dd9bd829ed84ce7286e680e1544b4b6828a0c81d8fd	30_Pharmacopoeia/Pneumatic/Tabernaemontana pachysiphon.md	30_Pharmacopoeia/_pharmacopoeia-vault/Manus Compound Notes/Tabernaemontana pachysiphon.md	1878
643a107339c023a0fb6541171f78fbd06e78d92b375502c2f30d1f043ca8681b	30_Pharmacopoeia/Nutritional/pentacyclic oxindole chemotype compounds.md	30_Pharmacopoeia/_pharmacopoeia-vault/Manus Compound Notes/pentacyclic oxindole chemotype compounds.md	1551
9733e393b490c1298d71253fd514e80bc01b9203443195457e5c02c5ab212faa	30_Pharmacopoeia/Pneumatic/anhalamine.md	30_Pharmacopoeia/_pharmacopoeia-vault/Manus Compound Notes/anhalamine.md	1668
e93a6a472ca7c18d38fc42bcd4b57467462b7e36bc89166ac522178f02e34e6e	30_Pharmacopoeia/Chthonic/Scopolia carniolica.md	30_Pharmacopoeia/_pharmacopoeia-vault/Manus Compound Notes/Scopolia carniolica.md	1602
59b34c27e3965dc462b40c9e5f2628e707aa97ac85bc30f6b3680c46dbf72c31	30_Pharmacopoeia/Pneumatic/pellotine.md	30_Pharmacopoeia/_pharmacopoeia-vault/Manus Compound Notes/pellotine.md	1698
b9aceb28d4e0b2b494881ee2e37ba538460153c31747ad777a390e5b1d92448b	30_Pharmacopoeia/Nutritional/acetogenins.md	30_Pharmacopoeia/_pharmacopoeia-vault/Manus Compound Notes/acetogenins.md	1723
601566aec4b262dd72d0642e9ca3e4c413cfbd9beb4eb9a068f818a289f22ee5	30_Pharmacopoeia/Nutritional/Secale cereale.md	30_Pharmacopoeia/_pharmacopoeia-vault/Manus Compound Notes/Secale cereale.md	1399
c04077ddbf1ce93c955471756b9b632cff89cf0cb21d840579df312d44b22ef1	30_Pharmacopoeia/Pneumatic/Echinopsis peruviana.md	30_Pharmacopoeia/_pharmacopoeia-vault/Manus Compound Notes/Echinopsis peruviana.md	1551
f10362f0bbf5f893a0aa72a98ca50bcf342d3aca5b52b44c38e92ac339043f23	30_Pharmacopoeia/Nutritional/Turnera diffusa.md	30_Pharmacopoeia/_pharmacopoeia-vault/Manus Compound Notes/Turnera diffusa.md	1813
5605f8a8b077fdffa9451d7cef00e2aca74769b9cc0d108e3e3cb15e5b12822f	30_Pharmacopoeia/Functional/phethylene.md	30_Pharmacopoeia/_pharmacopoeia-vault/Manus Compound Notes/phethylene.md	1355
32b0693804a54e72e207d555d5ddf76489a74d941942c74461da49fbb1be13ba	30_Pharmacopoeia/Nutritional/farnesol.md	30_Pharmacopoeia/_pharmacopoeia-vault/Manus Compound Notes/farnesol.md	1634
1128b98426e43105cb7028ee628a2c4c314b14a03a0edb09340a186d3bdefe2c	30_Pharmacopoeia/Functional/D-aspartic acid.md	30_Pharmacopoeia/_pharmacopoeia-vault/Manus Compound Notes/D-aspartic acid.md	1630
e7d7b81484cc1109a8f1f62d160fa803e89db59d647edade13708c90790d7a09	30_Pharmacopoeia/Functional/GHB.md	30_Pharmacopoeia/_pharmacopoeia-vault/Manus Compound Notes/GHB.md	1474
7aeb04e0b4b895a34f9745c9aaed494678f32994796620afb95fb32909e7c50e	30_Pharmacopoeia/Nutritional/Erythroxylum vacciniifolium.md	30_Pharmacopoeia/_pharmacopoeia-vault/Manus Compound Notes/Erythroxylum vacciniifolium.md	2122
14b471c0237ab307fce75e14115ec8f11b9002a57e3ecf4a65ceebb60e8fa8a2	30_Pharmacopoeia/Nutritional/cyclopamine.md	30_Pharmacopoeia/_pharmacopoeia-vault/Manus Compound Notes/cyclopamine.md	1829
563193c370a425a8e5e0c589b6efe982f759df31ab8cc7e102dc06cbde9f5cc7	30_Pharmacopoeia/Pneumatic/tubotaiwine.md	30_Pharmacopoeia/_pharmacopoeia-vault/Manus Compound Notes/tubotaiwine.md	1831
743f2ac0c7d97fe45f8fbc7e8c790645898ecc99ab5a2ecfb77bd097333f4f79	30_Pharmacopoeia/Chthonic/snowdrop.md	30_Pharmacopoeia/_pharmacopoeia-vault/Manus Compound Notes/snowdrop.md	1345
c141ef1b97a4e1fa14c9c23e657c49ca73a5f77c79d95c2c31a458e09adf241b	30_Pharmacopoeia/Chthonic/Aconitum ferox.md	30_Pharmacopoeia/_pharmacopoeia-vault/Manus Compound Notes/Aconitum ferox.md	1501
6d078ed2fbcf0d9b8cc6c821e9abbb74830b917a62bdf179d817451a4a98c5ef	30_Pharmacopoeia/Nutritional/Rosa damascena.md	30_Pharmacopoeia/_pharmacopoeia-vault/Manus Compound Notes/Rosa damascena.md	1856
925c0b83db819471a1ba4f10bc0194e52482ed09d4d9e12a88bcdfb8b63ff8ce	30_Pharmacopoeia/Nutritional/humulone.md	30_Pharmacopoeia/_pharmacopoeia-vault/Manus Compound Notes/humulone.md	2032
c72bc66d487f0ed01fcebe67583ca82e5464a90a927cc2adaccde49161559aa5	30_Pharmacopoeia/Nutritional/paclitaxel.md	30_Pharmacopoeia/_pharmacopoeia-vault/Manus Compound Notes/paclitaxel.md	1766
20b71c563d90ddfdee44f5dad43bcb2ca47cee251caf0e38164d9034eef112b8	30_Pharmacopoeia/Nutritional/arecoline.md	30_Pharmacopoeia/_pharmacopoeia-vault/Manus Compound Notes/arecoline.md	1815
dbcd9c715b033a3037bf0b53a0681e2f07c9e7d2b064fdb0dcaa980810cc6f1e	30_Pharmacopoeia/Pneumatic/Ipomoea violacea.md	30_Pharmacopoeia/_pharmacopoeia-vault/Manus Compound Notes/Ipomoea violacea.md	1661
36760caaf06b4f318b409160750bd6595f1b732d4293a71999854cdc949c207c	30_Pharmacopoeia/Functional/Lentinula edodes.md	30_Pharmacopoeia/_pharmacopoeia-vault/Manus Compound Notes/Lentinula edodes.md	1727
e4bc89f21e1df0dae976aac401ff2d76e79ebcaa661ee64a22389e3a3c3f202f	30_Pharmacopoeia/Nutritional/Borassus aethiopum.md	30_Pharmacopoeia/_pharmacopoeia-vault/Manus Compound Notes/Borassus aethiopum.md	1427
fe2cf28fc25a5bbba155febcbf102ecef092e63d8f20af18155a7ba23c22dbdc	30_Pharmacopoeia/Nutritional/glucuronide.md	30_Pharmacopoeia/_pharmacopoeia-vault/Manus Compound Notes/glucuronide.md	1692
8c124f6d62ce476436ec7faf7b910100e98e3d8a5c54426ac17e3ba9eb09359c	30_Pharmacopoeia/Nutritional/Rd.md	30_Pharmacopoeia/_pharmacopoeia-vault/Manus Compound Notes/Rd.md	1738
5a7fbe0112e922ac982f2701e2aa82f0af56c8f010d1a56a3bc5084aa6bd5318	30_Pharmacopoeia/Chthonic/Hyoscyamus niger.md	30_Pharmacopoeia/_pharmacopoeia-vault/Manus Compound Notes/Hyoscyamus niger.md	1594
700f9d30daea95206a76518c160ade6b3c5d1316628b2516d33c4801c9083c32	30_Pharmacopoeia/Nutritional/lentianin Ôò¼Ôûô-glucan.md	30_Pharmacopoeia/_pharmacopoeia-vault/Manus Compound Notes/lentianin ╬▓-glucan.md	1393
db2197f240dd573af9270e619846e3dbbb432c0c100d4f959bfd9b21a751ba24	30_Pharmacopoeia/Chthonic/Datura stramonium.md	30_Pharmacopoeia/_pharmacopoeia-vault/Manus Compound Notes/Datura stramonium.md	1645
5e752f3591a8472c030a39b69eb8742a8705f6f7ff1e7cbd866d19b1942ec48a	30_Pharmacopoeia/Nutritional/Pennisetum glaucum.md	30_Pharmacopoeia/_pharmacopoeia-vault/Manus Compound Notes/Pennisetum glaucum.md	1470
e9e81be920f62696b9a3d28c4c6683dbcc31da855e9a4a94917cb5adac4cddf8	30_Pharmacopoeia/Nutritional/Ananas comosus.md	30_Pharmacopoeia/_pharmacopoeia-vault/Manus Compound Notes/Ananas comosus.md	1399
08033add63a2d1491396d89faf259234f284014e344c2cc0abbf9dbcfc93c428	30_Pharmacopoeia/Functional/Divaprox.md	30_Pharmacopoeia/_pharmacopoeia-vault/Manus Compound Notes/Divaprox.md	1343
c3490c1784f2f1f227096499232aec5fe82354c291900133981e23a54e036f86	30_Pharmacopoeia/Functional/piracetam.md	30_Pharmacopoeia/_pharmacopoeia-vault/Manus Compound Notes/piracetam.md	1592
7bc2d4b7a4bb826ac07da02c6355ee2aa25c764df6fc60a298ef546bb35b406b	30_Pharmacopoeia/Chthonic/Aconitum kusnezoffii.md	30_Pharmacopoeia/_pharmacopoeia-vault/Manus Compound Notes/Aconitum kusnezoffii.md	1543
7d33aead01da66a9c2dcd650458e9f199fc64a8492bca6ab7106becbebb9a3a0	30_Pharmacopoeia/Nutritional/Carotenoids.md	30_Pharmacopoeia/_pharmacopoeia-vault/Manus Compound Notes/Carotenoids.md	1777
3d22b7af591da6d75d33ec15de8c16b94bed4550a677d8b47b43e5694fd1aa0a	30_Pharmacopoeia/Nutritional/Bryonia alba.md	30_Pharmacopoeia/_pharmacopoeia-vault/Manus Compound Notes/Bryonia alba.md	1519
b64d36f771b63bf5ec1034cc93d2f4cf41f058acd2b70e6f915bc53ffd3b1b82	30_Pharmacopoeia/Nutritional/octopamine.md	30_Pharmacopoeia/_pharmacopoeia-vault/Manus Compound Notes/octopamine.md	1652
74089118191a9d7aa7c90c3ec239569b6579c3f795c6fffb43920c233d106f38	30_Pharmacopoeia/Functional/Astragalus membranaceus.md	30_Pharmacopoeia/_pharmacopoeia-vault/Manus Compound Notes/Astragalus membranaceus.md	1899
477f4b2b438e5f5e3abbc674bb316bb2cb6d7f64125cee418663bc7ff4fb3c69	30_Pharmacopoeia/Chthonic/Brugmansia aurea.md	30_Pharmacopoeia/_pharmacopoeia-vault/Manus Compound Notes/Brugmansia aurea.md	1581
3c843e2c9ae40c6fbad08de19ee28d041135b3e883fad512bbb42c4bbb7318c1	30_Pharmacopoeia/Nutritional/rosmarinic acid.md	30_Pharmacopoeia/_pharmacopoeia-vault/Manus Compound Notes/rosmarinic acid.md	2087
418cc45a221ed54f201f4fb7b8104332d179682f277d812b4b76a55a4e981b01	30_Pharmacopoeia/Functional/Allylamines.md	30_Pharmacopoeia/_pharmacopoeia-vault/Manus Compound Notes/Allylamines.md	1337
8c30479b35983ea86bdc86973d22c92f0c746fec03a2f0ad0352a6ac1f4ea201	30_Pharmacopoeia/Functional/procyanidins.md	30_Pharmacopoeia/_pharmacopoeia-vault/Manus Compound Notes/procyanidins.md	1676
d267622b925aa2ae00d5aad478dba72afc5d1ce4869e373e3ca8800400da75cb	30_Pharmacopoeia/Nutritional/thymol.md	30_Pharmacopoeia/_pharmacopoeia-vault/Manus Compound Notes/thymol.md	1662
fa69c5ed4e1810b4ac3809fad560d371962a6004253e9cacb01dc85fa8e07343	30_Pharmacopoeia/Nutritional/zeaxanthin.md	30_Pharmacopoeia/_pharmacopoeia-vault/Manus Compound Notes/zeaxanthin.md	2052
c273e24398434666a700cde27fc93a2dcb07dd4ea0099df6b0b6f626fd06deb7	30_Pharmacopoeia/Nutritional/valerenic acid.md	30_Pharmacopoeia/_pharmacopoeia-vault/Manus Compound Notes/valerenic acid.md	2104
75c15621dd35590187e220ceee8b68122d9ea7fdc3c47d2a438066aa7abaaf71	30_Pharmacopoeia/Nutritional/Withanolides (Withaferin A, Withanolide D.md	30_Pharmacopoeia/_pharmacopoeia-vault/Manus Compound Notes/Withanolides (Withaferin A, Withanolide D.md	1541
258e2b65cb58c12fe952b32a2b67cbd714bf89d228b215a6c5605d1e89837f64	30_Pharmacopoeia/Nutritional/Smallanthus sonchifolius.md	30_Pharmacopoeia/_pharmacopoeia-vault/Manus Compound Notes/Smallanthus sonchifolius.md	2039
eb700befb2e2e85c13c90219e6291286b4af88a19706d496d6072e0f7621cf34	30_Pharmacopoeia/Pneumatic/lysergic compounds.md	30_Pharmacopoeia/_pharmacopoeia-vault/Manus Compound Notes/lysergic compounds.md	1461
b34f51fa80be235293d8b4cd38d80a2c1999e74bf1e0fecb73497f1682b50765	30_Pharmacopoeia/Nutritional/cinchonain.md	30_Pharmacopoeia/_pharmacopoeia-vault/Manus Compound Notes/cinchonain.md	1693
630b04f8f1bdb3303f4f2485152b0edb5f5e3ff005485d26d684ef53a2555866	30_Pharmacopoeia/Functional/speciociliatine.md	30_Pharmacopoeia/_pharmacopoeia-vault/Manus Compound Notes/speciociliatine.md	1699
7fe237cb700b70fdc78f6f9ec9cc63e90fc8a97b7ea16c9547211a2bb620bb9d	30_Pharmacopoeia/Functional/Serotonergic compounds.md	30_Pharmacopoeia/_pharmacopoeia-vault/Manus Compound Notes/Serotonergic compounds.md	1523
5dadef66bc669a86a11f3f2baffd22ee21b80adeb720972c64e74765676a1dff	30_Pharmacopoeia/Functional/Cordyceps militaris.md	30_Pharmacopoeia/_pharmacopoeia-vault/Manus Compound Notes/Cordyceps militaris.md	1805
8d1e299b3ad2c8f006678a7b797ce09dd65d8872b54a7d2f2e1e02f72d78ed7c	30_Pharmacopoeia/Nutritional/ethylene.md	30_Pharmacopoeia/_pharmacopoeia-vault/Manus Compound Notes/ethylene.md	1606
588d32c566b44f0c0c18dfd5c7af2a9daa253adf96cf81313e5202f20fd1064c	30_Pharmacopoeia/Functional/Cannabidiol (CBD.md	30_Pharmacopoeia/_pharmacopoeia-vault/Manus Compound Notes/Cannabidiol (CBD.md	1364
453a2ac26d9221a9c8254b98e0ecdc8cd89254fa86728cc2fc47e5b4de5768f2	30_Pharmacopoeia/Nutritional/Solanum tuberosum.md	30_Pharmacopoeia/_pharmacopoeia-vault/Manus Compound Notes/Solanum tuberosum.md	1734
988a3adb59e0d6f6d775e8a5625c8f66b35b6406c97f3fcc12da8b7cd676a97f	30_Pharmacopoeia/Chthonic/Brugmansia arborea.md	30_Pharmacopoeia/_pharmacopoeia-vault/Manus Compound Notes/Brugmansia arborea.md	1595
0898d594cb1162ccd0f8272dae8de578eb78d78225f85a4548e631665ede160b	30_Pharmacopoeia/Functional/anandamides.md	30_Pharmacopoeia/_pharmacopoeia-vault/Manus Compound Notes/anandamides.md	1452
2aa7494b3516980bdbe73b6d38c19b70d0ecf6b65b3bae04e193dae30f07f623	30_Pharmacopoeia/Nutritional/pseudoaldosteronism.md	30_Pharmacopoeia/_pharmacopoeia-vault/Manus Compound Notes/pseudoaldosteronism.md	1419
8810661a3933536587bafb78bf34147e4bbd8f3d491674f01ac917d150b821ef	30_Pharmacopoeia/Pneumatic/Trichocereus peruvianus.md	30_Pharmacopoeia/_pharmacopoeia-vault/Manus Compound Notes/Trichocereus peruvianus.md	1572
c46f58aa6fd3f901d1f4e0e19bafa1c4d131f280535027822b719bd2d75ae92a	30_Pharmacopoeia/Chthonic/scopolamine.md	30_Pharmacopoeia/_pharmacopoeia-vault/Manus Compound Notes/scopolamine.md	2118
41e0255639a7209faf92066f88f2f0bcd8c1433863d8ba46ed0d1a5383b49282	30_Pharmacopoeia/Nutritional/Akoniton lycoctonum.md	30_Pharmacopoeia/_pharmacopoeia-vault/Manus Compound Notes/Akoniton lycoctonum.md	1434
b9023cc698c7d0282575c4d7d2582a73bf6dba5b0ab6051bfa01478851aced6c	30_Pharmacopoeia/Nutritional/colchicine.md	30_Pharmacopoeia/_pharmacopoeia-vault/Manus Compound Notes/colchicine.md	1718
4e7ca2e6853a27160d472316cff24ed6f09dfc83ecb1688a55935f1582888916	30_Pharmacopoeia/Nutritional/Prunus mume.md	30_Pharmacopoeia/_pharmacopoeia-vault/Manus Compound Notes/Prunus mume.md	1378
b4ebb033e4b7a2d1761146dc36a783207ff332faea335ac52fa5df564a968580	30_Pharmacopoeia/Nutritional/Cuminum cyminum.md	30_Pharmacopoeia/_pharmacopoeia-vault/Manus Compound Notes/Cuminum cyminum.md	1908
8845deb055e3a7c10852eb8535e4486a5a7305227c3d65f7197ad27c96dc8e54	30_Pharmacopoeia/Nutritional/Schisandra chinensis.md	30_Pharmacopoeia/_pharmacopoeia-vault/Manus Compound Notes/Schisandra chinensis.md	1673
6baab6660189871c6af8231170be0b49a027a5e24fe9c608af931ca265c019f0	30_Pharmacopoeia/Nutritional/Artemisia afra.md	30_Pharmacopoeia/_pharmacopoeia-vault/Manus Compound Notes/Artemisia afra.md	1585
3f2db1d5595ed1c38d690e0012379525cf01fb97107f51405a7c1a67fa7f555b	30_Pharmacopoeia/Medical/Claviceps purpurea.md	30_Pharmacopoeia/_pharmacopoeia-vault/Manus Compound Notes/Claviceps purpurea.md	1675
556dc34ab22b1676c03268985ac46e43945d53fff9bb8d1a6e2f699715b9ae47	30_Pharmacopoeia/Nutritional/Harpagophytum procumbens.md	30_Pharmacopoeia/_pharmacopoeia-vault/Manus Compound Notes/Harpagophytum procumbens.md	1819
728cbbcb4bdbe8a74c54828455e94aac751ee6e05570027c2d7d2ce7c518ab0f	30_Pharmacopoeia/Medical/Ergot.md	30_Pharmacopoeia/_pharmacopoeia-vault/Manus Compound Notes/Ergot.md	1588
555062a91056654ccc9da51b68342947760ce6070098d7037444b48e5fc10e95	30_Pharmacopoeia/Pneumatic/Peyote.md	30_Pharmacopoeia/_pharmacopoeia-vault/Manus Compound Notes/Peyote.md	1453
db7c0b2d21881cd19f64e3fc9683f91e6e090138d430423b7df2ddb900737f71	30_Pharmacopoeia/Nutritional/Ôò¼Ôûô-ecdysone.md	30_Pharmacopoeia/_pharmacopoeia-vault/Manus Compound Notes/╬▓-ecdysone.md	1667
99079866ef7c7c150b4ccf1f9e75aaf4f210af392114517fea9a69130e9b05a7	30_Pharmacopoeia/Functional/PSK.md	30_Pharmacopoeia/_pharmacopoeia-vault/Manus Compound Notes/PSK.md	1356
828575ae318d41a3f0df32b753c909fe21c476d05a55da43e8c97904d80aa932	30_Pharmacopoeia/Nutritional/Aspergillus oryzae.md	30_Pharmacopoeia/_pharmacopoeia-vault/Manus Compound Notes/Aspergillus oryzae.md	1409
ab6d10c25fd9d81b3a5d00a090f53aa8ddb34991253de2c08709c56e3a31c29b	30_Pharmacopoeia/Nutritional/yerba mate.md	30_Pharmacopoeia/_pharmacopoeia-vault/Manus Compound Notes/yerba mate.md	1353
50303640bc54f7c7bef2c0d478847777f71f68e4ef5f856650f1ec85380572fe	30_Pharmacopoeia/Chthonic/Aconitum lycoctonum.md	30_Pharmacopoeia/_pharmacopoeia-vault/Manus Compound Notes/Aconitum lycoctonum.md	1536
1c1a26be0a9df00898b4a47b83431e495cfbf5987666076f599c39698ee17cd4	30_Pharmacopoeia/Nutritional/mesembranol.md	30_Pharmacopoeia/_pharmacopoeia-vault/Manus Compound Notes/mesembranol.md	2049
03bf56f001af1ead3f7340864d149fee63d3b03d6c1c9e3a514b3d541ed84b07	30_Pharmacopoeia/Pneumatic/yuremamine.md	30_Pharmacopoeia/_pharmacopoeia-vault/Manus Compound Notes/yuremamine.md	1700
32e624454002f235244049c9cc3d9c3bb62e8550d0380baf433964c70459ab5d	30_Pharmacopoeia/Chthonic/Datura inoxia.md	30_Pharmacopoeia/_pharmacopoeia-vault/Manus Compound Notes/Datura inoxia.md	1555
ed200bb38b3b5d59349d7d418e9cec3ced985735552325a365a041ea6ea5f4e6	30_Pharmacopoeia/Nutritional/Polyporus umbellatus.md	30_Pharmacopoeia/_pharmacopoeia-vault/Manus Compound Notes/Polyporus umbellatus.md	1472
0550f9d4d2cd057770a24fa12c1a3e1bf60072759c92ef095a8fb4826c410c7f	30_Pharmacopoeia/Nutritional/voltage-gated sodium channel.md	30_Pharmacopoeia/_pharmacopoeia-vault/Manus Compound Notes/voltage-gated sodium channel.md	1475
cd065c9965da97d4e675a74d202c29b6b678b3a03444d2e9615f1c24b48a8cb6	30_Pharmacopoeia/Nutritional/lactucin.md	30_Pharmacopoeia/_pharmacopoeia-vault/Manus Compound Notes/lactucin.md	2021
0d39d7fbd68425a32063bfecda0cec99537b49c645f52becbfd07eeb8b0c8314	30_Pharmacopoeia/Nutritional/tetrahydropalmatine.md	30_Pharmacopoeia/_pharmacopoeia-vault/Manus Compound Notes/tetrahydropalmatine.md	1868
7afca68d17863164cab877342e11cc7428880419bf6f92788d0063e494c1ad61	30_Pharmacopoeia/Nutritional/Stachys officinalis.md	30_Pharmacopoeia/_pharmacopoeia-vault/Manus Compound Notes/Stachys officinalis.md	1800
a5146515a755d4037e93d5a52c523265f941539adcc0e25bcc474f68d5d43ad8	30_Pharmacopoeia/Functional/TMA.md	30_Pharmacopoeia/_pharmacopoeia-vault/Manus Compound Notes/TMA.md	1307
7831ac366d78eb54ae5324ae80ac2835abd1ea37a8ddc094cc44b2db36050719	30_Pharmacopoeia/Functional/Lentinan.md	30_Pharmacopoeia/_pharmacopoeia-vault/Manus Compound Notes/Lentinan.md	1341
f36f3d16c812097cb978120d06dc3371c7c7b09d5b05154de31626bef36de787	30_Pharmacopoeia/Nutritional/AChE-inhibiting essential oil components.md	30_Pharmacopoeia/_pharmacopoeia-vault/Manus Compound Notes/AChE-inhibiting essential oil components.md	1537
a2044aa7c98135545229bf64464ded84bf9a2b07be98e28f5f657069ede11537	30_Pharmacopoeia/Nutritional/Tamarindus indica.md	30_Pharmacopoeia/_pharmacopoeia-vault/Manus Compound Notes/Tamarindus indica.md	1960
47563712b47aec92c289cfea96c8f5e5912f4d81b3a5c55d95e4c01b5269cdd6	30_Pharmacopoeia/Nutritional/escin.md	30_Pharmacopoeia/_pharmacopoeia-vault/Manus Compound Notes/escin.md	2255
5c27efeeb2ec3a80fab78cdbf38f19fd7109e9252596d852a6a641d8eea706c3	30_Pharmacopoeia/Nutritional/Nepeta cataria.md	30_Pharmacopoeia/_pharmacopoeia-vault/Manus Compound Notes/Nepeta cataria.md	1741
6703f5998dff18df2738c0fba1df428c015ca0cb41f4882288dbe28bf4c8d5a6	30_Pharmacopoeia/Nutritional/diterpene alkaloids.md	30_Pharmacopoeia/_pharmacopoeia-vault/Manus Compound Notes/diterpene alkaloids.md	1506
8ad55be36456127cae20f500e847d443d3fca6b2d620b1317bb266f6233267b8	30_Pharmacopoeia/Functional/catechins.md	30_Pharmacopoeia/_pharmacopoeia-vault/Manus Compound Notes/catechins.md	1526
b042c7748bcf43bd89c4339832f570bbb04a0fb4830c6142062e2124ce148988	30_Pharmacopoeia/Nutritional/Origanum vulgare.md	30_Pharmacopoeia/_pharmacopoeia-vault/Manus Compound Notes/Origanum vulgare.md	1804
2bbb33ac28135d81a0a3751b206b8d36fd8c98ec8c9c1279792eedc2bfdf0314	30_Pharmacopoeia/Nutritional/Ptelea trifoliata.md	30_Pharmacopoeia/_pharmacopoeia-vault/Manus Compound Notes/Ptelea trifoliata.md	1562
213b1561f058ed44788196daa2fc82f26f3860d0d58bb48a328c31862b660dd3	30_Pharmacopoeia/Nutritional/withanolide D.md	30_Pharmacopoeia/_pharmacopoeia-vault/Manus Compound Notes/withanolide D.md	1847
887d39f6189eaa3dfdc2926b6e1255ba0fa6a725aa73d366d0b1d183ee73ec5c	30_Pharmacopoeia/Nutritional/huperzine A.md	30_Pharmacopoeia/_pharmacopoeia-vault/Manus Compound Notes/huperzine A.md	1756
4e5069accccbe0bd51ecf66322d284dec4a032bd66d6fba23e016041ca5179cf	30_Pharmacopoeia/Nutritional/Rhamnus prinoides.md	30_Pharmacopoeia/_pharmacopoeia-vault/Manus Compound Notes/Rhamnus prinoides.md	1463
aaacd5c8a6d8f990b47131170516d40cc125cffd04694d59b6d9af19e5cb61ca	30_Pharmacopoeia/Nutritional/Illicium verum.md	30_Pharmacopoeia/_pharmacopoeia-vault/Manus Compound Notes/Illicium verum.md	1923
d7193f1abd5fef31011b0c70143891df00523977076afbaa927ed6c36b1a49fb	30_Pharmacopoeia/Nutritional/Sceletium A4-type alkaloids.md	30_Pharmacopoeia/_pharmacopoeia-vault/Manus Compound Notes/Sceletium A4-type alkaloids.md	1621
5b930021f09b259303c192022a26bc0bf9b1c81c4c858557740f2f7e3517ef8c	30_Pharmacopoeia/Nutritional/Mentha pulegium.md	30_Pharmacopoeia/_pharmacopoeia-vault/Manus Compound Notes/Mentha pulegium.md	1406
65abb347cfb8b8fc2f3717e6b29532ced60e4041e018086fdfc5244a4593a849	30_Pharmacopoeia/Chthonic/Aconitum carmichaelii.md	30_Pharmacopoeia/_pharmacopoeia-vault/Manus Compound Notes/Aconitum carmichaelii.md	1550
8afed07684a29a1056c40a17c0f521c0cac5d226abc7928bb0e5b99e3af34a0c	30_Pharmacopoeia/Nutritional/hypericin.md	30_Pharmacopoeia/_pharmacopoeia-vault/Manus Compound Notes/hypericin.md	1818
285d3ca899304d4f2da2703d21ec7147308e64c17f6279abe294482b95c5d68a	30_Pharmacopoeia/Chthonic/hyoscyamine.md	30_Pharmacopoeia/_pharmacopoeia-vault/Manus Compound Notes/hyoscyamine.md	2087
2cc8b9d7b2ed21776911901ea4adbc0bc9cb3a2a4b021f0c57b023bfd2505a70	30_Pharmacopoeia/Functional/cannabinoids.md	30_Pharmacopoeia/_pharmacopoeia-vault/Manus Compound Notes/cannabinoids.md	1403
a2674bd3c2258adb922cc223607f73a9cc8000c4b1da5a63b87af028a3edb150	30_Pharmacopoeia/Nutritional/jamaicin.md	30_Pharmacopoeia/_pharmacopoeia-vault/Manus Compound Notes/jamaicin.md	1781
379b2f9b09cb8b2a33ede4e95bb40cda379ed9fc374fe9f9a9f7591e9271ca4e	30_Pharmacopoeia/Nutritional/akuammicine.md	30_Pharmacopoeia/_pharmacopoeia-vault/Manus Compound Notes/akuammicine.md	1680
ae70edb8acc6cd1dcd594fb840ec46f6867db267f7b7e0df19148950330f38c6	30_Pharmacopoeia/Pneumatic/Calea Zacatechichi.md	30_Pharmacopoeia/_pharmacopoeia-vault/Manus Compound Notes/Calea Zacatechichi.md	1437
0f700bb4a9bee51299f88970d3b93773f0991747f990a75f0caee78e68f64984	30_Pharmacopoeia/Chthonic/Mandragora autumnalis.md	30_Pharmacopoeia/_pharmacopoeia-vault/Manus Compound Notes/Mandragora autumnalis.md	1566
0dca5731a572bf26c6911db359314493253f8d54928f29faa27c2baba12a8ec1	30_Pharmacopoeia/Nutritional/4-AcO-DMT.md	30_Pharmacopoeia/_pharmacopoeia-vault/Manus Compound Notes/4-AcO-DMT.md	1655
8edc03d37da8025979401584587a538cec7979dca4e29cd34e410b3f97c86cc6	30_Pharmacopoeia/Nutritional/Aloysia citrodora.md	30_Pharmacopoeia/_pharmacopoeia-vault/Manus Compound Notes/Aloysia citrodora.md	1747
c120d3011276aef08053c45297f576eeebb5cd52621e167c23903c8391cf9f16	30_Pharmacopoeia/Nutritional/Pimpinella anisum.md	30_Pharmacopoeia/_pharmacopoeia-vault/Manus Compound Notes/Pimpinella anisum.md	1918
c17f2626de9aab444627ef9111814bc725ad3b74a1c1051509326a384349664b	30_Pharmacopoeia/Nutritional/ricin.md	30_Pharmacopoeia/_pharmacopoeia-vault/Manus Compound Notes/ricin.md	1331
424d9a54975c86af5ff4e6b38755c67b0953060574897e7d7b99fe25f0f25b23	30_Pharmacopoeia/Nutritional/Viburnum opulus.md	30_Pharmacopoeia/_pharmacopoeia-vault/Manus Compound Notes/Viburnum opulus.md	1635
d0a5aaacd9bb3754508ad4a4ab2458ae3807522a9ff4337edfea9efca6c03e15	30_Pharmacopoeia/Chthonic/Belladonna.md	30_Pharmacopoeia/_pharmacopoeia-vault/Manus Compound Notes/Belladonna.md	1583
93568d17b6d9a8d54373826792de32a9a0773d89820523256fed269f6455d07d	30_Pharmacopoeia/Nutritional/Populus tremuloides.md	30_Pharmacopoeia/_pharmacopoeia-vault/Manus Compound Notes/Populus tremuloides.md	1676
11bbef99f236a372dbea68fb8a431d732ae3062e2d245014762e372464527c4b	30_Pharmacopoeia/Nutritional/vasicinol.md	30_Pharmacopoeia/_pharmacopoeia-vault/Manus Compound Notes/vasicinol.md	1663
bc8edbb5a7f506a0aa9f655766802f583dab7ef4f44277b3adc1b152ba6dbab1	30_Pharmacopoeia/Nutritional/salicylic acid.md	30_Pharmacopoeia/_pharmacopoeia-vault/Manus Compound Notes/salicylic acid.md	1918
d9bf6674a81844b053cc04c8ec697b4dd0c10a7febefbfe3ea6717fdfb25d1e8	30_Pharmacopoeia/Nutritional/Phyllanthus emblica.md	30_Pharmacopoeia/_pharmacopoeia-vault/Manus Compound Notes/Phyllanthus emblica.md	1838
407c574f489614847dfd60a4b0b5c94575c84bc2ff7fbb8aee5a6e60eae5a9fe	30_Pharmacopoeia/Functional/Vitamin D (D3 D2.md	30_Pharmacopoeia/_pharmacopoeia-vault/Manus Compound Notes/Vitamin D (D3 D2.md	1380
ad81f28fc87176123a7f64c132d7ada3a30b19153b127e52414b5dec4661ad4e	30_Pharmacopoeia/Nutritional/Duboisia myoporoides.md	30_Pharmacopoeia/_pharmacopoeia-vault/Manus Compound Notes/Duboisia myoporoides.md	1755
7073705136a7b699428a66db352990440315db87e8d8d247e505b295498eb568	30_Pharmacopoeia/Functional/esketamine.md	30_Pharmacopoeia/_pharmacopoeia-vault/Manus Compound Notes/esketamine.md	1706
d367615989b3ea24fe6a2a4a89719049478dcbd11ce6946251cd83d3ff160c32	30_Pharmacopoeia/Functional/diamorphine.md	30_Pharmacopoeia/_pharmacopoeia-vault/Manus Compound Notes/diamorphine.md	1677
7b21d2d85098d4af238c1ad5d7fe7fdac053779b312b592b9bcaa7b64ba74f8d	30_Pharmacopoeia/Nutritional/Phoenix sylvestris.md	30_Pharmacopoeia/_pharmacopoeia-vault/Manus Compound Notes/Phoenix sylvestris.md	1427
3d91303601de5d3b3970afdc33103b0506c19d17aae6eaeff76b879abb3fa013	30_Pharmacopoeia/Nutritional/Lobelia inflata.md	30_Pharmacopoeia/_pharmacopoeia-vault/Manus Compound Notes/Lobelia inflata.md	1642
96990f3444143c8128d3e9a96c9cdb919a23e6f8a5c2d308dae80a7492238f2c	30_Pharmacopoeia/Nutritional/notoginsenosides.md	30_Pharmacopoeia/_pharmacopoeia-vault/Manus Compound Notes/notoginsenosides.md	1766
5f1cd57c2ca25acd047cec72f767d77caed118210fb2a3b18d3df7a4af3a2c2c	30_Pharmacopoeia/Nutritional/Pachymic acid.md	30_Pharmacopoeia/_pharmacopoeia-vault/Manus Compound Notes/Pachymic acid.md	1756
7d675b373874e5d13d59e21f5b32d2b9123a9d0239bfab7203fc9b04faadd189	30_Pharmacopoeia/Nutritional/madecassoside.md	30_Pharmacopoeia/_pharmacopoeia-vault/Manus Compound Notes/madecassoside.md	1998
6088e43da74c4336fba6069fc7bd95f97ae5a6b68694d2c728fd892aae50090f	30_Pharmacopoeia/Nutritional/lactucopicrin.md	30_Pharmacopoeia/_pharmacopoeia-vault/Manus Compound Notes/lactucopicrin.md	1751
2f34799f40afac1af0a9a7f9d7a91eec0c59df370b099f86bc9134737df659dd	30_Pharmacopoeia/Nutritional/puerarin.md	30_Pharmacopoeia/_pharmacopoeia-vault/Manus Compound Notes/puerarin.md	1755
d60092b326842c3ef2857302d69441dd32d0d02ff065aa7ae94b4dab6947a1f2	30_Pharmacopoeia/Chthonic/Aconitum napellus.md	30_Pharmacopoeia/_pharmacopoeia-vault/Manus Compound Notes/Aconitum napellus.md	1594
eaa9b5825870dbbfc174dda9da44b68ddfb45e19750960659699fcdb6a026f70	30_Pharmacopoeia/Nutritional/Zea mays.md	30_Pharmacopoeia/_pharmacopoeia-vault/Manus Compound Notes/Zea mays.md	1357
f8b0e720a8b94da4599f2a87e2318969e511d2c54f9e6d8c41c09057dff6b25e	30_Pharmacopoeia/Functional/glutathione.md	30_Pharmacopoeia/_pharmacopoeia-vault/Manus Compound Notes/glutathione.md	1762
b5037229e1b03dfad1017876f47d37e74b124019b82a6701c7584aa241d1de1a	30_Pharmacopoeia/Nutritional/quinoline alkaloids.md	30_Pharmacopoeia/_pharmacopoeia-vault/Manus Compound Notes/quinoline alkaloids.md	1829
f6bcbcf0e2d583efad44a7513d67cfa3dd0bb80cf6033bc312c4317467efe69d	30_Pharmacopoeia/Pneumatic/safrole.md	30_Pharmacopoeia/_pharmacopoeia-vault/Manus Compound Notes/safrole.md	1575
c9e3317feff724f8e7619143b6326c2499cd4c78b9da0d34128a6e86c9ebed43	30_Pharmacopoeia/Nutritional/Menyanthes trifoliata.md	30_Pharmacopoeia/_pharmacopoeia-vault/Manus Compound Notes/Menyanthes trifoliata.md	2003
18ecc3b409b276700fe72b8a8f3917c5b20526820b3b63470339b19df0d2c459	30_Pharmacopoeia/Pneumatic/Diplopterys cabrerana.md	30_Pharmacopoeia/_pharmacopoeia-vault/Manus Compound Notes/Diplopterys cabrerana.md	1627
bb39c9b5b9c5ce256585a5f9ef66f69e924c5b85b752a5d6317efad941673c59	30_Pharmacopoeia/Nutritional/geraniol.md	30_Pharmacopoeia/_pharmacopoeia-vault/Manus Compound Notes/geraniol.md	1602
3e6d38e2fa89e9e83d66a33c4a932f3ca23bf6ea3d47013b5218d89502342828	30_Pharmacopoeia/Nutritional/reserpine.md	30_Pharmacopoeia/_pharmacopoeia-vault/Manus Compound Notes/reserpine.md	1748
34261b25a2530ac9c850108fcd95611f49c0cf2ad84963315b09ab11a88f044d	30_Pharmacopoeia/Nutritional/Tremella fuciformis.md	30_Pharmacopoeia/_pharmacopoeia-vault/Manus Compound Notes/Tremella fuciformis.md	1717
f063f315b404fa0730728810d1126a336ebf651a70489a9e2ef4d2364c871e90	30_Pharmacopoeia/Functional/Ginkgo biloba.md	30_Pharmacopoeia/_pharmacopoeia-vault/Manus Compound Notes/Ginkgo biloba.md	1601
9d90093350f8163ef7b40cfadee055640f1e2f35ac43e60f6264db706c1f8641	30_Pharmacopoeia/Nutritional/Angostura trifoliata.md	30_Pharmacopoeia/_pharmacopoeia-vault/Manus Compound Notes/Angostura trifoliata.md	1794
e5eca9eff1074010cced3e04461de40909930e10d14fabf213acd7fbcee2c7da	30_Pharmacopoeia/Nutritional/ajmaline.md	30_Pharmacopoeia/_pharmacopoeia-vault/Manus Compound Notes/ajmaline.md	1738
fac353e160c4d926e7b3279f53782a05fbcd722d47ebaf7922c379c322b75155	30_Pharmacopoeia/Functional/theophylline.md	30_Pharmacopoeia/_pharmacopoeia-vault/Manus Compound Notes/theophylline.md	1950
e76b55d2537ec833553e8a3753d57a633d479806968e96433ed127c1acbc0ce2	30_Pharmacopoeia/Pneumatic/atomoxetine.md	30_Pharmacopoeia/_pharmacopoeia-vault/Manus Compound Notes/atomoxetine.md	1653
dcadd4d721412ee3e2bb62bf01028bf29898a0dd55f6c39bb20b9c5d6b5678c6	30_Pharmacopoeia/Functional/caffeine.md	30_Pharmacopoeia/_pharmacopoeia-vault/Manus Compound Notes/caffeine.md	1986
cb4c6d3deb6c704612f7637cccd757865422f8e56365abac001dc842c5976588	30_Pharmacopoeia/Nutritional/Ocimum tenuiflorum.md	30_Pharmacopoeia/_pharmacopoeia-vault/Manus Compound Notes/Ocimum tenuiflorum.md	1833
0f75d9efe448fe51d8d44623882cc6b9a7a733cc57a3bb6b2d9f52bd1cc378d8	30_Pharmacopoeia/Nutritional/mesembrenol.md	30_Pharmacopoeia/_pharmacopoeia-vault/Manus Compound Notes/mesembrenol.md	2047
b4319e11d1769f5df634ea627576ed00dd6dc9b23d9014915ca5c38f1de3b11c	30_Pharmacopoeia/Nutritional/Thiamine (B1.md	30_Pharmacopoeia/_pharmacopoeia-vault/Manus Compound Notes/Thiamine (B1.md	1542
4a3920e997cbdc2c2b4b2282c56be120b9abfa9c431fdd1004affa501229ffad	30_Pharmacopoeia/Nutritional/Handroanthus impetiginosus.md	30_Pharmacopoeia/_pharmacopoeia-vault/Manus Compound Notes/Handroanthus impetiginosus.md	1883
992d4de84c5520d6196b6db9102e4aef2a2b3a402751742c1e68477d45e608a7	30_Pharmacopoeia/Nutritional/ginsenoside Rd.md	30_Pharmacopoeia/_pharmacopoeia-vault/Manus Compound Notes/ginsenoside Rd.md	1949
ef6f57cc36ba1ba0c8adb429539523c416d99477d0bf4a96be2449ad5d631b55	30_Pharmacopoeia/Nutritional/Leucojum aestivum.md	30_Pharmacopoeia/_pharmacopoeia-vault/Manus Compound Notes/Leucojum aestivum.md	1719
14a7c0b3ce5eaea946f7a1e049f696c8b345c74101fe84fdd8fcc9b48f374b68	30_Pharmacopoeia/Nutritional/sanjoinine A.md	30_Pharmacopoeia/_pharmacopoeia-vault/Manus Compound Notes/sanjoinine A.md	1915
28f02ab2f25f863b980fe6916b54a96330e46c0c309457d0b509819f8e18167e	30_Pharmacopoeia/Nutritional/sutherlandioside B.md	30_Pharmacopoeia/_pharmacopoeia-vault/Manus Compound Notes/sutherlandioside B.md	1892
bef3189e34ef18869d16e1f6f45a5a57740f17593c5e3bdb28033da7e7b5fc1a	30_Pharmacopoeia/Functional/MAOI.md	30_Pharmacopoeia/_pharmacopoeia-vault/Manus Compound Notes/MAOI.md	1340
f3e250dae6d50477d1305132c4eb7b78726533b0c44720012e7fa1ed368b7723	30_Pharmacopoeia/Nutritional/Biota orientalis.md	30_Pharmacopoeia/_pharmacopoeia-vault/Manus Compound Notes/Biota orientalis.md	1946
6fde09d4df5ec706fad371c95c858a0bdbfef04979c89764d4c1b9cc5faa7940	30_Pharmacopoeia/Nutritional/Codonopsis pilosula.md	30_Pharmacopoeia/_pharmacopoeia-vault/Manus Compound Notes/Codonopsis pilosula.md	1882
62f25a9f58c848284919f026e8c0e76558095aaf38b611ef296e53988e013f6a	30_Pharmacopoeia/Nutritional/salicin.md	30_Pharmacopoeia/_pharmacopoeia-vault/Manus Compound Notes/salicin.md	1896
92e087f7edfdc04999a11e85b8c346c81c07df88ff86fe6681fa32336a745450	30_Pharmacopoeia/Functional/beta-hydroxybutyrate.md	30_Pharmacopoeia/_pharmacopoeia-vault/Manus Compound Notes/beta-hydroxybutyrate.md	1641
603ecdfe08ae70b4649fac7fb96641956f69448438973131cd0e9971ec637563	30_Pharmacopoeia/Nutritional/Picrasma excelsa.md	30_Pharmacopoeia/_pharmacopoeia-vault/Manus Compound Notes/Picrasma excelsa.md	1761
1af251b3985421d2f578ed97b909d052e23245952109739175993bff3d27be10	30_Pharmacopoeia/Nutritional/Ranunculin.md	30_Pharmacopoeia/_pharmacopoeia-vault/Manus Compound Notes/Ranunculin.md	2039
ce953efdf9a3c9d1f908b2af1924e777b0ed41dc1d22ee119c4814fd646c3466	30_Pharmacopoeia/Nutritional/Wolfiporia extensa.md	30_Pharmacopoeia/_pharmacopoeia-vault/Manus Compound Notes/Wolfiporia extensa.md	1742
5522a0b1adc3cefa1daad589fbb7a0607f6372c2964eda98879e1b9e46a896dc	30_Pharmacopoeia/Nutritional/Solanum nigrum.md	30_Pharmacopoeia/_pharmacopoeia-vault/Manus Compound Notes/Solanum nigrum.md	1609
8347a2344d9f989cf4835961cd3c45a9634a63330b131d2bf9e30f5cbbb558d9	30_Pharmacopoeia/Nutritional/Omega-3 EPA.md	30_Pharmacopoeia/_pharmacopoeia-vault/Manus Compound Notes/Omega-3 EPA.md	1394
2160ddb6fbe2fe4445bf4958d2fbc01be7c0ee494b064a27bb2e01d9f2298fb3	30_Pharmacopoeia/Pneumatic/Heimia salicifolia.md	30_Pharmacopoeia/_pharmacopoeia-vault/Manus Compound Notes/Heimia salicifolia.md	1657
7336c88c2c9db3fb1c3f95c927d4e0c49ce1a6574c0d9c89af8379fdee4f210c	30_Pharmacopoeia/Nutritional/Omega-3 DHA.md	30_Pharmacopoeia/_pharmacopoeia-vault/Manus Compound Notes/Omega-3 DHA.md	1357
6910e690a362da062289c92daeda6350d014458901bb8f4873991b7962228357	30_Pharmacopoeia/Nutritional/cycloastragenol.md	30_Pharmacopoeia/_pharmacopoeia-vault/Manus Compound Notes/cycloastragenol.md	2086
8d46800196816772574a2b23ff7009a7ba355284330acc3d86ecde243b5b1cf2	30_Pharmacopoeia/Nutritional/piscidic acid.md	30_Pharmacopoeia/_pharmacopoeia-vault/Manus Compound Notes/piscidic acid.md	1797
c715eff7720dfaf73814975d02d6a001217cb17181b744d708a0bbca340804d8	30_Pharmacopoeia/Functional/chlorogenic acids.md	30_Pharmacopoeia/_pharmacopoeia-vault/Manus Compound Notes/chlorogenic acids.md	1436
fc26077937eb47017d373a62b5ea173bef84d3d9a3bd580f0ebb09dfb15348dd	30_Pharmacopoeia/Pneumatic/ergine.md	30_Pharmacopoeia/_pharmacopoeia-vault/Manus Compound Notes/ergine.md	1917
8341918a70345137cebfbef1df10e4ed2e8e90c8832c1150ff640e5ad7b6aea6	30_Pharmacopoeia/Nutritional/protoveratrines.md	30_Pharmacopoeia/_pharmacopoeia-vault/Manus Compound Notes/protoveratrines.md	1975
50fd8ef9e0ba45bbfaf452c0e9b812ce9d8a5dbca5387f65bd47d5a71410378c	30_Pharmacopoeia/Nutritional/Salix alba.md	30_Pharmacopoeia/_pharmacopoeia-vault/Manus Compound Notes/Salix alba.md	1613
2e9d0c8e00426f102aa321e8e7a909959142c41e129cadee65b8d4097a7a3ef0	30_Pharmacopoeia/Nutritional/Riboflavin.md	30_Pharmacopoeia/_pharmacopoeia-vault/Manus Compound Notes/Riboflavin.md	1868
ccf20ed56895702a594f802dee347ebca608789767f22d0b25a2e22b51659622	30_Pharmacopoeia/Nutritional/iridoid glycosides.md	30_Pharmacopoeia/_pharmacopoeia-vault/Manus Compound Notes/iridoid glycosides.md	1620
6d351b5804a85814449fbaa2f6e08912380a5caf5d3a2b28b907c900ba2dde57	30_Pharmacopoeia/Nutritional/pentacyclic oxindole.md	30_Pharmacopoeia/_pharmacopoeia-vault/Manus Compound Notes/pentacyclic oxindole.md	1437
111736e37416c1df3fa4c061e704913235c5fdcf50e73f7438a2def628416ad1	30_Pharmacopoeia/Nutritional/Veratrum nigrum.md	30_Pharmacopoeia/_pharmacopoeia-vault/Manus Compound Notes/Veratrum nigrum.md	1608
7685515e0ba3207ab25c178f15bbb02aa1cb33ad04586721874bef9d6f551e61	30_Pharmacopoeia/Nutritional/Gallotannins.md	30_Pharmacopoeia/_pharmacopoeia-vault/Manus Compound Notes/Gallotannins.md	1613
33ec8a0eb150ee1cd674530c66b174899bb40ffa7e9ae5d90050e6b5f9b8b322	30_Pharmacopoeia/Nutritional/Centaurium erythraea.md	30_Pharmacopoeia/_pharmacopoeia-vault/Manus Compound Notes/Centaurium erythraea.md	1820
e0e0df57e8ad13d546d5cb57b3b4f7f7b20f3a4aa569cb28a3b6c8dcb13e2af3	30_Pharmacopoeia/Nutritional/Ipomoea digitata.md	30_Pharmacopoeia/_pharmacopoeia-vault/Manus Compound Notes/Ipomoea digitata.md	1955
0b51d7a2b9a2d116fae55cff757766890510a6ed897781715889205ab46e1501	30_Pharmacopoeia/Functional/Theobroma cacao.md	30_Pharmacopoeia/_pharmacopoeia-vault/Manus Compound Notes/Theobroma cacao.md	1857
1811e337f76cfb02ff301186344889d09a47c7507d8b154088559e6f003a4346	30_Pharmacopoeia/Pneumatic/Iboga.md	30_Pharmacopoeia/_pharmacopoeia-vault/Manus Compound Notes/Iboga.md	1578
c7938f1321f839adc9cd3a6df5dd82ec09ada7f992a32abfe9e2a1f05f4e3c2c	30_Pharmacopoeia/Functional/Lignans.md	30_Pharmacopoeia/_pharmacopoeia-vault/Manus Compound Notes/Lignans.md	1379
c51f34a16db13adbc3c09e9cdbacab709db2570911529db64846d576c8506741	30_Pharmacopoeia/Chthonic/Brugmansia sanguinea.md	30_Pharmacopoeia/_pharmacopoeia-vault/Manus Compound Notes/Brugmansia sanguinea.md	1609
6d0771c3e72b77a77d6d03820af4a14a0da03455934ef38e32ba925338dec513	30_Pharmacopoeia/Nutritional/Mucuna pruriens.md	30_Pharmacopoeia/_pharmacopoeia-vault/Manus Compound Notes/Mucuna pruriens.md	1734
28ac90281f28698975dbde1cba4171b525ab2a4c81ea009bf158205673de7251	30_Pharmacopoeia/Nutritional/Anemopaegma arvense.md	30_Pharmacopoeia/_pharmacopoeia-vault/Manus Compound Notes/Anemopaegma arvense.md	1682
dc1bdd0f11f4e55765c736b27cb0fbb45beda0274d9fbd33b0f6d0b1301961d8	30_Pharmacopoeia/Nutritional/Betonica officinalis.md	30_Pharmacopoeia/_pharmacopoeia-vault/Manus Compound Notes/Betonica officinalis.md	1878
9ea6965990ebfceeb518cf264f29b7c068fd0fd575612a933a289079f8377c54	30_Pharmacopoeia/Nutritional/SSRIs.md	30_Pharmacopoeia/_pharmacopoeia-vault/Manus Compound Notes/SSRIs.md	1337
ad95218d624de1bc5e8a5410e6da8763860415b62019f4ed8a295103e796f6b1	30_Pharmacopoeia/Nutritional/Emblica officinalis.md	30_Pharmacopoeia/_pharmacopoeia-vault/Manus Compound Notes/Emblica officinalis.md	1839
05ce588dd9d01670a1b8d341233c82eef1c3a9c5d7d43ea905fc5a38bb5c8853	30_Pharmacopoeia/Pneumatic/apparicine.md	30_Pharmacopoeia/_pharmacopoeia-vault/Manus Compound Notes/apparicine.md	1799
cddabc28735b1ca6bc562f253217a75eff3adb18de1ea633c48bb6748619bd20	30_Pharmacopoeia/Medical/quinine.md	30_Pharmacopoeia/_pharmacopoeia-vault/Manus Compound Notes/quinine.md	1685
6bd09b913d9ab85eab22aa16b08ed77e5754952c02fc847eb9fb135922d84aef	30_Pharmacopoeia/Functional/tannins.md	30_Pharmacopoeia/_pharmacopoeia-vault/Manus Compound Notes/tannins.md	1506
be638088e9b821d19a550c79fd623a8358af8097c88f6a9df792d6d4396310b2	30_Pharmacopoeia/Nutritional/alkaloid stachydrine.md	30_Pharmacopoeia/_pharmacopoeia-vault/Manus Compound Notes/alkaloid stachydrine.md	1423
cb07f0e6d9884e29ad2dfd13c434e5b92a3293fb83463b39b677cc0e2119baf2	30_Pharmacopoeia/Nutritional/Salvia miltiorrhiza.md	30_Pharmacopoeia/_pharmacopoeia-vault/Manus Compound Notes/Salvia miltiorrhiza.md	1744
00d6be2b92b6d9e9c68d226859d5eb5ad7df96cbd5aa92a3465eb07df41fe5a1	30_Pharmacopoeia/Chthonic/Brugmansia.md	30_Pharmacopoeia/_pharmacopoeia-vault/Manus Compound Notes/Brugmansia.md	1539
c75ad328cdb7877a48d6083f3270427c9602faad7f90ccae8b8752dfe919b7dd	30_Pharmacopoeia/Nutritional/honokiol.md	30_Pharmacopoeia/_pharmacopoeia-vault/Manus Compound Notes/honokiol.md	1829
248979be80fd889b15374a47a151d58bec38281081f9eb5b2a1ac7b3cbbe35b5	30_Pharmacopoeia/Nutritional/Actaea racemosa.md	30_Pharmacopoeia/_pharmacopoeia-vault/Manus Compound Notes/Actaea racemosa.md	1666
9756d6419dc615542217b192596a62eb6700f5a0a28080f4573641f3e29e8aab	30_Pharmacopoeia/Nutritional/Carum carvi.md	30_Pharmacopoeia/_pharmacopoeia-vault/Manus Compound Notes/Carum carvi.md	1876
4c5954e6239da6d860de016fb572393edca53837407aa5e706e50849911d35d9	30_Pharmacopoeia/Chthonic/dihydroveratramine.md	30_Pharmacopoeia/_pharmacopoeia-vault/Manus Compound Notes/dihydroveratramine.md	1444
3390d172f5ca85dca600ec6bb9fbb865b07a54ab79ee1ed82f3ec9f164869c2e	30_Pharmacopoeia/Nutritional/Verbascum thapsus.md	30_Pharmacopoeia/_pharmacopoeia-vault/Manus Compound Notes/Verbascum thapsus.md	1780
58ff81016a5e9e8753a896e162ae58bad99fb425aeceba2a5643505bbc6dd468	30_Pharmacopoeia/Nutritional/Lactobacillus kefiranofaciens.md	30_Pharmacopoeia/_pharmacopoeia-vault/Manus Compound Notes/Lactobacillus kefiranofaciens.md	1514
ccee5f44253042da7bcd4f3d1eff651f13edb609069399fae81d195282f40268	30_Pharmacopoeia/Functional/cocaine.md	30_Pharmacopoeia/_pharmacopoeia-vault/Manus Compound Notes/cocaine.md	1690
f1ade048172b0cc74e491cc0ffd8917f53cd5ca7dedecc62f54900e4ba5dbe29	30_Pharmacopoeia/Nutritional/Olea europaea.md	30_Pharmacopoeia/_pharmacopoeia-vault/Manus Compound Notes/Olea europaea.md	1657
00699bf94461f0e232cdf69d17ac262c8f712492ba0660008b5936aae83f45cb	30_Pharmacopoeia/Nutritional/5-HTP.md	30_Pharmacopoeia/_pharmacopoeia-vault/Manus Compound Notes/5-HTP.md	1703
ee5d130369ea25e461201fed2e3a737600ff4cd171f4cb558cce1e0931a08d65	30_Pharmacopoeia/Nutritional/convolamine.md	30_Pharmacopoeia/_pharmacopoeia-vault/Manus Compound Notes/convolamine.md	1898
d45bd172e4805ff5715e443ed28202667cdb859362c20e634405448f3e8e94aa	30_Pharmacopoeia/Functional/theacrine.md	30_Pharmacopoeia/_pharmacopoeia-vault/Manus Compound Notes/theacrine.md	1747
48da26d5528bad2c5d195a59609a035c7cb594a1931a324b0522604b1209b61e	30_Pharmacopoeia/Nutritional/Valeriana jatamansi.md	30_Pharmacopoeia/_pharmacopoeia-vault/Manus Compound Notes/Valeriana jatamansi.md	1818
558ad8f2798bbaa7171413e4766c55f8ebe62d07c2cdb0577081d76dbc5c92e7	30_Pharmacopoeia/Nutritional/leonurine.md	30_Pharmacopoeia/_pharmacopoeia-vault/Manus Compound Notes/leonurine.md	1681
370116f75ddd2ed534ade94bcfc1815de9e6d8a0cfa33f6be60329abf3343c4e	30_Pharmacopoeia/Functional/Erythroxylum coca.md	30_Pharmacopoeia/_pharmacopoeia-vault/Manus Compound Notes/Erythroxylum coca.md	1705
ddd3ae29da24689a2ce5772c35b1b608883963f1fbf0ecbbdc7656f848efb8bd	30_Pharmacopoeia/Pneumatic/Psychotria viridis.md	30_Pharmacopoeia/_pharmacopoeia-vault/Manus Compound Notes/Psychotria viridis.md	1676
c0396fec748601d759b0f20999e3f64ac62f8aa61d74b55c6b29bba2119643fd	30_Pharmacopoeia/Nutritional/Emblicanins.md	30_Pharmacopoeia/_pharmacopoeia-vault/Manus Compound Notes/Emblicanins.md	1557
04181f195a17e4a5004eecf2320cb69343b4c95fca8638102339fe24137b3b85	30_Pharmacopoeia/Nutritional/Ôò¼Ôûô-Asarone.md	30_Pharmacopoeia/_pharmacopoeia-vault/Manus Compound Notes/╬▓-Asarone.md	1451
1a10b79cb5c2c1e136f284eb94dd4dc8ce4fe07ea95b864eccf52584237b6bee	30_Pharmacopoeia/Nutritional/lobeline.md	30_Pharmacopoeia/_pharmacopoeia-vault/Manus Compound Notes/lobeline.md	1802
f6b2210a29ec45c29fcde637e926fe2060bab7939011f7d1744b67bf2db5e4c1	30_Pharmacopoeia/Nutritional/Syzygium aromaticum.md	30_Pharmacopoeia/_pharmacopoeia-vault/Manus Compound Notes/Syzygium aromaticum.md	1785
d720949df5df23c5054f7ccd6b765233fd6e9f137a2af6374803860c3f58dc35	30_Pharmacopoeia/Nutritional/amylase.md	30_Pharmacopoeia/_pharmacopoeia-vault/Manus Compound Notes/amylase.md	1700
43088365c6ff045ad0db3b7facc31a597083e2c7f78fe59666217a65a889fa41	30_Pharmacopoeia/Nutritional/Riboflavin (Vitamin B2.md	30_Pharmacopoeia/_pharmacopoeia-vault/Manus Compound Notes/Riboflavin (Vitamin B2.md	1404
9e4110aafc9eb37d7b58e1e9de4c4907842ab21846fb0ac748938babdc1d6801	30_Pharmacopoeia/Nutritional/melatonin.md	30_Pharmacopoeia/_pharmacopoeia-vault/Manus Compound Notes/melatonin.md	1629
15d33230b5f443164bb951364d8bfecd34f27fc5613584679deddc77714b1f41	30_Pharmacopoeia/Nutritional/Re.md	30_Pharmacopoeia/_pharmacopoeia-vault/Manus Compound Notes/Re.md	1564
5cb87f2328ed2bc7c8a1c2d49410734f8699b10bef9445e50327f1f933232ca3	30_Pharmacopoeia/Functional/MAO inhibitors.md	30_Pharmacopoeia/_pharmacopoeia-vault/Manus Compound Notes/MAO inhibitors.md	1475
1cc77b58a815065ebb235a981c13f044b542b0e4e6c0406dae64e56c469b92e7	30_Pharmacopoeia/Nutritional/Achillea millefolium.md	30_Pharmacopoeia/_pharmacopoeia-vault/Manus Compound Notes/Achillea millefolium.md	1802
eba70caea5a313dbe7ca7bf954129a6b1a501b5a2cce4e7e46c9b97723db3727	30_Pharmacopoeia/Functional/Ilex vomitoria.md	30_Pharmacopoeia/_pharmacopoeia-vault/Manus Compound Notes/Ilex vomitoria.md	1743
2832872e8c1e4401dcb4c612055950d0289ea5cc03cf01c05b64710a023b08ce	30_Pharmacopoeia/Nutritional/Ziziphus jujuba.md	30_Pharmacopoeia/_pharmacopoeia-vault/Manus Compound Notes/Ziziphus jujuba.md	1769
f5797c27d206517190e8dba371578c0c53b6398b8d7b5b818886e0c7f0bbbdeb	30_Pharmacopoeia/Functional/D-chiro-inositol.md	30_Pharmacopoeia/_pharmacopoeia-vault/Manus Compound Notes/D-chiro-inositol.md	1634
a7072333cc8bf70ed01b6473f325af72b434111e508412f6fd19a136b74a8498	30_Pharmacopoeia/Nutritional/Maytenus krukovii.md	30_Pharmacopoeia/_pharmacopoeia-vault/Manus Compound Notes/Maytenus krukovii.md	1926
24af83b255819accf1df575b7d875a0e67072a770e2a30f8f88af5b2593d28c6	30_Pharmacopoeia/Nutritional/Silybum marianum.md	30_Pharmacopoeia/_pharmacopoeia-vault/Manus Compound Notes/Silybum marianum.md	1911
e4e2fff73af79687cd5220e01e723531e24b3dfb869c8b4745d3b229c861fae4	30_Pharmacopoeia/Medical/Claviceps paspali.md	30_Pharmacopoeia/_pharmacopoeia-vault/Manus Compound Notes/Claviceps paspali.md	1526
305b8a030e7d6e00755e7c808322fc7a05351fdcc86f1576b23a06ca54b6657b	30_Pharmacopoeia/Nutritional/pycnogenol.md	30_Pharmacopoeia/_pharmacopoeia-vault/Manus Compound Notes/pycnogenol.md	1390
27b8dd920cfce8a7fd07e5eac6b085a093b0aa3aecf5f9cd203ad24f39986474	30_Pharmacopoeia/Nutritional/ophiopogonins.md	30_Pharmacopoeia/_pharmacopoeia-vault/Manus Compound Notes/ophiopogonins.md	1704
d1056f591656bcb4a2901586f1bd319f491c3b2d6ca016675081267b318d22b8	30_Pharmacopoeia/Chthonic/Datura metel.md	30_Pharmacopoeia/_pharmacopoeia-vault/Manus Compound Notes/Datura metel.md	1564
e291f9c6f34178addc806496e886cf169158a22f80f542243de77eb41eeb23d9	30_Pharmacopoeia/Functional/CBD.md	30_Pharmacopoeia/_pharmacopoeia-vault/Manus Compound Notes/CBD.md	1700
77bdbee78bc97813bf143c3ccff9867998ee08f7eea66b0e2c012f508b48161c	30_Pharmacopoeia/Pneumatic/Peganum harmala.md	30_Pharmacopoeia/_pharmacopoeia-vault/Manus Compound Notes/Peganum harmala.md	1648
6691c47ed1c874ed889fa718f773066d0a6c6274ec8f2839c04b4ad2252a4e99	30_Pharmacopoeia/Nutritional/gentiopicroside.md	30_Pharmacopoeia/_pharmacopoeia-vault/Manus Compound Notes/gentiopicroside.md	2065
09daa0c9c785d49b87b26be701debc8f608e4dfee37f8dff349a2d3be663dafd	30_Pharmacopoeia/Nutritional/yohimbine-type alkaloids.md	30_Pharmacopoeia/_pharmacopoeia-vault/Manus Compound Notes/yohimbine-type alkaloids.md	1668
2c48222c0022198ca16e20fef5f9cef79ce0377c4c8c3a89539109d7bb21805c	30_Pharmacopoeia/Nutritional/Taraxacum officinale.md	30_Pharmacopoeia/_pharmacopoeia-vault/Manus Compound Notes/Taraxacum officinale.md	1981
babc5ff3a2eb239cc28a0d9b5a2de3c9a3257bc8221a9ca97eaca187131387ad	30_Pharmacopoeia/Functional/vertine (cryogenine.md	30_Pharmacopoeia/_pharmacopoeia-vault/Manus Compound Notes/vertine (cryogenine.md	1441
64fe108a5b7084bf87559df5860924cc761a26bebfcf90fae8538d90727ebdb7	30_Pharmacopoeia/Chthonic/Brugmansia suaveolens.md	30_Pharmacopoeia/_pharmacopoeia-vault/Manus Compound Notes/Brugmansia suaveolens.md	1616
25c99af14a0bd0e7de620087d31f780de49cdaa5a1f5872a0301b0c339eca1a9	30_Pharmacopoeia/Nutritional/Elaeis guineensis.md	30_Pharmacopoeia/_pharmacopoeia-vault/Manus Compound Notes/Elaeis guineensis.md	1420
befe313ac495c331512a46a74d59774d9c8b4bd5de294c292aa4491da7f03437	30_Pharmacopoeia/Chthonic/Atropa belladonna.md	30_Pharmacopoeia/_pharmacopoeia-vault/Manus Compound Notes/Atropa belladonna.md	1646
e46697568767d2a6b4e7a3a625a26fdef86d4a4c1719decb9270cd90ba711885	30_Pharmacopoeia/Medical/ergocristine.md	30_Pharmacopoeia/_pharmacopoeia-vault/Manus Compound Notes/ergocristine.md	1730
e97dfecb98d3230f3ad8efaba52af43206db5983d912b51aad2fc226bc700764	30_Pharmacopoeia/Functional/Nutmeg.md	30_Pharmacopoeia/_pharmacopoeia-vault/Manus Compound Notes/Nutmeg.md	1331
2978b8672772c3ca132b69a3a7d757b2e53025f5fd5556c2a465dedf0aba9ea8	30_Pharmacopoeia/Nutritional/Triticum spelta.md	30_Pharmacopoeia/_pharmacopoeia-vault/Manus Compound Notes/Triticum spelta.md	1406
404aa1992aad2f8158509c8a7f452baacc5c03ef6da13d1ca5514be08d285532	30_Pharmacopoeia/Nutritional/Niacinamide (nicotinamide.md	30_Pharmacopoeia/_pharmacopoeia-vault/Manus Compound Notes/Niacinamide (nicotinamide.md	1496
0afb5c12667c05eb758aae7db822cdddbcfe4bc122281dfad31c405ae7760370	30_Pharmacopoeia/Pneumatic/Salvia divinorum.md	30_Pharmacopoeia/_pharmacopoeia-vault/Manus Compound Notes/Salvia divinorum.md	1529
0fa4e6a39ad1f91ef59d01cfaa0cd782b67db94b916746bcf1893c338c5a1a9a	30_Pharmacopoeia/Nutritional/isomitraphylline.md	30_Pharmacopoeia/_pharmacopoeia-vault/Manus Compound Notes/isomitraphylline.md	1722
e615b134e198232eb883322e1e126b808937989674cf5d67c9e964e1d2ad8345	30_Pharmacopoeia/Chthonic/Brugmansia versicolor.md	30_Pharmacopoeia/_pharmacopoeia-vault/Manus Compound Notes/Brugmansia versicolor.md	1616
8659d09a517c00b9304968eb2bc3e53deb74c7984a6f596355eae2ccb62dce2a	30_Pharmacopoeia/Nutritional/Laurus nobilis.md	30_Pharmacopoeia/_pharmacopoeia-vault/Manus Compound Notes/Laurus nobilis.md	1399
4b1635379c4cec8957efd9f66f7bdc0275ebed62bf3c2521e02b5a1d47118da6	30_Pharmacopoeia/Nutritional/bacosides A.md	30_Pharmacopoeia/_pharmacopoeia-vault/Manus Compound Notes/bacosides A.md	1424
e73a45a3af6758fd9b8b82d6dc4b631e496ee9cbce7132fe118da588a236dd19	30_Pharmacopoeia/Nutritional/Magnesium glycinate (bisglycinate.md	30_Pharmacopoeia/_pharmacopoeia-vault/Manus Compound Notes/Magnesium glycinate (bisglycinate.md	1544
7a95518edab9449f564c2d3621a329afec1ac7a39f7921bba33a77dbb98054aa	30_Pharmacopoeia/Nutritional/apigenin flavonoids.md	30_Pharmacopoeia/_pharmacopoeia-vault/Manus Compound Notes/apigenin flavonoids.md	1457
a6426811ae3f3a4ad3156191f031f958513664686f6afa1094ab5b79fb7c0f3a	30_Pharmacopoeia/Nutritional/oleuropein.md	30_Pharmacopoeia/_pharmacopoeia-vault/Manus Compound Notes/oleuropein.md	1711
18077bd181cc2703302615f2533350596ef069b3c64f95f0f3bd624745042e53	30_Pharmacopoeia/Nutritional/Manihot esculenta.md	30_Pharmacopoeia/_pharmacopoeia-vault/Manus Compound Notes/Manihot esculenta.md	1463
e2873684701fb025b4e42bb8c9242adda03cc2a9a19177b8ea7d8f67ecb4555c	30_Pharmacopoeia/Nutritional/Lilium brownii.md	30_Pharmacopoeia/_pharmacopoeia-vault/Manus Compound Notes/Lilium brownii.md	1753
913db41b1a2210a84a4aefeb99a26481fbb9d5a7a266cf482412936c8ff40133	30_Pharmacopoeia/Nutritional/Ursolic acid.md	30_Pharmacopoeia/_pharmacopoeia-vault/Manus Compound Notes/Ursolic acid.md	1859
86686415ff0ef406d4a8f77a17b6dac3c04d912c5c90c5cbca580bbea29d645e	30_Pharmacopoeia/Nutritional/Rosavins.md	30_Pharmacopoeia/_pharmacopoeia-vault/Manus Compound Notes/Rosavins.md	1784
694b34f0860a2fb7d757bb02667159419e4c3c6a247841d4b9eb90ed26f03b36	30_Pharmacopoeia/Nutritional/Cynara cardunculus.md	30_Pharmacopoeia/_pharmacopoeia-vault/Manus Compound Notes/Cynara cardunculus.md	1929
96e0c05b0638b5d5b2ef1263fea1eb29322a31f479760d9a593ae48908aad292	30_Pharmacopoeia/Nutritional/Hypericum perforatum.md	30_Pharmacopoeia/_pharmacopoeia-vault/Manus Compound Notes/Hypericum perforatum.md	1861
b3ed7655c19e5c0898a26ecced37be9475218c7f36d13d27fdb89bcaa517ce4b	30_Pharmacopoeia/Nutritional/attractylenolides.md	30_Pharmacopoeia/_pharmacopoeia-vault/Manus Compound Notes/attractylenolides.md	1460
e74c8a662a065ad9a7546c0ca75b81ab6443e00950cec18fbb37c423b262a3d0	30_Pharmacopoeia/Nutritional/sesquiterpene alkaloids.md	30_Pharmacopoeia/_pharmacopoeia-vault/Manus Compound Notes/sesquiterpene alkaloids.md	1795
f42f25d4653be693f244a34fb08b6258ac24bc57b0914ff07714e42a5a61a227	30_Pharmacopoeia/Nutritional/crocins.md	30_Pharmacopoeia/_pharmacopoeia-vault/Manus Compound Notes/crocins.md	1343
948f206eec3c11743f9b7a6caf8e3eea295e95bc12accb075784e7f7028cc4d7	30_Pharmacopoeia/Nutritional/Garcinia kola.md	30_Pharmacopoeia/_pharmacopoeia-vault/Manus Compound Notes/Garcinia kola.md	1745
b2ffd8726259d402f079cc7be44bb12509bcfeccdf1f887ba8c9f37976f6335e	30_Pharmacopoeia/Nutritional/Silene capensis.md	30_Pharmacopoeia/_pharmacopoeia-vault/Manus Compound Notes/Silene capensis.md	1716
a691bd9f5a16193a7d051460fa921ca14308e8659860c0f31213987b50c1076f	30_Pharmacopoeia/Functional/Nerve growth factor (NGF.md	30_Pharmacopoeia/_pharmacopoeia-vault/Manus Compound Notes/Nerve growth factor (NGF.md	1448
272cbd572825f63652a0ec11f2ceced244dbb376d5548393fc2440510b6d128c	30_Pharmacopoeia/Functional/Fluoroquinolones.md	30_Pharmacopoeia/_pharmacopoeia-vault/Manus Compound Notes/Fluoroquinolones.md	1367
c47e4014fd7b79c63993c5bc49e3db93a87bcfe64ca449d154b1d6ea8378153b	30_Pharmacopoeia/Nutritional/Betulinic acid.md	30_Pharmacopoeia/_pharmacopoeia-vault/Manus Compound Notes/Betulinic acid.md	1759
51e8ec09488dbcbac4be525503494a82c30600b3840f7fc8e40e33c28760fbcb	30_Pharmacopoeia/Nutritional/arecaidine.md	30_Pharmacopoeia/_pharmacopoeia-vault/Manus Compound Notes/arecaidine.md	1786
0400c263453f74487aa59914497e548b03f32cc15229676b38ef47b5242a2d44	30_Pharmacopoeia/Chthonic/aconitine.md	30_Pharmacopoeia/_pharmacopoeia-vault/Manus Compound Notes/aconitine.md	1959
ecc18a7fc4760cc070edf061f693f76a465e7a964e2fb5b8fa7f09cb18b27c8e	30_Pharmacopoeia/Nutritional/baicalin.md	30_Pharmacopoeia/_pharmacopoeia-vault/Manus Compound Notes/baicalin.md	1991
1aed5fbe8a603a9ee7eac7bac677f1da936a37e6683b73cac4d465d92a32f357	30_Pharmacopoeia/Nutritional/Rehmannia glutinosa.md	30_Pharmacopoeia/_pharmacopoeia-vault/Manus Compound Notes/Rehmannia glutinosa.md	2042
d01483c1e837329ff75f0f0ff188dfff20de3869884d02db0df6a57d8289ffb6	30_Pharmacopoeia/Pneumatic/Rivea corymbosa.md	30_Pharmacopoeia/_pharmacopoeia-vault/Manus Compound Notes/Rivea corymbosa.md	1670
fcfe599a665d63fbfa17bcd16962f80a8b9be08e27da1cdfd7fc2baf9ceb72cc	30_Pharmacopoeia/Nutritional/Panax ginseng.md	30_Pharmacopoeia/_pharmacopoeia-vault/Manus Compound Notes/Panax ginseng.md	2136
ee7f8e0bda33a0da0ed39e72e09278d91ffdac07a43c09f02ad56cc41f7f3308	30_Pharmacopoeia/Chthonic/Datura wrightii.md	30_Pharmacopoeia/_pharmacopoeia-vault/Manus Compound Notes/Datura wrightii.md	1569
b3af02aa5081853da82b25621f3fd72b174e4cd48c73779c72af15206e5cb75b	30_Pharmacopoeia/_By_Structure/Source_Substances/Salvia officinalis.md	30_Pharmacopoeia/_pharmacopoeia-vault/Manus Compound Notes/Salvia officinalis.md	1747
79189fb0774c1ab102db2d30c59cd604fa27bdac4b18a926e0464cafa0006132	30_Pharmacopoeia/Functional/Cannabis sativa.md	30_Pharmacopoeia/_pharmacopoeia-vault/Manus Compound Notes/Cannabis sativa.md	1732
5e570056656b0674eaecfe0ee67f40f871fcfdef21201a3fc3387e4de79239bb	30_Pharmacopoeia/Pneumatic/harmala alkaloids.md	30_Pharmacopoeia/_pharmacopoeia-vault/Manus Compound Notes/harmala alkaloids.md	1651
a533531e576c58c738284e4787babdca8fbb607ce066b64012744b54a7987707	30_Pharmacopoeia/Nutritional/Magnolia officinalis.md	30_Pharmacopoeia/_pharmacopoeia-vault/Manus Compound Notes/Magnolia officinalis.md	1926
423fe87976e6d4ce4ddbae5d19f149bf181d05a7ea8938b3e0124ee6be9ae006	30_Pharmacopoeia/Nutritional/Selenium.md	30_Pharmacopoeia/_pharmacopoeia-vault/Manus Compound Notes/Selenium.md	1537
7690c4c832d69885a262a06aef2b4ba623aa916b089c41a714be4bffa6317efb	30_Pharmacopoeia/Nutritional/thujone.md	30_Pharmacopoeia/_pharmacopoeia-vault/Manus Compound Notes/thujone.md	2027
3021f2b810c6f86ff83611098b0c228e1af8bac8b626269ba92483647521edc5	30_Pharmacopoeia/Nutritional/Picralima nitida.md	30_Pharmacopoeia/_pharmacopoeia-vault/Manus Compound Notes/Picralima nitida.md	1935
93ae137e3192ad913ed554900af872b142b2f32f905b99642ef6643877c97241	30_Pharmacopoeia/Nutritional/ginkgolides.md	30_Pharmacopoeia/_pharmacopoeia-vault/Manus Compound Notes/ginkgolides.md	1363
324fccb327eea7dec1fe78f68d39ed0899ab328c74117021a63324fc88ba2dd7	30_Pharmacopoeia/Nutritional/pulegone.md	30_Pharmacopoeia/_pharmacopoeia-vault/Manus Compound Notes/pulegone.md	1636
c498468d2c217479ec71aa08b944ffa3ba499a1f676fadd5c9c69f98054591ce	30_Pharmacopoeia/Nutritional/Entada rheedii.md	30_Pharmacopoeia/_pharmacopoeia-vault/Manus Compound Notes/Entada rheedii.md	1399
032d65c037e51566e546105d9119c74b9266eddc2b7c18d86f9d0baa1ad8e64c	30_Pharmacopoeia/Nutritional/Acrocomia aculeata.md	30_Pharmacopoeia/_pharmacopoeia-vault/Manus Compound Notes/Acrocomia aculeata.md	1427
e6b845e2b53aba905e6e6ce912abb6aca94789eaf132d5b384b4bb1f7f946398	30_Pharmacopoeia/Medical/thebaine.md	30_Pharmacopoeia/_pharmacopoeia-vault/Manus Compound Notes/thebaine.md	1800
d1f3e4b974a366077b78495b4c7abd0c43bd34cf96644cc0444514cfebf90ed4	30_Pharmacopoeia/Pneumatic/lophophorine.md	30_Pharmacopoeia/_pharmacopoeia-vault/Manus Compound Notes/lophophorine.md	1734
96898245baec03ca3ef1a829052ea052cad17a785a5d78b36a8fa8dbb6af0168	30_Pharmacopoeia/Functional/Alpha-GPC.md	30_Pharmacopoeia/_pharmacopoeia-vault/Manus Compound Notes/Alpha-GPC.md	1331
dcd9105bf39e024c35105b15cb48218af58470b86918008c6bba1ef71f4e6dc4	30_Pharmacopoeia/Nutritional/Tinosporasides.md	30_Pharmacopoeia/_pharmacopoeia-vault/Manus Compound Notes/Tinosporasides.md	1528
c6c42ca77adb3fad7418d3a3491e15e785abb0e861ae51d61e7edbcd295dc374	30_Pharmacopoeia/Functional/donepezil.md	30_Pharmacopoeia/_pharmacopoeia-vault/Manus Compound Notes/donepezil.md	1666
6ecef3b27569b22809a57a54d317bad407da227bb79960b254a246b0dbc5b4a8	30_Pharmacopoeia/Functional/nicotine.md	30_Pharmacopoeia/_pharmacopoeia-vault/Manus Compound Notes/nicotine.md	1884
1b426f4314f09c6318556e7e37f206dc9ba5357076a65589671f739638e51762	30_Pharmacopoeia/Nutritional/Pueraria tuberosa.md	30_Pharmacopoeia/_pharmacopoeia-vault/Manus Compound Notes/Pueraria tuberosa.md	1752
b720d63f6535363aff665a898551c00491deba11878254ec7224cb3c3e639031	30_Pharmacopoeia/Nutritional/Sorghum bicolor.md	30_Pharmacopoeia/_pharmacopoeia-vault/Manus Compound Notes/Sorghum bicolor.md	1449
581e3e2187770c0fc395aafa316125886748bef07c64d6c69a40425399b99e6b	30_Pharmacopoeia/Nutritional/pfaffic acid.md	30_Pharmacopoeia/_pharmacopoeia-vault/Manus Compound Notes/pfaffic acid.md	2010
53a67ff3abbfe7ec090065a56537e623f3eda24b5632b5fdb0b2af239bcb6088	30_Pharmacopoeia/Nutritional/muscarine.md	30_Pharmacopoeia/_pharmacopoeia-vault/Manus Compound Notes/muscarine.md	1674
4cd7a9e50b6efa108ff09ffa56be42d78662dcfde97ac731ca451555140eef06	30_Pharmacopoeia/Nutritional/Valeriana officinalis.md	30_Pharmacopoeia/_pharmacopoeia-vault/Manus Compound Notes/Valeriana officinalis.md	1822
cf95bcb01898ab134b1f8a1d08e6c63090d101d255334d1b8a374be5703dde40	30_Pharmacopoeia/Nutritional/saponins.md	30_Pharmacopoeia/_pharmacopoeia-vault/Manus Compound Notes/saponins.md	1731
fc378dda7f7aed8613f621aeda591b2647806969fd8afefb453ee9504ec226ab	30_Pharmacopoeia/Nutritional/Thiamine (Vitamin B1.md	30_Pharmacopoeia/_pharmacopoeia-vault/Manus Compound Notes/Thiamine (Vitamin B1.md	1466
3a6f0a8cb75c3a8e39df7746b5ea0aa448c48aa2617f4ed22265f84d349eb6d3	30_Pharmacopoeia/Nutritional/baicalein.md	30_Pharmacopoeia/_pharmacopoeia-vault/Manus Compound Notes/baicalein.md	1868
fcfb67c0c7949f3384b71b2c2a29e0e3e7d001859dc31bc38145b89cf029bfcb	30_Pharmacopoeia/Nutritional/Taxus baccata.md	30_Pharmacopoeia/_pharmacopoeia-vault/Manus Compound Notes/Taxus baccata.md	1559
2c85c1b4017888085b47eec62b1c19950aab5eb74060f823f2fe502fcaadd5c8	30_Pharmacopoeia/Nutritional/Convolvulus pluricaulis.md	30_Pharmacopoeia/_pharmacopoeia-vault/Manus Compound Notes/Convolvulus pluricaulis.md	1870
61611f079d2c485f860dc82e9e39b68cdef05d0ca121beec4daac9efbbadddc2	30_Pharmacopoeia/Pneumatic/San Pedro.md	30_Pharmacopoeia/_pharmacopoeia-vault/Manus Compound Notes/San Pedro.md	1588
34b56c83cef66846441c8f0ce0dd5c0bbeef6f398e934201296f51cb914cdf25	30_Pharmacopoeia/Nutritional/Veratrum californicum.md	30_Pharmacopoeia/_pharmacopoeia-vault/Manus Compound Notes/Veratrum californicum.md	1552
e7a4c5591c5a7dae01ca377e3bcd9c04dc1ce2f3633c1196617859ab8119d4c7	30_Pharmacopoeia/Nutritional/terpenes.md	30_Pharmacopoeia/_pharmacopoeia-vault/Manus Compound Notes/terpenes.md	1422
15e2d7d752aa78cc263985e1501f1eafcddd44abc46d9788ceac0639a519763e	30_Pharmacopoeia/Functional/Nicotinic receptor agonists.md	30_Pharmacopoeia/_pharmacopoeia-vault/Manus Compound Notes/Nicotinic receptor agonists.md	1469
b9113a571d4313d633ede6ae0c552e6a970e239a83da048b2cceffed9e3f1950	30_Pharmacopoeia/Pneumatic/beta-carboline alkaloids.md	30_Pharmacopoeia/_pharmacopoeia-vault/Manus Compound Notes/beta-carboline alkaloids.md	1497
97735ce4173efb0ec2cb92e36f43841a63974d790e9b644090beb00a56c59704	30_Pharmacopoeia/Nutritional/phenylethanol.md	30_Pharmacopoeia/_pharmacopoeia-vault/Manus Compound Notes/phenylethanol.md	1585
19b6ef458a997ae677f65380a1bd144a72ec04cb4ffa5fa94adc1f6db2dc68fa	30_Pharmacopoeia/Nutritional/terpinen-4-ol.md	30_Pharmacopoeia/_pharmacopoeia-vault/Manus Compound Notes/terpinen-4-ol.md	1646
cf3638002c7fb42b39e4f9bac79f7a06135bac8cc52eb74f968aa91f10c63c45	30_Pharmacopoeia/Nutritional/atractylenolides.md	30_Pharmacopoeia/_pharmacopoeia-vault/Manus Compound Notes/atractylenolides.md	1670
f9a0208e395bb80f519367147aca19df458ca2ff2a5c57c5635b485a86789f72	30_Pharmacopoeia/Nutritional/Sambucus nigra.md	30_Pharmacopoeia/_pharmacopoeia-vault/Manus Compound Notes/Sambucus nigra.md	1399
dcbb390cfc211f1a81f20536a09004f4bc53801cf210c576f38fdca143fd9d1a	30_Pharmacopoeia/Nutritional/Glycine.md	30_Pharmacopoeia/_pharmacopoeia-vault/Manus Compound Notes/Glycine.md	1552
65e7850883654f39afc974320eb8f6830b746a3708b2778897b501643a941744	30_Pharmacopoeia/Nutritional/bryonin.md	30_Pharmacopoeia/_pharmacopoeia-vault/Manus Compound Notes/bryonin.md	1329
43f145027528fda95503205f235d0d992c63cd332ba91dcbe723358e5fd95b6b	30_Pharmacopoeia/Chthonic/Scopolia japonica.md	30_Pharmacopoeia/_pharmacopoeia-vault/Manus Compound Notes/Scopolia japonica.md	1538
9d5ea094871e93894bf5543672d7fc2cf2df3f44d714307cf5edeaeb18fb7aff	30_Pharmacopoeia/Nutritional/Asparagus racemosus.md	30_Pharmacopoeia/_pharmacopoeia-vault/Manus Compound Notes/Asparagus racemosus.md	1798
f9350096b84bae30365e0f8bf70ff0de811444f5ca29ba68f331c6f69ee56f36	30_Pharmacopoeia/Nutritional/Anadenanthera peregrina.md	30_Pharmacopoeia/_pharmacopoeia-vault/Manus Compound Notes/Anadenanthera peregrina.md	1610
d740227d9d3cd5c78cc8c4ac5329ab309f9376dc9ed213e6c78ed7d0b7fc8d43	30_Pharmacopoeia/Pneumatic/phenamine.md	30_Pharmacopoeia/_pharmacopoeia-vault/Manus Compound Notes/phenamine.md	1563
4bbf71395211d2fa2ab3962ef47218728e60bb8a1ae4891762d536a1ddced6bf	30_Pharmacopoeia/Functional/cathinone.md	30_Pharmacopoeia/_pharmacopoeia-vault/Manus Compound Notes/cathinone.md	1658
fc29582287d544e6c16f8ee0cd2b489d88fbfa541cac802c79f3726531ba5d5d	30_Pharmacopoeia/Nutritional/Artemisia vulgaris.md	30_Pharmacopoeia/_pharmacopoeia-vault/Manus Compound Notes/Artemisia vulgaris.md	1830
83ca880540cc240be94b2c10d6f5115408b7d79794180124dd027315f3091012	30_Pharmacopoeia/Nutritional/IDRA-21.md	30_Pharmacopoeia/_pharmacopoeia-vault/Manus Compound Notes/IDRA-21.md	1764
1e6fe7c2fc7405ff6da11099aacd2b2e844634bae65b4dff1b878159ce1b906a	30_Pharmacopoeia/Nutritional/Piper longum.md	30_Pharmacopoeia/_pharmacopoeia-vault/Manus Compound Notes/Piper longum.md	1727
aa6990d1daa0c3ec7038e13825dc29cce41981fed1184cdecb66ebf68397f59a	30_Pharmacopoeia/Nutritional/Anemopsis californica.md	30_Pharmacopoeia/_pharmacopoeia-vault/Manus Compound Notes/Anemopsis californica.md	1690
fbb45ff3872ff6d4c0fe7863fec493bff91341a5123f32f4df19e149d209485a	30_Pharmacopoeia/Nutritional/Zinc.md	30_Pharmacopoeia/_pharmacopoeia-vault/Manus Compound Notes/Zinc.md	1723
ad96acc969a03041da11bbb93731b7a12ba9b4bfbb8f56a6c8abc057252a225e	30_Pharmacopoeia/Pneumatic/ibogamine.md	30_Pharmacopoeia/_pharmacopoeia-vault/Manus Compound Notes/ibogamine.md	1774
f64bde59cb02753647ed4e445b0cd3603a2a18abdd029e1ca30e560609e45c11	30_Pharmacopoeia/Nutritional/Jateorhiza palmata.md	30_Pharmacopoeia/_pharmacopoeia-vault/Manus Compound Notes/Jateorhiza palmata.md	1939
ae2d908ffd69145cd1ee870f4395c970508b913a7b734f374bc8d210ebf8d851	30_Pharmacopoeia/Nutritional/dehydrocorybulbine.md	30_Pharmacopoeia/_pharmacopoeia-vault/Manus Compound Notes/dehydrocorybulbine.md	1859
d880c839d09452b77714bc2dd715a9cca8dda48800bbd6c53b988fe0038445ea	30_Pharmacopoeia/Functional/L-theanine.md	30_Pharmacopoeia/_pharmacopoeia-vault/Manus Compound Notes/L-theanine.md	1771
750c013531f4c3fe24509bbd709279bea11faae07c8a9083266d8e8a8e64fe80	30_Pharmacopoeia/Functional/Ephedra sinica.md	30_Pharmacopoeia/_pharmacopoeia-vault/Manus Compound Notes/Ephedra sinica.md	1658
eb285536b8107260d98237b7d1cb0e886ded8e6e37e83ba6a13fc0db4428cfb5	30_Pharmacopoeia/Nutritional/Triticum aestivum.md	30_Pharmacopoeia/_pharmacopoeia-vault/Manus Compound Notes/Triticum aestivum.md	1420
45225fa57c2849da05bfe3987123efcccc27655fcce251b1ddd3ab71334ba4fd	30_Pharmacopoeia/Nutritional/Artemisia pontica.md	30_Pharmacopoeia/_pharmacopoeia-vault/Manus Compound Notes/Artemisia pontica.md	1831
6683e2b81b2b62c7c584bb470c147452254a4f1efbee1dfd1323d0d11b7057ef	30_Pharmacopoeia/Nutritional/Pyrus communis.md	30_Pharmacopoeia/_pharmacopoeia-vault/Manus Compound Notes/Pyrus communis.md	1399
8f5a3320597d408c89f048b6ed5f731e9711258f6a6a5d9e379c113f5a24ca8c	30_Pharmacopoeia/Functional/Ambien.md	30_Pharmacopoeia/_pharmacopoeia-vault/Manus Compound Notes/Ambien.md	1682
d5eaeb031a4030c57e2eac58834958077e7cf8c750cf568af982c23beb1d8e6e	30_Pharmacopoeia/Nutritional/alpha-lipoic acid.md	30_Pharmacopoeia/_pharmacopoeia-vault/Manus Compound Notes/alpha-lipoic acid.md	1646
3724618cbcd87b9645cd8881cf5f06070dc839ee9ba5d0e8662e0f329b8720a9	30_Pharmacopoeia/Pneumatic/Syrian Rue.md	30_Pharmacopoeia/_pharmacopoeia-vault/Manus Compound Notes/Syrian Rue.md	1606
b5941a7e3ef95e816241c24b235714dfe7d115553164459b2eb711366d7ee24b	30_Pharmacopoeia/Nutritional/L-canavanine.md	30_Pharmacopoeia/_pharmacopoeia-vault/Manus Compound Notes/L-canavanine.md	1743
4977eb3f2f012be20c8bf368297d7e6180b7cfbf18ffb3b7539ce0a139e4c4b5	30_Pharmacopoeia/Chthonic/Datura discolor.md	30_Pharmacopoeia/_pharmacopoeia-vault/Manus Compound Notes/Datura discolor.md	1569
47860b8c45e9afec61c7261bdbe55575c0de60405bfd57abdb33da06a4a23ef2	30_Pharmacopoeia/Nutritional/Ôò¼Ôûô-lapachone.md	30_Pharmacopoeia/_pharmacopoeia-vault/Manus Compound Notes/╬▓-lapachone.md	1495
df164870b8e4a8f0cc78fc0861ac9fb74014d93d6d5065b1e4d8999eeedfbc3f	30_Pharmacopoeia/Nutritional/1,3-dimethylamylamine.md	30_Pharmacopoeia/_pharmacopoeia-vault/Manus Compound Notes/1,3-dimethylamylamine.md	1793
8aa76cd74f57a885d10d7670cf42cd9261af071ad3c59cd1635d95193a4d9ce8	30_Pharmacopoeia/Functional/Purine alkaloids.md	30_Pharmacopoeia/_pharmacopoeia-vault/Manus Compound Notes/Purine alkaloids.md	1537
44b119449212a4a4e23f6e954cf4f4de3a86e295e12f17228218890778b1bffe	30_Pharmacopoeia/Functional/Aminoglycosides.md	30_Pharmacopoeia/_pharmacopoeia-vault/Manus Compound Notes/Aminoglycosides.md	1411
c17159407b33ba66f1fa46cf8fdfe8d101d2e99dcddd8155589692fcef53fdbe	30_Pharmacopoeia/Functional/Aralia mandshurica.md	30_Pharmacopoeia/_pharmacopoeia-vault/Manus Compound Notes/Aralia mandshurica.md	1682
d0d3f1e6d10fd8eefabeca10ca11080ec64799d7ef0549278f774c4f230ebf1b	30_Pharmacopoeia/Nutritional/Terminalia bellirica.md	30_Pharmacopoeia/_pharmacopoeia-vault/Manus Compound Notes/Terminalia bellirica.md	1919
797564e9fc001f970d4ef0e7c9c3375d308da59dfefd9285a66aac0dabb008aa	30_Pharmacopoeia/Nutritional/N-methyltyramine.md	30_Pharmacopoeia/_pharmacopoeia-vault/Manus Compound Notes/N-methyltyramine.md	1681
4b0d46e5d98b8724c49b5da5bf7fbd53b697ffb5e1c108e7944cab0bff536bb6	30_Pharmacopoeia/Functional/epicatechin.md	30_Pharmacopoeia/_pharmacopoeia-vault/Manus Compound Notes/epicatechin.md	1675
f4e05998c6c8caf151bafe65e4c6fcccebea8f7a0f2fad51eafbf4678662e864	30_Pharmacopoeia/Nutritional/GABA-A.md	30_Pharmacopoeia/_pharmacopoeia-vault/Manus Compound Notes/GABA-A.md	1376
9c180d4e1d61bd9af5aebb6546a1cb5cc55e2eb54b29f4c2ad5c370d5267c09f	30_Pharmacopoeia/Nutritional/Grifola frondosa.md	30_Pharmacopoeia/_pharmacopoeia-vault/Manus Compound Notes/Grifola frondosa.md	1756
751bd571129c122d43a48220ba3970408c05bc1d7622b486a621e033846454a9	30_Pharmacopoeia/Pneumatic/Lophophora diffusa.md	30_Pharmacopoeia/_pharmacopoeia-vault/Manus Compound Notes/Lophophora diffusa.md	1437
962d52321805ba673c1e4dfc25bd8630601968f5fc4e85a82ba42ab19f9009c7	30_Pharmacopoeia/Nutritional/ginsenoside Rg1.md	30_Pharmacopoeia/_pharmacopoeia-vault/Manus Compound Notes/ginsenoside Rg1.md	1893
9524652839ab27b589edd74b58ad8e954c3d6fa4e52a519567d4a4ec659b8aeb	30_Pharmacopoeia/Pneumatic/lisdexamfetamine.md	30_Pharmacopoeia/_pharmacopoeia-vault/Manus Compound Notes/lisdexamfetamine.md	1690
fd1af87d81fb16ac9e8600bafdb0bceeb1cf76b7587e588dd479220e987afae7	30_Pharmacopoeia/Chthonic/protoanemonin.md	30_Pharmacopoeia/_pharmacopoeia-vault/Manus Compound Notes/protoanemonin.md	1689
40ca99deda83cff511a33074cb3cf4df61efd78a56a3b108cf7093bbd171ff6c	30_Pharmacopoeia/Nutritional/boldine alkaloid.md	30_Pharmacopoeia/_pharmacopoeia-vault/Manus Compound Notes/boldine alkaloid.md	1389
377184580e998512e467dc155ce02ff99cd0bc446d1e6dbe7ae67c5923b06bf6	30_Pharmacopoeia/Functional/Aconite.md	30_Pharmacopoeia/_pharmacopoeia-vault/Manus Compound Notes/Aconite.md	1603
d30f356f5f9d59b107281b2d044299db73be350dc8b00e9534cb41b64c89bbd9	30_Pharmacopoeia/Nutritional/sabinene hydrate.md	30_Pharmacopoeia/_pharmacopoeia-vault/Manus Compound Notes/sabinene hydrate.md	1676
66b381f2de340d7bdd3b2e0783d43327ed4d4a8508b0fca682fd2831cbf589c1	30_Pharmacopoeia/Nutritional/tropane traces.md	30_Pharmacopoeia/_pharmacopoeia-vault/Manus Compound Notes/tropane traces.md	1369
30908f162c9ea778d28441f710f5425f3497a9240bd6b1ec2933b7abdf653c52	30_Pharmacopoeia/Nutritional/polygalasaponins.md	30_Pharmacopoeia/_pharmacopoeia-vault/Manus Compound Notes/polygalasaponins.md	1629
d02c1beee62f633231f5be828c2519beb9da0455bedd2f311c844acc4b732416	30_Pharmacopoeia/Nutritional/escin saponins.md	30_Pharmacopoeia/_pharmacopoeia-vault/Manus Compound Notes/escin saponins.md	1476
68122e687acafd6addfdcb748602fce2dffa7775c0dac1f502fc76bb6fce691d	30_Pharmacopoeia/Nutritional/Quassinoids.md	30_Pharmacopoeia/_pharmacopoeia-vault/Manus Compound Notes/Quassinoids.md	1548
2b1b671a6ecf585012c693721890d234f852145900bd9c90abeb353a1292d4df	30_Pharmacopoeia/Nutritional/glycyrrhizin.md	30_Pharmacopoeia/_pharmacopoeia-vault/Manus Compound Notes/glycyrrhizin.md	1834
b52f9ecb7c6bca9a90e0c6ac503d130b10edb883f83656fa3a4e54e9c0cb116c	30_Pharmacopoeia/Nutritional/valeranone.md	30_Pharmacopoeia/_pharmacopoeia-vault/Manus Compound Notes/valeranone.md	1722
6fc70be4c8dd127b3b725deb4c28b7c8e4ee2d6d8c86f7b21e33d331af4abbba	30_Pharmacopoeia/Nutritional/bacosides B.md	30_Pharmacopoeia/_pharmacopoeia-vault/Manus Compound Notes/bacosides B.md	1424
340e082d3a2eb45ffa9b57a58da8d178807b8552c68ebf0b19460dbf62a4bb62	30_Pharmacopoeia/Nutritional/Foeniculum vulgare.md	30_Pharmacopoeia/_pharmacopoeia-vault/Manus Compound Notes/Foeniculum vulgare.md	1766
972e6a3fa73bf693f5f6d96a6c26a964b3cf086669d48cb4dc1347eff8b2c72a	30_Pharmacopoeia/Functional/Kava lactones.md	30_Pharmacopoeia/_pharmacopoeia-vault/Manus Compound Notes/Kava lactones.md	1349
364e322bb22718965eb59bba5db1fad538074d454ad14690391b53edcbbf4be0	30_Pharmacopoeia/Nutritional/Gaultheria procumbens.md	30_Pharmacopoeia/_pharmacopoeia-vault/Manus Compound Notes/Gaultheria procumbens.md	1657
47f590f407f0aab963c49653108aec12c286c1f1e4ebd887d2264327b4fa5718	30_Pharmacopoeia/Nutritional/GABA.md	30_Pharmacopoeia/_pharmacopoeia-vault/Manus Compound Notes/GABA.md	1611
78d07291baad84603e91ef3e28647dbf8d73443dbb8e141ec13f580635fa628d	30_Pharmacopoeia/Functional/NSI-189.md	30_Pharmacopoeia/_pharmacopoeia-vault/Manus Compound Notes/NSI-189.md	1744
9caab6408deba2ad0cf622b4e4b493c5b54af85274fbadfb8753ac3302dc381c	30_Pharmacopoeia/Chthonic/Henbane.md	30_Pharmacopoeia/_pharmacopoeia-vault/Manus Compound Notes/Henbane.md	1584
e503608772b70e61eb5948f5864bde521b1de4d97d06327ead1e620b2eafd29c	30_Pharmacopoeia/Nutritional/inulin.md	30_Pharmacopoeia/_pharmacopoeia-vault/Manus Compound Notes/inulin.md	1692
5f48c93a858e9329dc6b5cb88db28c3686bce46c1c657d7937bc2b450d29cecc	30_Pharmacopoeia/Functional/Acetylcholine.md	30_Pharmacopoeia/_pharmacopoeia-vault/Manus Compound Notes/Acetylcholine.md	1646
fd72c264581fc94ff1f83acd77ff0baeaa505ca76bc84709338e0607667f80f8	30_Pharmacopoeia/Nutritional/gesho.md	30_Pharmacopoeia/_pharmacopoeia-vault/Manus Compound Notes/gesho.md	1321
784a80f9596ef1b58e23e1162a8facc56c2d7a1cdd8955b812ccfdf2dafa1552	30_Pharmacopoeia/Nutritional/Matricaria chamomilla.md	30_Pharmacopoeia/_pharmacopoeia-vault/Manus Compound Notes/Matricaria chamomilla.md	1982
f67e2cccec091f929df3d8bbb80f356dd89db1d38a43ca2466d9382ce501bc83	30_Pharmacopoeia/Nutritional/L-methylfolate (5-MTHF.md	30_Pharmacopoeia/_pharmacopoeia-vault/Manus Compound Notes/L-methylfolate (5-MTHF.md	1404
9d987f33d94f57861c159d9dc7131dc11c9ab897d3be3d4d4956ffecae7556f1	30_Pharmacopoeia/Nutritional/not specified.md	30_Pharmacopoeia/_pharmacopoeia-vault/Manus Compound Notes/not specified.md	1371
77f2c38a6e57dfd614c46ead6ec70bb6e5f5bc329cf8bcf5c81764658e33d633	30_Pharmacopoeia/Nutritional/GABA-T.md	30_Pharmacopoeia/_pharmacopoeia-vault/Manus Compound Notes/GABA-T.md	1325
45c503c9b4c7506ee67b641cfa5c097f5b501b856861e7bba2e33dad043a5306	30_Pharmacopoeia/Nutritional/Copper.md	30_Pharmacopoeia/_pharmacopoeia-vault/Manus Compound Notes/Copper.md	1497
362c7ab9968484dd1c61eecbc3b54076ebd96b825035aa77a369769749316d57	30_Pharmacopoeia/Nutritional/Tilia cordata.md	30_Pharmacopoeia/_pharmacopoeia-vault/Manus Compound Notes/Tilia cordata.md	1918
acdf2efae540920c9c6a24678d277c5211d9a5effa6eedc5d095b7c065ea1bf1	30_Pharmacopoeia/Nutritional/amarogentin.md	30_Pharmacopoeia/_pharmacopoeia-vault/Manus Compound Notes/amarogentin.md	2104
49d8f0f7d3a5c2a1c7ac51e76322baa6938b23a657c0992ecdf040108112697a	30_Pharmacopoeia/Nutritional/Krill oil.md	30_Pharmacopoeia/_pharmacopoeia-vault/Manus Compound Notes/Krill oil.md	1345
ba379875607b6fdffba060fb173ebef858b3daffe585578524b986e7fa3fc910	30_Pharmacopoeia/Nutritional/Acorus calamus.md	30_Pharmacopoeia/_pharmacopoeia-vault/Manus Compound Notes/Acorus calamus.md	1753
06ee4041659421bcf4f914d3e7a364934676f07ce38ff03dbebb06b61d545be5	30_Pharmacopoeia/Nutritional/valepotriates.md	30_Pharmacopoeia/_pharmacopoeia-vault/Manus Compound Notes/valepotriates.md	1760
f9aed7814d209001a1dfeab59fbfc444c117daec8f7ccf28b743651a10c36b57	30_Pharmacopoeia/Nutritional/ginsenoside Re.md	30_Pharmacopoeia/_pharmacopoeia-vault/Manus Compound Notes/ginsenoside Re.md	1943
1cee688fcdbe7f0ee05e7a58ec49fa6c5d2fc2d2a0946be11a34c4c28d1add51	30_Pharmacopoeia/Nutritional/Platycladus orientalis.md	30_Pharmacopoeia/_pharmacopoeia-vault/Manus Compound Notes/Platycladus orientalis.md	1935
56337b6fe1c3910b81fef3d425ce139577e398e8f1cb32a06bb67ddc5c56a1b3	30_Pharmacopoeia/Nutritional/Dihexa.md	30_Pharmacopoeia/_pharmacopoeia-vault/Manus Compound Notes/Dihexa.md	1743
402009512a53bc9185ba4559c67cbb0bfcabc71e9f495cc836975b87eea88da6	30_Pharmacopoeia/Functional/protein-bound polysaccharides.md	30_Pharmacopoeia/_pharmacopoeia-vault/Manus Compound Notes/protein-bound polysaccharides.md	1562
4c7d5a3a93c8ce565ff33ab9b681b119dc821d1e10b12b890b0b597b4e9c87c3	30_Pharmacopoeia/Pneumatic/Mimosa tenuiflora.md	30_Pharmacopoeia/_pharmacopoeia-vault/Manus Compound Notes/Mimosa tenuiflora.md	1675
e05a55e1bb2fddb7d06dd7ca64883e1ac2cd439a673b56b894c76c72e275467e	30_Pharmacopoeia/Nutritional/lycium polysaccharides.md	30_Pharmacopoeia/_pharmacopoeia-vault/Manus Compound Notes/lycium polysaccharides.md	1591
9f4e6acde94ad55113991ea4f5f62de780068e02f8e7a780cfe4a0abaa2df4b0	30_Pharmacopoeia/Functional/Ôò¼Ôûô-glucans.md	30_Pharmacopoeia/_pharmacopoeia-vault/Manus Compound Notes/╬▓-glucans.md	1397
016c1e7128228412737110ad60748fd803eca4651277401d8cadc3f228d65f7f	30_Pharmacopoeia/Pneumatic/Sinicuichi.md	30_Pharmacopoeia/_pharmacopoeia-vault/Manus Compound Notes/Sinicuichi.md	1601
f0a8bf9701b5d7f7a319cf0caa0d5c0772bf886ff467cda6d50631147a1fdab7	30_Pharmacopoeia/Nutritional/Nardostachys jatamansi.md	30_Pharmacopoeia/_pharmacopoeia-vault/Manus Compound Notes/Nardostachys jatamansi.md	1951
59b18278a846d7b4834c9e77752449875d3989b8582e24c3f8025b369fa55417	30_Pharmacopoeia/Nutritional/EGCG.md	30_Pharmacopoeia/_pharmacopoeia-vault/Manus Compound Notes/EGCG.md	1806
80761c2afebf2f1ea77bb9f056ae581b81417d85d96507233460f1e62104ee33	30_Pharmacopoeia/Pneumatic/taltirelin.md	30_Pharmacopoeia/_pharmacopoeia-vault/Manus Compound Notes/taltirelin.md	1666
52b10d03182e27927e44101f000deb3db9cac405f9e67cb758a23a3d92247ba7	30_Pharmacopoeia/Nutritional/yangonin.md	30_Pharmacopoeia/_pharmacopoeia-vault/Manus Compound Notes/yangonin.md	1849
080624ce58c0541c18b649e3efe41493eaaad25a49b473e1cbb148eb777a1199	30_Pharmacopoeia/Nutritional/Sceletium tortuosum.md	30_Pharmacopoeia/_pharmacopoeia-vault/Manus Compound Notes/Sceletium tortuosum.md	1925
557cb670094c30f5c8688bf1fb168a3df277fd435aaa70f157eb10aad82f873c	30_Pharmacopoeia/Nutritional/3-isoajmalicine.md	30_Pharmacopoeia/_pharmacopoeia-vault/Manus Compound Notes/3-isoajmalicine.md	1720
c7bca1316243fdf4ac22e806689cd8cad7a1a810d83da3893f3a941c836f547c	30_Pharmacopoeia/Nutritional/methylene blue.md	30_Pharmacopoeia/_pharmacopoeia-vault/Manus Compound Notes/methylene blue.md	1704
f5bd369be4f345a38e785102b87dfdf2c1a1a69d0b64b496ab507e1b0e76dfb4	30_Pharmacopoeia/Nutritional/triterpene glycosides.md	30_Pharmacopoeia/_pharmacopoeia-vault/Manus Compound Notes/triterpene glycosides.md	1563
bfac38b595a0df094811b4d00baa5cf7cd3c253db05620fc9fa86e5fd73733b4	30_Pharmacopoeia/Nutritional/arctigenin.md	30_Pharmacopoeia/_pharmacopoeia-vault/Manus Compound Notes/arctigenin.md	2068
c094171fb29cd6bc4bf978c86c264b8d71e149bd5bfc07cd0d015c0d8af39d8c	30_Pharmacopoeia/Nutritional/yohimbine.md	30_Pharmacopoeia/_pharmacopoeia-vault/Manus Compound Notes/yohimbine.md	1873
f90110bbe719f64c75f476c7bc1d8c0c328abf7fccf876cc5948890c8ed52c3f	30_Pharmacopoeia/Nutritional/rhodiola.md	30_Pharmacopoeia/_pharmacopoeia-vault/Manus Compound Notes/rhodiola.md	1341
af02a6d2119734b7e1c1ed6e20c557aaae7b60fe37ce607e0c6515bd3c4bfeb1	30_Pharmacopoeia/Functional/homunculus.md	30_Pharmacopoeia/_pharmacopoeia-vault/Manus Compound Notes/homunculus.md	1401
9d024e39c16e68543099eb1f36817795c62e3818fee854cb7add80385d147733	30_Pharmacopoeia/Functional/CBC.md	30_Pharmacopoeia/_pharmacopoeia-vault/Manus Compound Notes/CBC.md	1644
396adb45e72eb50809c8d29a4ce5c6edeb310c6cca5f2c47c2d95d207fcb5aed	30_Pharmacopoeia/Nutritional/Quassia amara.md	30_Pharmacopoeia/_pharmacopoeia-vault/Manus Compound Notes/Quassia amara.md	1890
d1c9391e866ec003b588b888f94a550c39a625cdb56344e6f47fd183be0c2cff	30_Pharmacopoeia/Functional/Phenethylamines.md	30_Pharmacopoeia/_pharmacopoeia-vault/Manus Compound Notes/Phenethylamines.md	1481
99a2abde6ab4f4cde11c58d929c7888aa54f950d321d5305e5fa6f9e4eee2d6a	30_Pharmacopoeia/Nutritional/Clitoria ternatea.md	30_Pharmacopoeia/_pharmacopoeia-vault/Manus Compound Notes/Clitoria ternatea.md	1717
7cfa73b56720bd737ff5bb0e2176f44beb37b05332cac896047983be2d9776f6	30_Pharmacopoeia/Nutritional/cytokines.md	30_Pharmacopoeia/_pharmacopoeia-vault/Manus Compound Notes/cytokines.md	1343
58fcd7fd7b146ff7563462600e08008fa83fdffbe9afc68beaca4ac15786ed31	30_Pharmacopoeia/Nutritional/Vitamin B6.md	30_Pharmacopoeia/_pharmacopoeia-vault/Manus Compound Notes/Vitamin B6.md	1916
b97e20b15e187c43c943981ca726fb0e08f0364b2191abcba019054ee08cb04b	30_Pharmacopoeia/Pneumatic/armodafinil.md	30_Pharmacopoeia/_pharmacopoeia-vault/Manus Compound Notes/armodafinil.md	1619
7f7b87802a9c878d735876daede1a7dea96d44f89dc36e13103969869dae6b5e	30_Pharmacopoeia/Chthonic/Datura kymatocarpa.md	30_Pharmacopoeia/_pharmacopoeia-vault/Manus Compound Notes/Datura kymatocarpa.md	1590
5fb26539753967b660e540da2119cba50032b2693b0df50bda19ae8a8bc05fe7	30_Pharmacopoeia/Functional/Tobacco.md	30_Pharmacopoeia/_pharmacopoeia-vault/Manus Compound Notes/Tobacco.md	1479
b96e2256548db10f60bf4139be744434edc179a440ce02b3f1a4895cfa7900fa	30_Pharmacopoeia/Nutritional/Vitamin C.md	30_Pharmacopoeia/_pharmacopoeia-vault/Manus Compound Notes/Vitamin C.md	1861
7272266b8e1b98e376db95e6ebaf03aa8e534f4be8058b44e772c4b34fae10be	30_Pharmacopoeia/Nutritional/DL-phenylalanine.md	30_Pharmacopoeia/_pharmacopoeia-vault/Manus Compound Notes/DL-phenylalanine.md	1621
de9e9e154c57348870d9ea34618034a79f0ba417d72cc9146cb355fe39ec8b3f	30_Pharmacopoeia/Nutritional/bisabolol.md	30_Pharmacopoeia/_pharmacopoeia-vault/Manus Compound Notes/bisabolol.md	1731
968fea034211d0e9d5daea75613e9b24d13d77150321bbfb6e0fac4bc0406b45	30_Pharmacopoeia/Nutritional/CX-717.md	30_Pharmacopoeia/_pharmacopoeia-vault/Manus Compound Notes/CX-717.md	2169
d237f9ff139836dde0c087aa80287d887455876e933dff9e21d12599dcb314c4	30_Pharmacopoeia/Nutritional/diosphenol.md	30_Pharmacopoeia/_pharmacopoeia-vault/Manus Compound Notes/diosphenol.md	1655
efe99ef3252e354db8a104e3e59b56586a3a4c1ca358adea7a02956a4232ca8b	30_Pharmacopoeia/Functional/gamma-hydroxybutyrate.md	30_Pharmacopoeia/_pharmacopoeia-vault/Manus Compound Notes/gamma-hydroxybutyrate.md	1615
4018e483d81c61eab546fa0a665e5a8c28db11fffbc492ecfcf9810f07408ecc	30_Pharmacopoeia/Nutritional/akuammidine.md	30_Pharmacopoeia/_pharmacopoeia-vault/Manus Compound Notes/akuammidine.md	1709
967eb58a633636088ad60abbeef760b37d231d9701587776758f63dc9fa7cb41	30_Pharmacopoeia/Nutritional/Schisandrins.md	30_Pharmacopoeia/_pharmacopoeia-vault/Manus Compound Notes/Schisandrins.md	1375
e683fe92f683dacc86213d0ff641ac58b7cd2d65f80493862d77ab810467a914	30_Pharmacopoeia/Nutritional/Tynnanthus panurensis.md	30_Pharmacopoeia/_pharmacopoeia-vault/Manus Compound Notes/Tynnanthus panurensis.md	1448
01609c8d2dbe92d45f3345859803d38b189d719eeaaf268417fa1432053367c5	30_Pharmacopoeia/Nutritional/Ilex theezans.md	30_Pharmacopoeia/_pharmacopoeia-vault/Manus Compound Notes/Ilex theezans.md	1807
a4599bdb0b36915e4de029ae3e636cac32606084400686a1e66fde2b9b70c6e5	30_Pharmacopoeia/Nutritional/podophyllin.md	30_Pharmacopoeia/_pharmacopoeia-vault/Manus Compound Notes/podophyllin.md	1792
77a2d3a19b3ad9db30d630c9cf90616adaf9adb5587931da402ef2b5e838e72c	30_Pharmacopoeia/Nutritional/Chamaemelum nobile.md	30_Pharmacopoeia/_pharmacopoeia-vault/Manus Compound Notes/Chamaemelum nobile.md	1793
9b67a7b951130524ba63934157b280bf8d392b2a5ae45b21aaacf00ea1494216	30_Pharmacopoeia/Nutritional/Zingiber officinale.md	30_Pharmacopoeia/_pharmacopoeia-vault/Manus Compound Notes/Zingiber officinale.md	1936
bb2f39755c1b74e0ee7978a2413ce93a359392068afdbe6a0182cb65615ed780	30_Pharmacopoeia/Nutritional/carvacrol.md	30_Pharmacopoeia/_pharmacopoeia-vault/Manus Compound Notes/carvacrol.md	1682
d449e569a9edf38e985255c0d32615fa01d2d4ba3c051fadc98f3bd0fa9c24cc	30_Pharmacopoeia/Chthonic/Atropa pallidiflora.md	30_Pharmacopoeia/_pharmacopoeia-vault/Manus Compound Notes/Atropa pallidiflora.md	1534
80ad286af1fed63d87e2b07b0c0c358de73f149c6e73996b30526e7781c995d4	30_Pharmacopoeia/Chthonic/coniine.md	30_Pharmacopoeia/_pharmacopoeia-vault/Manus Compound Notes/coniine.md	1600
42233258f454057d9f4afcd6b298c0cc68c17063bbbd7a042da86dab34d11581	30_Pharmacopoeia/Nutritional/B-vitamins.md	30_Pharmacopoeia/_pharmacopoeia-vault/Manus Compound Notes/B-vitamins.md	1371
180f2d1719f3b1362173a696508b961c83a5e8386408cc7c27a5c03ea0d4c647	30_Pharmacopoeia/Nutritional/apigenin.md	30_Pharmacopoeia/_pharmacopoeia-vault/Manus Compound Notes/apigenin.md	2007
6ff577e459907ce635c5a6d6cbd8862c07c099748063a3808ea4f75f520e6008	30_Pharmacopoeia/Functional/cordycepin.md	30_Pharmacopoeia/_pharmacopoeia-vault/Manus Compound Notes/cordycepin.md	1757
17fe51aa05f45c938644f7dde3796b27e7f2b640420e504f38a96a792fcaa40f	30_Pharmacopoeia/Nutritional/nicotinamide mononucleotide.md	30_Pharmacopoeia/_pharmacopoeia-vault/Manus Compound Notes/nicotinamide mononucleotide.md	1852
e4ee8ddc955f30f6939aa96161ced16fd284d57ff21388edee0f33f50a9d2f29	30_Pharmacopoeia/Nutritional/Pelargonium sidoides.md	30_Pharmacopoeia/_pharmacopoeia-vault/Manus Compound Notes/Pelargonium sidoides.md	1691
f54c9bfa3e2c43eb2ca6e8915e6b53175f745dc03c5e9b1fc605861264324a4d	30_Pharmacopoeia/Functional/harmalol.md	30_Pharmacopoeia/_pharmacopoeia-vault/Manus Compound Notes/harmalol.md	1671
9a830979127124729e3337e3fbe39e6dac189c75ce9558628b24c480e5792628	30_Pharmacopoeia/Medical/codeine.md	30_Pharmacopoeia/_pharmacopoeia-vault/Manus Compound Notes/codeine.md	1769
f87d31b1b72ee26aaaf66afec493a6b81fee091ea472b40198e0e14c5bc6e3d3	30_Pharmacopoeia/Nutritional/dexmethylphenidate.md	30_Pharmacopoeia/_pharmacopoeia-vault/Manus Compound Notes/dexmethylphenidate.md	1684
ffb859feffed9338fcde1abe68b794f2c7ab37052922a45c14dcc3295afce2c3	30_Pharmacopoeia/Nutritional/quercetin.md	30_Pharmacopoeia/_pharmacopoeia-vault/Manus Compound Notes/quercetin.md	1757
7656d4dace761c40a50c4807afbc700aac59809d1615704c4ae9b33e7473d6f4	30_Pharmacopoeia/Nutritional/2-methyl-3-buten-2-ol.md	30_Pharmacopoeia/_pharmacopoeia-vault/Manus Compound Notes/2-methyl-3-buten-2-ol.md	1839
234f3c8ceb46ae7559c1805c52e7eb8964c28bcbb7374cc20e3f12a61c62ead5	30_Pharmacopoeia/Nutritional/Hordeum vulgare.md	30_Pharmacopoeia/_pharmacopoeia-vault/Manus Compound Notes/Hordeum vulgare.md	1449
d8cdeedf9ab0030c651f855d97dfa672c61ae3ce3c972841d1cb97a4baa054dd	30_Pharmacopoeia/Pneumatic/lysergic acid amide.md	30_Pharmacopoeia/_pharmacopoeia-vault/Manus Compound Notes/lysergic acid amide.md	1817
2796182fdcf517b97412f7ece31acfcd9439e4998246f05ba498b9400a7996d4	30_Pharmacopoeia/Nutritional/lupulone.md	30_Pharmacopoeia/_pharmacopoeia-vault/Manus Compound Notes/lupulone.md	2020
1dc880af9258a962c99bbf262acaf9c39000ab073bef58b4fb9cbae29a24e0ab	30_Pharmacopoeia/Nutritional/steriodal saponins.md	30_Pharmacopoeia/_pharmacopoeia-vault/Manus Compound Notes/steriodal saponins.md	1500
da0aed8cc1d625aa301df81f5a3aac366a1185aea2aecc63ea2acd64f6cabb3c	30_Pharmacopoeia/_By_Structure/Isolated_Compounds/Thiamine.md	30_Pharmacopoeia/_pharmacopoeia-vault/Manus Compound Notes/Thiamine.md	1849
77c2887320f1fa018f7ae43bad137920c3b34c079f1ea44ebcef9f287f83bead	30_Pharmacopoeia/Functional/LSA.md	30_Pharmacopoeia/_pharmacopoeia-vault/Manus Compound Notes/LSA.md	1985
f0aa6821ab114ffc13fd522368ecd019afc3793b469cb92f56f1d2cd04d962d4	30_Pharmacopoeia/Nutritional/Piscidia piscipula.md	30_Pharmacopoeia/_pharmacopoeia-vault/Manus Compound Notes/Piscidia piscipula.md	1864
790614a4e436aad72147a3e44ffd8574645dd7509e48cf36545f6034b8743f38	30_Pharmacopoeia/Nutritional/ligustilide.md	30_Pharmacopoeia/_pharmacopoeia-vault/Manus Compound Notes/ligustilide.md	1867
39ab5de63fd6c95814b07ec89b349d3e104a3d9ad0570e68822dfb6dfd0a8cac	30_Pharmacopoeia/Nutritional/podophyllotoxin.md	30_Pharmacopoeia/_pharmacopoeia-vault/Manus Compound Notes/podophyllotoxin.md	1821
9f3111b92bc43a83ac7b14d0d6b67c288e93dc48f931e8925b0cced826695a4e	30_Pharmacopoeia/Functional/betaine.md	30_Pharmacopoeia/_pharmacopoeia-vault/Manus Compound Notes/betaine.md	1583
4cbe2630d3a1a387883d094af80ba2f79bf6854f5090c4dc1a638329927671f3	30_Pharmacopoeia/Nutritional/Handroanthus serratifolius.md	30_Pharmacopoeia/_pharmacopoeia-vault/Manus Compound Notes/Handroanthus serratifolius.md	1883
f9a5375b5a946b4a2b224fd04de2da7f89116cd643cefd336f032ddee5a8ed5d	30_Pharmacopoeia/Nutritional/akuammiline.md	30_Pharmacopoeia/_pharmacopoeia-vault/Manus Compound Notes/akuammiline.md	1700
4e85a7c40bc8d6c02ee52ccfd57c51d572ea75fefa499440eee9fd1e47bccaaa	30_Pharmacopoeia/Functional/pseudoephedrine.md	30_Pharmacopoeia/_pharmacopoeia-vault/Manus Compound Notes/pseudoephedrine.md	1688
f79b850d680992f6623fa10d96c76f905e81f143a670ac1508688cd9f9ff882d	30_Pharmacopoeia/Functional/Nicotiana tabacum.md	30_Pharmacopoeia/_pharmacopoeia-vault/Manus Compound Notes/Nicotiana tabacum.md	1707
57f9f0926935c531c77c355078fc2639c85f2fd503a261d695f13bc2b4e52513	30_Pharmacopoeia/Nutritional/p-synephrine.md	30_Pharmacopoeia/_pharmacopoeia-vault/Manus Compound Notes/p-synephrine.md	1680
c9c2db3654a7f17a9aa9727e5d41ae8bb62af06bdb4e0142a466c0649f43f5fe	30_Pharmacopoeia/Nutritional/Arctium lappa.md	30_Pharmacopoeia/_pharmacopoeia-vault/Manus Compound Notes/Arctium lappa.md	1764
1281b2921e857fe8ca676610a29a864453b192e1267623edfd9dc92452b6f169	30_Pharmacopoeia/Nutritional/Vitamin B6 (pyridoxine P-5-P.md	30_Pharmacopoeia/_pharmacopoeia-vault/Manus Compound Notes/Vitamin B6 (pyridoxine P-5-P.md	1520
34927b0040a5ad10b06651d9b5d9de8e516d841d4ced661fcce8c10c9c467bad	30_Pharmacopoeia/Nutritional/Coriandrum sativum.md	30_Pharmacopoeia/_pharmacopoeia-vault/Manus Compound Notes/Coriandrum sativum.md	1821
3586ca265560d0560b26fbe41446d35b52334eeeaa397495b6bcf03937845177	30_Pharmacopoeia/Chthonic/hellebrin.md	30_Pharmacopoeia/_pharmacopoeia-vault/Manus Compound Notes/hellebrin.md	1865
98e976ff56938806342d5930a5bfd97d771a991d299d44d0446bd5b8b39483a5	30_Pharmacopoeia/Pneumatic/deschloroketamine.md	30_Pharmacopoeia/_pharmacopoeia-vault/Manus Compound Notes/deschloroketamine.md	1657
0b8adbfdc313b935f7b3cf714c0c7c9fef4ef605c544fb81cf357aa239692cd8	30_Pharmacopoeia/Nutritional/Ilex kaushue.md	30_Pharmacopoeia/_pharmacopoeia-vault/Manus Compound Notes/Ilex kaushue.md	1748
08569b9baf3428a37836332bc52a7ec68d49361f3ceadb34a20893662f385940	30_Pharmacopoeia/Nutritional/Atractylodes macrocephala.md	30_Pharmacopoeia/_pharmacopoeia-vault/Manus Compound Notes/Atractylodes macrocephala.md	1903
02ebb75cf548bf89843c00f8c152adf86b5dc7ba3d3dabec0a12d6fa3776c7f2	30_Pharmacopoeia/Nutritional/asiaticoside.md	30_Pharmacopoeia/_pharmacopoeia-vault/Manus Compound Notes/asiaticoside.md	1986
f047bf7f815eaec4998024cd011157d2a610228969a0413fd8cd4d078712d35f	30_Pharmacopoeia/Pneumatic/myristicin.md	30_Pharmacopoeia/_pharmacopoeia-vault/Manus Compound Notes/myristicin.md	1613
07b74ee1a3ee026422a4c4501fd2f4894e010e00515113752ac063bb34b142b8	30_Pharmacopoeia/Medical/Cinchona officinalis.md	30_Pharmacopoeia/_pharmacopoeia-vault/Manus Compound Notes/Cinchona officinalis.md	1671
8f6d0abae57cdcf0f57dcc666136e01199385f2a3a4ae0b7ac4725dcbd1d2662	30_Pharmacopoeia/Pneumatic/lythrine.md	30_Pharmacopoeia/_pharmacopoeia-vault/Manus Compound Notes/lythrine.md	1714
44e762afff785e50882f3e30464fcc3a39b2a93e61affbca7c33f2c4b629d807	30_Pharmacopoeia/Nutritional/Galipea officinalis.md	30_Pharmacopoeia/_pharmacopoeia-vault/Manus Compound Notes/Galipea officinalis.md	1787
04be9a26e94d33e6ccc7a29affa963694c6830ee3152a8b3de55c96d540566cf	30_Pharmacopoeia/Nutritional/ascaridole.md	30_Pharmacopoeia/_pharmacopoeia-vault/Manus Compound Notes/ascaridole.md	1653
cdc0f02378ebcc52cd02aede33f4ff811a7c91f1f5c4877faa4657c234fc9a36	30_Pharmacopoeia/Nutritional/Galanthus nivalis.md	30_Pharmacopoeia/_pharmacopoeia-vault/Manus Compound Notes/Galanthus nivalis.md	1524
591fc88917928b058f772d3b481717a2f552f2ec64862417a67ac0ef6f61bbf7	30_Pharmacopoeia/Functional/ETH-LAD.md	30_Pharmacopoeia/_pharmacopoeia-vault/Manus Compound Notes/ETH-LAD.md	1745
9dfbe7ecade39063803d91232c402fb22cd02c9008a9ac0e310075b3ded69900	30_Pharmacopoeia/Functional/Psilocybin.md	30_Pharmacopoeia/_pharmacopoeia-vault/Manus Compound Notes/psilocybin.md	2044
464d11bef9ee9ca6e00980034aa8f7bcee802f2c05b64bba144c230d626cae69	30_Pharmacopoeia/Nutritional/polysaccharides.md	30_Pharmacopoeia/_pharmacopoeia-vault/Manus Compound Notes/polysaccharides.md	1533
26679d92bf0bae4aa9c51d2243c6afcfdb6665c338af2e8e04e2d8a54cb0fa6c	30_Pharmacopoeia/Chthonic/Mandragora officinarum.md	30_Pharmacopoeia/_pharmacopoeia-vault/Manus Compound Notes/Mandragora officinarum.md	1623
367284eb85e9f24df8f9b6ac0379d0754086fb36918c25e01639be91dc9237f0	30_Pharmacopoeia/Pneumatic/Ipomoea tricolor.md	30_Pharmacopoeia/_pharmacopoeia-vault/Manus Compound Notes/Ipomoea tricolor.md	1716
ab7873c295d88e9baa7d55b91c697736e519b9141707ee7a69affa80e2d54c15	30_Pharmacopoeia/Functional/physostigmine.md	30_Pharmacopoeia/_pharmacopoeia-vault/Manus Compound Notes/physostigmine.md	1727
abc5e0eea0d89d212483789e99056dbce0eac9210c2909cebd27a81d1eb31820	30_Pharmacopoeia/Chthonic/Ôò¼Ôöé-coniceine.md	30_Pharmacopoeia/_pharmacopoeia-vault/Manus Compound Notes/╬│-coniceine.md	1345
b1965654e516d2b7ec841421e8a952f73c4cbb23aeec1aa57713f1b4b78628eb	30_Pharmacopoeia/Nutritional/Tetragastris catuaba.md	30_Pharmacopoeia/_pharmacopoeia-vault/Manus Compound Notes/Tetragastris catuaba.md	1957
0ce617ee7a10cfcf07bfa41423adf31be5a1077883751a1b65241a9f47b90996	30_Pharmacopoeia/Nutritional/Tabebuia impetiginosa.md	30_Pharmacopoeia/_pharmacopoeia-vault/Manus Compound Notes/Tabebuia impetiginosa.md	2028
72541b50af0306d025fe0c5415fe917f1e353149037c6561969791fd8ea6011c	30_Pharmacopoeia/Nutritional/Lavandula angustifolia.md	30_Pharmacopoeia/_pharmacopoeia-vault/Manus Compound Notes/Lavandula angustifolia.md	2096
e0fe844feb6c46b464a0885754761a25e1ce2ee32a1511c928921bc99ecf1291	30_Pharmacopoeia/Functional/oxiracetam.md	30_Pharmacopoeia/_pharmacopoeia-vault/Manus Compound Notes/oxiracetam.md	1655
ccbd890a2930c10c8ac8acb9e2c21a3e6a366a4333c4a5b27f271bf680633fe1	30_Pharmacopoeia/Nutritional/anabsinthin.md	30_Pharmacopoeia/_pharmacopoeia-vault/Manus Compound Notes/anabsinthin.md	2118
70b0be5fb52c9995fbfd145664f8096e61f2db13bee65ca56c93916fba556324	30_Pharmacopoeia/Functional/Ganoderma lucidum.md	30_Pharmacopoeia/_pharmacopoeia-vault/Manus Compound Notes/Ganoderma lucidum.md	1636
59c8776e896512f36fe97c7531aa92739a2237bf0e45d3d35e62376f3b67b2ee	30_Pharmacopoeia/Pneumatic/cryogenine.md	30_Pharmacopoeia/_pharmacopoeia-vault/Manus Compound Notes/cryogenine.md	1726
c75c9a45d393dcbedcd9ed895a71d56da14eac3cf2ff421c983873adb8241e55	30_Pharmacopoeia/Nutritional/eschscholtzine.md	30_Pharmacopoeia/_pharmacopoeia-vault/Manus Compound Notes/eschscholtzine.md	1544
b4c4a590e845fd36a6e9604bc599c2b2835c5d52ec393885e4d1daffa9353ed9	30_Pharmacopoeia/Nutritional/Oscularia deltoides.md	30_Pharmacopoeia/_pharmacopoeia-vault/Manus Compound Notes/Oscularia deltoides.md	1943
8b2ab53262bfba527fbebb4f00d4b030e80368629005b19f9f2399e1041cc2e6	30_Pharmacopoeia/Nutritional/crocin.md	30_Pharmacopoeia/_pharmacopoeia-vault/Manus Compound Notes/crocin.md	1832
24f15b4d37574e66cbe4ca8e5c752040feb409231c03ad4fb1b6f114a59c4713	30_Pharmacopoeia/Chthonic/anabasine.md	30_Pharmacopoeia/_pharmacopoeia-vault/Manus Compound Notes/anabasine.md	1611
65155cea9285eb6d8e48426492f946b4031caab914e5bf7c0ce39c0b036d45c9	30_Pharmacopoeia/Nutritional/jujuboside A.md	30_Pharmacopoeia/_pharmacopoeia-vault/Manus Compound Notes/jujuboside A.md	2173
cf10736bad57d1bf94503567d8bc75504cc5fbf58d1a095722eb47ab20cc8f0f	30_Pharmacopoeia/Functional/speciogynine.md	30_Pharmacopoeia/_pharmacopoeia-vault/Manus Compound Notes/speciogynine.md	1681
61fd2ca72cf4fe4aea6f62a9e076f6cece4d8582b1a1748aaadcc2062eeaffae	30_Pharmacopoeia/Nutritional/pentacyclic oxindole alkaloids.md	30_Pharmacopoeia/_pharmacopoeia-vault/Manus Compound Notes/pentacyclic oxindole alkaloids.md	1684
713a46cdbe8d8b18111de613e7cabec504370c967033c46a4bb1a0a96c464eba	30_Pharmacopoeia/Nutritional/hirsutine.md	30_Pharmacopoeia/_pharmacopoeia-vault/Manus Compound Notes/hirsutine.md	1783
1c23a37df5982919850f6da804200802f3f4ce0c968a74b9294d336329b837fe	30_Pharmacopoeia/Nutritional/ferulic acid.md	30_Pharmacopoeia/_pharmacopoeia-vault/Manus Compound Notes/ferulic acid.md	1665
0de20c04f630a980a583dffc02f0bffd0ad3e286d8528230e81f577f155f0941	30_Pharmacopoeia/Nutritional/solamargine.md	30_Pharmacopoeia/_pharmacopoeia-vault/Manus Compound Notes/solamargine.md	1858
f4e201c4567f2274426667d61a1a187ed981892dc0c03cf5aae7a94bda3a61c3	30_Pharmacopoeia/Nutritional/unverified caffeine (ethnographically attested only.md	30_Pharmacopoeia/_pharmacopoeia-vault/Manus Compound Notes/unverified caffeine (ethnographically attested only.md	1633
179ab3e0eec06ac7a38326cc95ca2843dacaaf1a62434f9c8a4a758efa33f74b	30_Pharmacopoeia/Nutritional/Theobroma grandiflorum.md	30_Pharmacopoeia/_pharmacopoeia-vault/Manus Compound Notes/Theobroma grandiflorum.md	1931
b018c336fa02c6e17f30e74fb933d010913a0785155b39db349d8179f98451ad	30_Pharmacopoeia/Nutritional/MAOI-A.md	30_Pharmacopoeia/_pharmacopoeia-vault/Manus Compound Notes/MAOI-A.md	1339
71ffa1d7296889bf51ded0b6ed05c042cef5da32a2bb9314243b6de0f2e6ee72	30_Pharmacopoeia/Nutritional/L-ornithine.md	30_Pharmacopoeia/_pharmacopoeia-vault/Manus Compound Notes/L-ornithine.md	1610
733adc10477ef9dad71456111d640c0f67184d36da99f74f2091b09f100a827f	30_Pharmacopoeia/Pneumatic/bufotenin.md	30_Pharmacopoeia/_pharmacopoeia-vault/Manus Compound Notes/bufotenin.md	1728
3606895d1db17a718737ee9f3b1eae575669ca6062ac3bf15b67ca731799f8a9	30_Pharmacopoeia/Nutritional/Angelica sinensis.md	30_Pharmacopoeia/_pharmacopoeia-vault/Manus Compound Notes/Angelica sinensis.md	1853
1a515859e0435b771afdb428819d70ad5aad71c4aacee340f8601dfc8f0a4e4c	30_Pharmacopoeia/Pneumatic/2F-DCK.md	30_Pharmacopoeia/_pharmacopoeia-vault/Manus Compound Notes/2F-DCK.md	1315
7f79b1f81c4d6ecf0a1b199fb3ae84fb5d39e38023072676cec39680e2171f75	30_Pharmacopoeia/Medical/ergotamine.md	30_Pharmacopoeia/_pharmacopoeia-vault/Manus Compound Notes/ergotamine.md	1711
1cc4e0c34391d1bca2cd49862212689ca3788be72c6e2f1c7a2cdc32086175d0	30_Pharmacopoeia/Chthonic/hypaconitine.md	30_Pharmacopoeia/_pharmacopoeia-vault/Manus Compound Notes/hypaconitine.md	1786
fc21414cc5779413e6ba44f5d134e1bba16f556c298dd10ae51bfe99169495a6	30_Pharmacopoeia/Pneumatic/tabernanthine.md	30_Pharmacopoeia/_pharmacopoeia-vault/Manus Compound Notes/tabernanthine.md	1829
76df314448fe82c2201466452dcda52082ff08fb3e860d1520514472d5a04426	30_Pharmacopoeia/Nutritional/Argyreia nervosa.md	30_Pharmacopoeia/_pharmacopoeia-vault/Manus Compound Notes/Argyreia nervosa.md	1780
8238d7bb5a8838dd3afe0eeb4533e10da796e8eec2c7e99e0be2ee4edb45f0f9	30_Pharmacopoeia/Nutritional/tenuifolin.md	30_Pharmacopoeia/_pharmacopoeia-vault/Manus Compound Notes/tenuifolin.md	1982
6e0150342075aef173a666dbc4ebe8fdeb837e12a007094b708b877b639ed011	30_Pharmacopoeia/Chthonic/aconitum.md	30_Pharmacopoeia/_pharmacopoeia-vault/Manus Compound Notes/aconitum.md	1370
ffd35e972eebb05747106e221751caaa2d8817c690149dd8b873460dfd3991a8	30_Pharmacopoeia/Nutritional/Polygala tenuifolia.md	30_Pharmacopoeia/_pharmacopoeia-vault/Manus Compound Notes/Polygala tenuifolia.md	1848
dca57643acdb442c45c67dcfd2b84fca9cf229c961fb6e9f5bd1849240b5acc2	30_Pharmacopoeia/Nutritional/voltage-gated Na├ö├╝Ôòæ.md	30_Pharmacopoeia/_pharmacopoeia-vault/Manus Compound Notes/voltage-gated NaÔü║.md	1408
4e2357ff56adb6b6c56712b8139b2df281ff9c1866c777db73b4a42d1e1b97b3	30_Pharmacopoeia/Functional/mandragorine.md	30_Pharmacopoeia/_pharmacopoeia-vault/Manus Compound Notes/mandragorine.md	1413
2a3d46b6f70615ae55bc3f82ee1b691556fe8444ea1a644ad41a094bc2451a00	30_Pharmacopoeia/Nutritional/arctigenin lignan.md	30_Pharmacopoeia/_pharmacopoeia-vault/Manus Compound Notes/arctigenin lignan.md	1497
cc28a4b585c00e8e0180e3955a440e6a8fd3a0e50d0137af4ebdacb549db9351	30_Pharmacopoeia/Pneumatic/Ipomoea corymbosa.md	30_Pharmacopoeia/_pharmacopoeia-vault/Manus Compound Notes/Ipomoea corymbosa.md	1430
ed826e36861ffa963cd0cac28f0f12f1293b7acedf19e9a3829872f194a40a17	30_Pharmacopoeia/Pneumatic/labdane diterpenoids.md	30_Pharmacopoeia/_pharmacopoeia-vault/Manus Compound Notes/labdane diterpenoids.md	1477
64e1de9eb99a644123f1c51350045a5f6f6d54bcae7fe224f75df91e6015e1e7	30_Pharmacopoeia/Functional/Opioids.md	30_Pharmacopoeia/_pharmacopoeia-vault/Manus Compound Notes/Opioids.md	1856
c9a8c8c591cb67220ea4ca4d3df5c2c5e869bf3dcf9b028ca6d63bc0655c6a1a	30_Pharmacopoeia/Nutritional/Passiflora incarnata.md	30_Pharmacopoeia/_pharmacopoeia-vault/Manus Compound Notes/Passiflora incarnata.md	2070
e6ff7002f060037665ce5bda736b4aa58a22fd72fc4b8bd7df9cbdc97497b9c3	30_Pharmacopoeia/Nutritional/Salvinorin.md	30_Pharmacopoeia/_pharmacopoeia-vault/Manus Compound Notes/Salvinorin.md	1697
c15f6580be8db69ac9e7e8c6104cb69efd54630f853c237589bdb725a745593c	30_Pharmacopoeia/Nutritional/Spiraea ulmaria.md	30_Pharmacopoeia/_pharmacopoeia-vault/Manus Compound Notes/Spiraea ulmaria.md	1648
ea9a8e5580b997fb4ed8da7e6c577c653ca8f3daa0cd31e8e3ec69e0f9fc110a	30_Pharmacopoeia/Functional/Klonopin.md	30_Pharmacopoeia/_pharmacopoeia-vault/Manus Compound Notes/Klonopin.md	1671
47c39fb5891581782442fed6feab1a066c1376168ad7ac8d23f281a9dffb4ae8	30_Pharmacopoeia/Pneumatic/Psychotria carthagenensis.md	30_Pharmacopoeia/_pharmacopoeia-vault/Manus Compound Notes/Psychotria carthagenensis.md	1574
38b64d987b3dc7e0ec47bd47698007f0a982f7b7b2875d012812b11754afc8f5	30_Pharmacopoeia/Nutritional/pseudo-akuammigine.md	30_Pharmacopoeia/_pharmacopoeia-vault/Manus Compound Notes/pseudo-akuammigine.md	1403
fd4dac8f64e8498e15e26c289dd812a815f6382664cb546857f6f15a67ce020f	30_Pharmacopoeia/Pneumatic/Banisteriopsis caapi.md	30_Pharmacopoeia/_pharmacopoeia-vault/Manus Compound Notes/Banisteriopsis caapi.md	1662
c18e930e0f75b8e5e98fe7732beaa4629ddc1b6fffdc8adf221beb44ad44bbce	30_Pharmacopoeia/Nutritional/veratridine.md	30_Pharmacopoeia/_pharmacopoeia-vault/Manus Compound Notes/veratridine.md	1749
01f56ad7d1ec0f695d7127491e96dcfbe48f4b043ad98a609ed0265f3c88a156	30_Pharmacopoeia/Nutritional/Sida cordifolia.md	30_Pharmacopoeia/_pharmacopoeia-vault/Manus Compound Notes/Sida cordifolia.md	1746
f81bb2f16c6b40427c033f711896cf0b86c69cfc9a0029068a582d46e9e17835	30_Pharmacopoeia/Nutritional/Asiaticosides.md	30_Pharmacopoeia/_pharmacopoeia-vault/Manus Compound Notes/Asiaticosides.md	1516
3a9aea30e333524ad8f2b0e142cbe93e4fc9abacbd408200a4bfb1d4f60a61fc	30_Pharmacopoeia/Nutritional/Bufotenine.md	30_Pharmacopoeia/_pharmacopoeia-vault/Manus Compound Notes/Bufotenine.md	1632
d8493fdbb832d2382790ea247d342bebaddcd8be393f3a7dbed9d456af197196	30_Pharmacopoeia/Nutritional/Aesculus californica.md	30_Pharmacopoeia/_pharmacopoeia-vault/Manus Compound Notes/Aesculus californica.md	1940
fdd1a372975346ffd9f39c74241e5b95344143cae5592781883ca395c1d409b8	30_Pharmacopoeia/Nutritional/absinthin.md	30_Pharmacopoeia/_pharmacopoeia-vault/Manus Compound Notes/absinthin.md	2097
a04c22abf85957b0259318ba2c068f9faf243dce4fccd3b96ca179779cd9deb9	30_Pharmacopoeia/Functional/THC.md	30_Pharmacopoeia/_pharmacopoeia-vault/Manus Compound Notes/THC.md	1694
6eed16c8cef8c324c59ba81126892cd8b023b9ec712a5aed82adb035f956f02b	30_Pharmacopoeia/Nutritional/Combretum mucronatum.md	30_Pharmacopoeia/_pharmacopoeia-vault/Manus Compound Notes/Combretum mucronatum.md	1813
68be775ec38f89e449d1fb013c7973bdc123f38cca4f5de36dcf92c21cd8f5ac	30_Pharmacopoeia/Pneumatic/tryptamines.md	30_Pharmacopoeia/_pharmacopoeia-vault/Manus Compound Notes/tryptamines.md	1359
8a82b8204627f1d2004beed57e9207a96a73837096a319e40d817a8937db3b2e	30_Pharmacopoeia/Nutritional/Caulophyllum thalictroides.md	30_Pharmacopoeia/_pharmacopoeia-vault/Manus Compound Notes/Caulophyllum thalictroides.md	1713
c9b228924346c144c11436db7d54296b82c37e22f89fdd1a51663acf2aa71831	30_Pharmacopoeia/Nutritional/Reynoutria multiflora.md	30_Pharmacopoeia/_pharmacopoeia-vault/Manus Compound Notes/Reynoutria multiflora.md	1892
e78bf48ebac6a6945bc54fe5ae81edfe94bbbe6c3ee4c3d398562680132d9c55	30_Pharmacopoeia/Nutritional/columbin.md	30_Pharmacopoeia/_pharmacopoeia-vault/Manus Compound Notes/columbin.md	1667
e71072b1b3e055b436e4e35e0cd3c113bf694d4ce3528aa8c00ad96f6bd42e44	30_Pharmacopoeia/Functional/methamphetamine.md	30_Pharmacopoeia/_pharmacopoeia-vault/Manus Compound Notes/methamphetamine.md	1648
ec2478b5cc4c84d62f31fec45f67988cf731069591e58111c1b21f26bb456589	30_Pharmacopoeia/Nutritional/Betula pendula.md	30_Pharmacopoeia/_pharmacopoeia-vault/Manus Compound Notes/Betula pendula.md	1399
2df533fb652ece140e87a3c487f5bfd57b88334bf8dde474f1b9490d8f3fc3f9	30_Pharmacopoeia/Nutritional/Bacosides.md	30_Pharmacopoeia/_pharmacopoeia-vault/Manus Compound Notes/Bacosides.md	1497
3c3082b3258c91f88827eacafd3825ca01d7b5bb510a5d12bab11d68ba12acd2	30_Pharmacopoeia/Nutritional/Evolvulus alsinoides.md	30_Pharmacopoeia/_pharmacopoeia-vault/Manus Compound Notes/Evolvulus alsinoides.md	1825
01ba154cbe2b5afa5c88e90b644d008e4d1d2a7e8971b9999ecbd20cc5b9f5df	30_Pharmacopoeia/Nutritional/Oryza sativa.md	30_Pharmacopoeia/_pharmacopoeia-vault/Manus Compound Notes/Oryza sativa.md	1385
d1a711938d86ddd27ae0db438808c70ccd1aa09b518a15cb18a5d34d57583bab	30_Pharmacopoeia/Nutritional/Phoenix dactylifera.md	30_Pharmacopoeia/_pharmacopoeia-vault/Manus Compound Notes/Phoenix dactylifera.md	1434
b1096f5405900a6f6dc2e277ab31791e07dd9fd4abefbbc6f4f2268181c3f9a8	30_Pharmacopoeia/Nutritional/Verbena officinalis.md	30_Pharmacopoeia/_pharmacopoeia-vault/Manus Compound Notes/Verbena officinalis.md	1770
f7f97fda77529c6d44ca51341bc3f84e10b4ecd46947ca29652ff4066bec567c	30_Pharmacopoeia/Medical/Papaver setigerum.md	30_Pharmacopoeia/_pharmacopoeia-vault/Manus Compound Notes/Papaver setigerum.md	1863
f9dfea9619713a188b17ce27120a1fdacbfa9135eaa9fa5246d53aea5802d1ee	30_Pharmacopoeia/Nutritional/Folate.md	30_Pharmacopoeia/_pharmacopoeia-vault/Manus Compound Notes/Folate.md	1711
2142d3fc84a5efec9f5fa92cd0b8a17a989a5b902e587c50e25478df24917e1b	30_Pharmacopoeia/Chthonic/Hellebore.md	30_Pharmacopoeia/_pharmacopoeia-vault/Manus Compound Notes/Hellebore.md	1578
bb8b3288fcdb5526a4b331dda9ad5926960d659afa32321bc9aa9431ea50e472	30_Pharmacopoeia/Functional/amiridine.md	30_Pharmacopoeia/_pharmacopoeia-vault/Manus Compound Notes/amiridine.md	1671
6714032347872ab9378b14316dd4852c2a6b840f993688ae6450985161e53617	30_Pharmacopoeia/Pneumatic/ibotenic acid.md	30_Pharmacopoeia/_pharmacopoeia-vault/Manus Compound Notes/ibotenic acid.md	1637
e5fc09370811ea627d321564fc78186a03a5d02ce1cd2325129acf09732963cd	30_Pharmacopoeia/Nutritional/isoflavonoids.md	30_Pharmacopoeia/_pharmacopoeia-vault/Manus Compound Notes/isoflavonoids.md	1466
ece3fb74cd210dbd5a9645e435e41a18f90332a215263e7134ffe53edebcc4b2	30_Pharmacopoeia/Nutritional/chamazulene.md	30_Pharmacopoeia/_pharmacopoeia-vault/Manus Compound Notes/chamazulene.md	1963
516a5f41b35a36161aae55c8d7b2fc7dadb76bc68063b173c574293c3e4fcc12	30_Pharmacopoeia/Functional/ephedrine.md	30_Pharmacopoeia/_pharmacopoeia-vault/Manus Compound Notes/ephedrine.md	1652
ab9049c71a34936c2304e3686ed8f6c73514d3e39595808303bd693645a431f5	30_Pharmacopoeia/Nutritional/Mitragyna javanica.md	30_Pharmacopoeia/_pharmacopoeia-vault/Manus Compound Notes/Mitragyna javanica.md	1815
e2f74526c792a663984b988f0d6d62f4dfeb21579800e2446ae48e05568db390	30_Pharmacopoeia/Medical/Papaver somniferum.md	30_Pharmacopoeia/_pharmacopoeia-vault/Manus Compound Notes/Papaver somniferum.md	1870
b3adefc619a2dab26a81a4dc2334448ee98ea3d7c005c0439bdb2195347475f9	30_Pharmacopoeia/Nutritional/TRPC6.md	30_Pharmacopoeia/_pharmacopoeia-vault/Manus Compound Notes/TRPC6.md	1337
9aef541dea7a327bc087e0db775a2d70ef59450fa29a57df32700fe51fa60cee	30_Pharmacopoeia/Nutritional/steroidal saponins.md	30_Pharmacopoeia/_pharmacopoeia-vault/Manus Compound Notes/steroidal saponins.md	1823
885a95245a5bc8ddc390b7f3e64e2b9fd3837ff92ddb78360abce3817bb241c2	30_Pharmacopoeia/Functional/Coffea arabica.md	30_Pharmacopoeia/_pharmacopoeia-vault/Manus Compound Notes/Coffea arabica.md	1740
c758ddaa9841a125d950dec7ccfab902531572f5947731b7a706a7c5fc0c4650	30_Pharmacopoeia/Chthonic/helleborin.md	30_Pharmacopoeia/_pharmacopoeia-vault/Manus Compound Notes/helleborin.md	1396
b9f7a87112cd3cc249b9b8bfa12b3fadb9fb11cc13e89fdf482a78d529be8d33	30_Pharmacopoeia/Nutritional/oxindole indole alkaloids.md	30_Pharmacopoeia/_pharmacopoeia-vault/Manus Compound Notes/oxindole indole alkaloids.md	1500
44348cb19ea38ad3aa7cf3653a64c1cabb32e8164bc4739676aef89c823e51b1	30_Pharmacopoeia/Nutritional/Inotodiol.md	30_Pharmacopoeia/_pharmacopoeia-vault/Manus Compound Notes/Inotodiol.md	1704
1e7fd08f643a895b40413470f809e4bcf8d7b9553b46412bf7aa100ed9b81f2f	30_Pharmacopoeia/Nutritional/eriodictyol flavonoid.md	30_Pharmacopoeia/_pharmacopoeia-vault/Manus Compound Notes/eriodictyol flavonoid.md	1472
79cb4a1b12915d9ed7ee72cdfd59bf2de3102a7b29991faf607a908fbb4bfca5	30_Pharmacopoeia/Nutritional/Iodine.md	30_Pharmacopoeia/_pharmacopoeia-vault/Manus Compound Notes/Iodine.md	1562
aeada6df3d170de71b1588379f1c19b356573d7e25dbc73f0aa243937b41ece2	30_Pharmacopoeia/Chthonic/tropane alkaloids.md	30_Pharmacopoeia/_pharmacopoeia-vault/Manus Compound Notes/tropane alkaloids.md	1828
4c4ffce9eee44c2a586d939a413220ee21902af3b69c735f11c9ea844a005304	30_Pharmacopoeia/Functional/Lunesta.md	30_Pharmacopoeia/_pharmacopoeia-vault/Manus Compound Notes/Lunesta.md	1743
32525088b5f1490de9e1b8794dc22975aec55bfddefae20f813c95c9ca51c9b2	30_Pharmacopoeia/Nutritional/4-HO-MET.md	30_Pharmacopoeia/_pharmacopoeia-vault/Manus Compound Notes/4-HO-MET.md	1636
7ef1be02a23e1e22e08aa12a599b323fb91c8981d53d9845061144bc7ec70e1d	30_Pharmacopoeia/Nutritional/Hibiscus sabdariffa.md	30_Pharmacopoeia/_pharmacopoeia-vault/Manus Compound Notes/Hibiscus sabdariffa.md	1508
623f4ea60ff99d876a45e7ede22e54d224c56cd6ed58135e11c5e1d596ff5258	30_Pharmacopoeia/Nutritional/Agave tequilana.md	30_Pharmacopoeia/_pharmacopoeia-vault/Manus Compound Notes/Agave tequilana.md	1502
fefdd0f99abc58798c91a6a149c6575827a9fe0cf42f9267cb6c592d15481d42	30_Pharmacopoeia/Nutritional/long-chain fatty acid esters.md	30_Pharmacopoeia/_pharmacopoeia-vault/Manus Compound Notes/long-chain fatty acid esters.md	1775
ec2c1879b6b8923b2b75f3c940c5314bceb9152fe76eddb5762c6e1401d7ee21	30_Pharmacopoeia/Nutritional/Eleutherosides.md	30_Pharmacopoeia/_pharmacopoeia-vault/Manus Compound Notes/Eleutherosides.md	1507
1ead16a243510a082e108be2c3dcdf8002aad68b7aad915abcda37f309be2e59	30_Pharmacopoeia/Nutritional/Niacinamide.md	30_Pharmacopoeia/_pharmacopoeia-vault/Manus Compound Notes/Niacinamide.md	1615
0ba21e4a5803e8f304d1bfadf63bdf098fce577cbe69b65b0ca35c20b09eb877	30_Pharmacopoeia/Nutritional/gypenosides.md	30_Pharmacopoeia/_pharmacopoeia-vault/Manus Compound Notes/gypenosides.md	1375
5b2b0f59bd4df2df9952979958379c0879d6a41ea188d4ae03f5cb1dc2d4ae4c	30_Pharmacopoeia/Functional/paynantheine.md	30_Pharmacopoeia/_pharmacopoeia-vault/Manus Compound Notes/paynantheine.md	1681
3a66c1d8a9b80e2010bb240d1e57faff55c037347802320db5b841d85471f8b2	30_Pharmacopoeia/Pneumatic/muscimol.md	30_Pharmacopoeia/_pharmacopoeia-vault/Manus Compound Notes/muscimol.md	1583
018cd839f38e4462da99df84296db08eba731d36fdfb622331a308381a89ee94	30_Pharmacopoeia/Nutritional/Albizia julibrissin.md	30_Pharmacopoeia/_pharmacopoeia-vault/Manus Compound Notes/Albizia julibrissin.md	2032
dbf82678c53035b1131eb0f87d862962e4a0dd1b280ceb6002cdb840e6b5227d	30_Pharmacopoeia/Nutritional/caulosaponin.md	30_Pharmacopoeia/_pharmacopoeia-vault/Manus Compound Notes/caulosaponin.md	1432
2bc1d05266acc30016a658421eae7e51ced28b205f5c94c65ea7e79a58f0b93f	30_Pharmacopoeia/Nutritional/Filipendula ulmaria.md	30_Pharmacopoeia/_pharmacopoeia-vault/Manus Compound Notes/Filipendula ulmaria.md	1676
d0e23dbb22744671ed78b1c713d3a9fd1cd3989c4e5cc33ecd9fed8d4d8a6d43	30_Pharmacopoeia/Nutritional/onjisaponins.md	30_Pharmacopoeia/_pharmacopoeia-vault/Manus Compound Notes/onjisaponins.md	1605
976b75260ed1caa6dbf1e245d16ba17a897261eac5cd6289648cf5d6ef3f898e	30_Pharmacopoeia/Nutritional/Terminalia chebula.md	30_Pharmacopoeia/_pharmacopoeia-vault/Manus Compound Notes/Terminalia chebula.md	1905
1dcc14fb119e99dd97276036c6b9c2549f444f1aad30dc01c1ccfef44b1ca562	30_Pharmacopoeia/Nutritional/Anacardium occidentale.md	30_Pharmacopoeia/_pharmacopoeia-vault/Manus Compound Notes/Anacardium occidentale.md	1455
a837f8532c508958e9b868fd65ec602d886a7a6508e2b8f10e437785526d5147	30_Pharmacopoeia/Nutritional/Mesembryanthemum tortuosum.md	30_Pharmacopoeia/_pharmacopoeia-vault/Manus Compound Notes/Mesembryanthemum tortuosum.md	1943
3a0d8026ab412539c38d92cfb5e82f10323b1050c569b26143493c528d4f527b	30_Pharmacopoeia/Nutritional/mitrajavine.md	30_Pharmacopoeia/_pharmacopoeia-vault/Manus Compound Notes/mitrajavine.md	1365
69a8c8713ffdb733c4fd95611f0539212fdf3a9bf4fe01a02392f487a26b9cd6	30_Pharmacopoeia/Nutritional/Lepidium meyenii.md	30_Pharmacopoeia/_pharmacopoeia-vault/Manus Compound Notes/Lepidium meyenii.md	2131
4891d3e57be21d4b56ac8b1a140263416796d43814598987cee610c90b9baa07	30_Pharmacopoeia/Nutritional/ginsenosides.md	30_Pharmacopoeia/_pharmacopoeia-vault/Manus Compound Notes/ginsenosides.md	1752
bcba4bfa2f4e6223ea5593d3d9b5ff8d95f083e6de4200e51aa6c6c7626a56d8	30_Pharmacopoeia/Functional/Nucleoside analogues.md	30_Pharmacopoeia/_pharmacopoeia-vault/Manus Compound Notes/Nucleoside analogues.md	1391
9d74a730622a8e653df369bb09f545dba90a6b35fd1ebd55d66d9cbe27f2ab74	30_Pharmacopoeia/Pneumatic/Mimosa hostilis.md	30_Pharmacopoeia/_pharmacopoeia-vault/Manus Compound Notes/Mimosa hostilis.md	1576
51fab7cdcbb41777f542797c89851b9f2bbb6ae257a7ef72979cd0c11d6f4c0e	30_Pharmacopoeia/Nutritional/Agave salmiana.md	30_Pharmacopoeia/_pharmacopoeia-vault/Manus Compound Notes/Agave salmiana.md	1495
cd751eddc845fc897bfbd74b5e7dd5328a3f861bcfc6711cdb564844d1694eda	30_Pharmacopoeia/Nutritional/umckaloabo coumarins.md	30_Pharmacopoeia/_pharmacopoeia-vault/Manus Compound Notes/umckaloabo coumarins.md	1473
01edbfd1c6341a2132157e008650ce87f1968b69e6c23dc53a26ea3fa4e1b8ae	30_Pharmacopoeia/Functional/cola flavanols.md	30_Pharmacopoeia/_pharmacopoeia-vault/Manus Compound Notes/cola flavanols.md	1377
edcd01cb1d562e0d4802d2e1a5818ec7230b357cda1910498e6b6773910a7da5	30_Pharmacopoeia/Pneumatic/mescaline.md	30_Pharmacopoeia/_pharmacopoeia-vault/Manus Compound Notes/mescaline.md	1937
cca6cf56b1a02ea13f2968237841fc17f91c1ce237221ecdb70bd14e87e4da8a	30_Pharmacopoeia/Nutritional/ethylengas.md	30_Pharmacopoeia/_pharmacopoeia-vault/Manus Compound Notes/ethylengas.md	1351
592fb9759ddedc8ee56782d1700143490defc6863cfab9463571b78db2ae138f	30_Pharmacopoeia/Nutritional/Curcuma longa.md	30_Pharmacopoeia/_pharmacopoeia-vault/Manus Compound Notes/Curcuma longa.md	1616
3961e293f1e3859e9dea186b20137cd630c3fa67b198a01977c4ba2c70cad2ec	30_Pharmacopoeia/Nutritional/kavalactones.md	30_Pharmacopoeia/_pharmacopoeia-vault/Manus Compound Notes/kavalactones.md	1724
36a6b5bad14c395ae9d2d010491e426a8c38bb1cc7134b79466ebdda8b8d865d	30_Pharmacopoeia/Nutritional/Caryota urens.md	30_Pharmacopoeia/_pharmacopoeia-vault/Manus Compound Notes/Caryota urens.md	1392
86e1a55203eb40c7a353a79f0eef86cd19b2d765a72c5ceed8431e3c6aa27b75	30_Pharmacopoeia/Nutritional/Catharanthus roseus.md	30_Pharmacopoeia/_pharmacopoeia-vault/Manus Compound Notes/Catharanthus roseus.md	1692
4ea9a0e6fc7ebd458d31269562f0a554706fc7464d29490483d550d5d779bdc4	30_Pharmacopoeia/Nutritional/Malus domestica.md	30_Pharmacopoeia/_pharmacopoeia-vault/Manus Compound Notes/Malus domestica.md	1406
bba50d2553b9a9d34dc71c01a98ba1259ab6badccd2093421f38493ca1bdf03f	30_Pharmacopoeia/Functional/AL-LAD.md	30_Pharmacopoeia/_pharmacopoeia-vault/Manus Compound Notes/AL-LAD.md	1761
79c52c94b914f39d44ca621a554e20f8e047f30503e4438f5c33b084ee2a0010	30_Pharmacopoeia/Nutritional/lycium polysaccharides (LBP.md	30_Pharmacopoeia/_pharmacopoeia-vault/Manus Compound Notes/lycium polysaccharides (LBP.md	1452
24da31eb7cb308445855649ed39088809a47c25b0504e6733510ec64f4e78d2f	30_Pharmacopoeia/Nutritional/Betula lenta.md	30_Pharmacopoeia/_pharmacopoeia-vault/Manus Compound Notes/Betula lenta.md	1627
21dea957c6d4c57bca24ac679e28853a899c77ca1aed65b655e6980e76f31b2d	30_Pharmacopoeia/Nutritional/anethole.md	30_Pharmacopoeia/_pharmacopoeia-vault/Manus Compound Notes/anethole.md	1612
9185a658e589351fdfadb31cc4a7aa91950c648c2648561c20c5b9c2f81cd9d8	30_Pharmacopoeia/Nutritional/sesquiterpenes.md	30_Pharmacopoeia/_pharmacopoeia-vault/Manus Compound Notes/sesquiterpenes.md	1533
e2ba1460db298c9e9f4894350d182cb365bac3e0575dcf96a0ab6e797cf7f815	30_Pharmacopoeia/Functional/beta-alanine.md	30_Pharmacopoeia/_pharmacopoeia-vault/Manus Compound Notes/beta-alanine.md	1592
3774e3ef85dc1e7be27b91628dce9d3608213753540513f696b77de8fff6eb7f	30_Pharmacopoeia/Functional/Quaalude.md	30_Pharmacopoeia/_pharmacopoeia-vault/Manus Compound Notes/Quaalude.md	1624
917178aef0665ae3bb5cf3a9fe16b8f0fa7622c9acd433ef8c8e5d58bc892a60	30_Pharmacopoeia/Pneumatic/Yopo and CebÔö£┬íl.md	30_Pharmacopoeia/_pharmacopoeia-vault/Manus Compound Notes/Yopo and Ceb├¡l.md	1558
96cfe27be84439f1ff9b4d1875357aa3e934a0ade9f5e5e765b4e0e5c59f09ba	30_Pharmacopoeia/Nutritional/Podophyllum peltatum.md	30_Pharmacopoeia/_pharmacopoeia-vault/Manus Compound Notes/Podophyllum peltatum.md	1553
062acae47d2d21d3532832c04bcd6c0c6efad69464600fddf0f2a85bf857935d	30_Pharmacopoeia/Nutritional/D-pinitol.md	30_Pharmacopoeia/_pharmacopoeia-vault/Manus Compound Notes/D-pinitol.md	1709
9e36112050d3adaae1efa2ae6cf4c3f7e2aa6fdfb71596920ac32ed1c3df57f9	30_Pharmacopoeia/Nutritional/nardostachone.md	30_Pharmacopoeia/_pharmacopoeia-vault/Manus Compound Notes/nardostachone.md	1485
b4cf9f26068e5484072c36bee311ab9c59784a62586306a7f239d3b539a43879	30_Pharmacopoeia/Nutritional/Magnesium glycinate.md	30_Pharmacopoeia/_pharmacopoeia-vault/Manus Compound Notes/Magnesium glycinate.md	1690
90e9dfea86d6633fcab63f35e7f874d629deb297a005f109dd0610dabd71b05a	30_Pharmacopoeia/Nutritional/rosavin.md	30_Pharmacopoeia/_pharmacopoeia-vault/Manus Compound Notes/rosavin.md	1776
7f68a6b3e30a732df6b4fb5bd87383903f692a2b0e6212560b03d0b591da0c49	30_Pharmacopoeia/Nutritional/withanolides.md	30_Pharmacopoeia/_pharmacopoeia-vault/Manus Compound Notes/withanolides.md	1704
a97a8caf9bb5b4c84f87f06e98a8a83134d86bd6c59d198c273d96192f7f3d02	30_Pharmacopoeia/Nutritional/Rhodiola rosea.md	30_Pharmacopoeia/_pharmacopoeia-vault/Manus Compound Notes/Rhodiola rosea.md	1617
97f68183318e4e7c6dd1c4a4c5b5e82154eed4e56e5ae4c4ac77950cd9badefc	30_Pharmacopoeia/Nutritional/CYP3A4.md	30_Pharmacopoeia/_pharmacopoeia-vault/Manus Compound Notes/CYP3A4.md	1343
b17ed9af6a71a22745182925a144077e9db3bc362c037d9a5b4e0d44f9be7429	30_Pharmacopoeia/Nutritional/Corydalis yanhusuo.md	30_Pharmacopoeia/_pharmacopoeia-vault/Manus Compound Notes/Corydalis yanhusuo.md	1776
21114de6c6928e04165abf625d268b120c5b62c5f5ef73941508393648515398	30_Pharmacopoeia/Functional/Mitragyna speciosa.md	30_Pharmacopoeia/_pharmacopoeia-vault/Manus Compound Notes/Mitragyna speciosa.md	1931
254aa9bbf425a9a7d8e0f66b03817dba47b90c39484f5069074f2d9dd89348d8	30_Pharmacopoeia/Pneumatic/salvinorin A.md	30_Pharmacopoeia/_pharmacopoeia-vault/Manus Compound Notes/salvinorin A.md	1719
3da79c0e306638516a78938a6ce18b054071e34e913338398503caf1ba8be97e	30_Pharmacopoeia/Nutritional/Albizia lebbeck.md	30_Pharmacopoeia/_pharmacopoeia-vault/Manus Compound Notes/Albizia lebbeck.md	1742
38272e27fa241288fd77cca60beb51b6a0cb7489f3ecf05dc1bae717403de9e8	30_Pharmacopoeia/Nutritional/Berberine.md	30_Pharmacopoeia/_pharmacopoeia-vault/Manus Compound Notes/Berberine.md	1922
c85629b5dad29502e36911aa7587eac4214de1f377de01cd998d53f9825db704	30_Pharmacopoeia/Nutritional/Piper nigrum.md	30_Pharmacopoeia/_pharmacopoeia-vault/Manus Compound Notes/Piper nigrum.md	1729
6711f6baf495fa8905c5d661d9a0cac17d7a7d396b23afd737778056785268b9	30_Pharmacopoeia/Nutritional/protopine.md	30_Pharmacopoeia/_pharmacopoeia-vault/Manus Compound Notes/protopine.md	1729
77390c74985de9e880e39ea4f66fa92de631454de7752e23c58e06be8f37ed8a	30_Pharmacopoeia/Pneumatic/Lysergic acid amide (LSA.md	30_Pharmacopoeia/_pharmacopoeia-vault/Manus Compound Notes/Lysergic acid amide (LSA.md	1448
d6fb29d6d94dc2904f7c4609c024ecbf6f56fce3e921e1a79c69cf1d556923fd	30_Pharmacopoeia/Nutritional/Eleusine coracana.md	30_Pharmacopoeia/_pharmacopoeia-vault/Manus Compound Notes/Eleusine coracana.md	1420
995aadc962ba0953fe6d435744d739f35df6b0f26718f33625193258b96851b3	30_Pharmacopoeia/Functional/pramiracetam.md	30_Pharmacopoeia/_pharmacopoeia-vault/Manus Compound Notes/pramiracetam.md	1683
261d92c36ac720cb64605d21e77c0e6c3c86fbfb34619b89d92fab4b323d97a3	30_Pharmacopoeia/Functional/Cola nitida.md	30_Pharmacopoeia/_pharmacopoeia-vault/Manus Compound Notes/Cola nitida.md	1726
6f4cd384d7998dd8bb5ab7c2c147ea7588c6cf00701c677c9469331c459cb6e7	30_Pharmacopoeia/Nutritional/carnosic acid.md	30_Pharmacopoeia/_pharmacopoeia-vault/Manus Compound Notes/carnosic acid.md	1824
6ca68aa61e9df41ff2dddf1824252844016bc57eb5ebdf30972c3d2cd39bb1bc	30_Pharmacopoeia/Nutritional/eriodictyol.md	30_Pharmacopoeia/_pharmacopoeia-vault/Manus Compound Notes/eriodictyol.md	1752
a72c652aa48c4c39d67857b47271ea6af10e41c87a705a8957535734d9cc649f	30_Pharmacopoeia/_By_Structure/Source_Substances/Thymus vulgaris.md	30_Pharmacopoeia/_pharmacopoeia-vault/Manus Compound Notes/Thymus vulgaris.md	1752
2f3ff8d6829e9677a22d6acb4d36a97d457030436c029fb5e1ca0d98c2d32738	30_Pharmacopoeia/Nutritional/NADH.md	30_Pharmacopoeia/_pharmacopoeia-vault/Manus Compound Notes/NADH.md	1702
27d932d3b6b5f7c0dab52d7949bc5498f16cd6bdcc5596e955536d2f7fee1da6	30_Pharmacopoeia/Functional/Arketamine.md	30_Pharmacopoeia/_pharmacopoeia-vault/Manus Compound Notes/Arketamine.md	1706
545be4421ba3c6f61b4047b73fe0007593c625ccd0a42bcbe60c442f62e7b3d3	30_Pharmacopoeia/Nutritional/Mitragyna parvifolia.md	30_Pharmacopoeia/_pharmacopoeia-vault/Manus Compound Notes/Mitragyna parvifolia.md	1815
3d456159fd6c3bf471c601e2f3bdc397433b5dec829f4355635e2e9e6566abc5	30_Pharmacopoeia/Nutritional/methysticin.md	30_Pharmacopoeia/_pharmacopoeia-vault/Manus Compound Notes/methysticin.md	1911
e92747c5443e9da3f739562abeb04fa3827f5096d8598a7e033d3c05f595f7b0	30_Pharmacopoeia/Functional/Acanthopanax senticosus.md	30_Pharmacopoeia/_pharmacopoeia-vault/Manus Compound Notes/Acanthopanax senticosus.md	1694
31dcf4128e1cbd4e1f23b01480c13fef627b2395b7bb08fcefc985575d8c16ce	30_Pharmacopoeia/Nutritional/Eschscholzia californica.md	30_Pharmacopoeia/_pharmacopoeia-vault/Manus Compound Notes/Eschscholzia californica.md	1881
afdd4ac36d360db78b03ae8a42cfb0401fd276fd9c6bb7c072eb713949ea746d	30_Pharmacopoeia/Medical/lysergol.md	30_Pharmacopoeia/_pharmacopoeia-vault/Manus Compound Notes/lysergol.md	1681
3893ead36c8f205f72b2c5802e43306c5002143adacecabc055868275c4b1f1f	30_Pharmacopoeia/Nutritional/Chlorophytum borivilianum.md	30_Pharmacopoeia/_pharmacopoeia-vault/Manus Compound Notes/Chlorophytum borivilianum.md	1808
f4d4749d6d3656a44dc71d0ac24fbc7666f7fc315f08665a942ea5b3efd6baa0	30_Pharmacopoeia/Nutritional/secoiridoid glycosides.md	30_Pharmacopoeia/_pharmacopoeia-vault/Manus Compound Notes/secoiridoid glycosides.md	1571
a465044e22f978770a9f168eb1b1e2b2391725434a428ec38bcb6507bcb070b4	30_Pharmacopoeia/Functional/lentinan Ôò¼Ôûô-glucan.md	30_Pharmacopoeia/_pharmacopoeia-vault/Manus Compound Notes/lentinan ╬▓-glucan.md	1385
4accfd74c362b55b60d6b83db9a511f19b2abe4f9ce4960b088cc08b75203b4b	30_Pharmacopoeia/Pneumatic/Turbina corymbosa.md	30_Pharmacopoeia/_pharmacopoeia-vault/Manus Compound Notes/Turbina corymbosa.md	1614
539947ea8a4dfc4144d4fc43816e884dd9d7586de93cbdc7a642e433e91b528f	30_Pharmacopoeia/Functional/Atarax.md	30_Pharmacopoeia/_pharmacopoeia-vault/Manus Compound Notes/Atarax.md	1669
b9d5a8c5944a4a164beea493823e1bad1b1563ab2ea3d1188d07bc11c62e479e	30_Pharmacopoeia/Nutritional/Vitamin D.md	30_Pharmacopoeia/_pharmacopoeia-vault/Manus Compound Notes/Vitamin D.md	1543
bfee2fad22caeeae8518d78d12f28318beacb723b2443592a40f2fd9d06ca31a	30_Pharmacopoeia/Nutritional/N-acetylcysteine.md	30_Pharmacopoeia/_pharmacopoeia-vault/Manus Compound Notes/N-acetylcysteine.md	1667
d8d57036521f7074853a13e2a5fba886c040d5d0f441ed40386b429d86dd78af	30_Pharmacopoeia/Functional/D-cycloserine.md	30_Pharmacopoeia/_pharmacopoeia-vault/Manus Compound Notes/D-cycloserine.md	1643
69793891e5ed9ba8f7b1ab8aafb25f0b454dec537ba60fa4810306f4250eb75b	30_Pharmacopoeia/Nutritional/Eragrostis tef.md	30_Pharmacopoeia/_pharmacopoeia-vault/Manus Compound Notes/Eragrostis tef.md	1399
950dc7abea17d2636faa8391735d1fa1fbc7ba12d6c5a434f1757d5bd15b78cd	30_Pharmacopoeia/Nutritional/vinblastine.md	30_Pharmacopoeia/_pharmacopoeia-vault/Manus Compound Notes/vinblastine.md	1859
866d7b3b8ee779d89a11a4040adea5b10cc99744e152d56fddc999fd0fb537ad	30_Pharmacopoeia/Pneumatic/Lophophora williamsii.md	30_Pharmacopoeia/_pharmacopoeia-vault/Manus Compound Notes/Lophophora williamsii.md	1775
7608488a5f45feab87f24821449a125cc7af6b88427a9dafdea1c5f7479760e1	30_Pharmacopoeia/Functional/Camellia sinensis.md	30_Pharmacopoeia/_pharmacopoeia-vault/Manus Compound Notes/Camellia sinensis.md	1748
f3189af72591d0a42d9a1aee5a77927a5d36651309490eeef4d7a36081dfd497	30_Pharmacopoeia/Nutritional/Saccharomyces cerevisiae.md	30_Pharmacopoeia/_pharmacopoeia-vault/Manus Compound Notes/Saccharomyces cerevisiae.md	1631
a4cbefd4595d7a70a18fd50e85c290fcc97b81b8f0aed7d01c3616772e4c4173	30_Pharmacopoeia/Pneumatic/MDA.md	30_Pharmacopoeia/_pharmacopoeia-vault/Manus Compound Notes/MDA.md	1791
d40beabe4ccec29b0caf84709a7ff94243e9d3427dd55c8611c44e1e6be5aefa	30_Pharmacopoeia/Nutritional/Polygonatum sibiricum.md	30_Pharmacopoeia/_pharmacopoeia-vault/Manus Compound Notes/Polygonatum sibiricum.md	2058
0fd135b9c678e207f5e0cb2ade5736204f7a646d3c2727fe8409f9c6bd025639	30_Pharmacopoeia/Nutritional/Acetyl-L-carnitine.md	30_Pharmacopoeia/_pharmacopoeia-vault/Manus Compound Notes/Acetyl-L-carnitine.md	1863
8ffb18b192175e00e03cfa5e3991c71d989ae1f1c3e3f65642dee0cb1986ad2e	30_Pharmacopoeia/Nutritional/flavalignans.md	30_Pharmacopoeia/_pharmacopoeia-vault/Manus Compound Notes/flavalignans.md	1755
fd8b9c27a1d4347b08bdf4d0edb8d5736b13cd89ba097b8bad472d35b1e38f03	30_Pharmacopoeia/Functional/Nicotiana rustica.md	30_Pharmacopoeia/_pharmacopoeia-vault/Manus Compound Notes/Nicotiana rustica.md	1708
3e888f332ef092398f62c2cd6fd982da7a4307641c560943ce567e4b46a59ed6	30_Pharmacopoeia/Functional/Eritadenine.md	30_Pharmacopoeia/_pharmacopoeia-vault/Manus Compound Notes/Eritadenine.md	1693
3965584c30b7c42a5807788124387ee2c52ef39a1e1b2510c3d5226350be99bb	30_Pharmacopoeia/Nutritional/Saccharum officinarum.md	30_Pharmacopoeia/_pharmacopoeia-vault/Manus Compound Notes/Saccharum officinarum.md	1448
6a5490e1aa0f68272a2e85237e82c77e912c7a05087d7e74c206525bf6c660aa	30_Pharmacopoeia/Pneumatic/Ôò¼Ôûô-carbolines.md	30_Pharmacopoeia/_pharmacopoeia-vault/Manus Compound Notes/╬▓-carbolines.md	1459
edf43ed3d9c3d3c511cfbe0af2605d22a2da4dc2972f98f76ab6a19a69d683f8	30_Pharmacopoeia/Nutritional/picrocrocin.md	30_Pharmacopoeia/_pharmacopoeia-vault/Manus Compound Notes/picrocrocin.md	1844
70a65384a19b40ba061a147bdaca28548a7b23978fd72cb70a7128e6b79f0c17	30_Pharmacopoeia/_General/_Manus Compound Index.md	30_Pharmacopoeia/_pharmacopoeia-vault/Manus Compound Notes/_Manus Compound Index.md	134697
ddc3b05a616400a920fae2e01e20ecd1af038899bb331185509dad11196de80c	30_Pharmacopoeia/Nutritional/Choline bitartrate.md	30_Pharmacopoeia/_pharmacopoeia-vault/Manus Compound Notes/Choline bitartrate.md	1739
7be3b36bb9d27a7acb3d2e49b06b17521a9af731029b8ba6357670a2bce0c634	30_Pharmacopoeia/Chthonic/Helleborus orientalis.md	30_Pharmacopoeia/_pharmacopoeia-vault/Manus Compound Notes/Helleborus orientalis.md	1606
07d9ead71ba8505297437a1c263aff94224bfb75b0dd2422fcf6268576c501ab	30_Pharmacopoeia/Nutritional/spinosin.md	30_Pharmacopoeia/_pharmacopoeia-vault/Manus Compound Notes/spinosin.md	1895
2ea63d1400db20959f638efb60e6386170be56319ad75e2899c5257b03830738	30_Pharmacopoeia/Nutritional/Mitragyna hirsuta.md	30_Pharmacopoeia/_pharmacopoeia-vault/Manus Compound Notes/Mitragyna hirsuta.md	1890
d2e625a7db3b333f6cee4b04b9b9090e19701c8c11b7e2b2c3575697f5bec236	30_Pharmacopoeia/Nutritional/curcumin.md	30_Pharmacopoeia/_pharmacopoeia-vault/Manus Compound Notes/curcumin.md	1732
8a546e9478a2b0c72fcd6ef00279c7fac75c7071110a187ece25e4011d00a7bc	30_Pharmacopoeia/Nutritional/Scutellaria lateriflora.md	30_Pharmacopoeia/_pharmacopoeia-vault/Manus Compound Notes/Scutellaria lateriflora.md	1936
9d0879cb490c34d27029453e24ce5d5e4dfe95140c6008991ee1b9bcd531fe60	30_Pharmacopoeia/Nutritional/Eleutherococcus senticosus.md	30_Pharmacopoeia/_pharmacopoeia-vault/Manus Compound Notes/Eleutherococcus senticosus.md	1829
f5fd86acf7748363f51dea8f0c6eca24ae5f7a7c9fcd6453c6494fcd30f68e4a	30_Pharmacopoeia/Nutritional/nornicotine.md	30_Pharmacopoeia/_pharmacopoeia-vault/Manus Compound Notes/nornicotine.md	1716
f5c068adcc933a8d2b116c7b6f7bc993669a4f498025bae727f451e9f5eea59a	30_Pharmacopoeia/Nutritional/d-Lysergic acid amide (LSA.md	30_Pharmacopoeia/_pharmacopoeia-vault/Manus Compound Notes/d-Lysergic acid amide (LSA.md	1448
5c351176d44a68536d17a8bbe77feab6b5173fa95f4bb4bdf27f08f827fd341d	30_Pharmacopoeia/Nutritional/viburnin.md	30_Pharmacopoeia/_pharmacopoeia-vault/Manus Compound Notes/viburnin.md	1341
4054d4a46cf0508def16bbf1404914016079073165cd281d2ab289ae3fe8643d	30_Pharmacopoeia/Nutritional/picraline.md	30_Pharmacopoeia/_pharmacopoeia-vault/Manus Compound Notes/picraline.md	1680
6f4d31dbb57b135e9c44228854ede732e8263dc04a6a3abb1e239a99986a0e9d	30_Pharmacopoeia/Medical/quinidine.md	30_Pharmacopoeia/_pharmacopoeia-vault/Manus Compound Notes/quinidine.md	1695
a1ed7c0bea5d995deac9811859a79a35044114e8261d35cd392d1f7dfee8fae9	30_Pharmacopoeia/Nutritional/Vitamin B9.md	30_Pharmacopoeia/_pharmacopoeia-vault/Manus Compound Notes/Vitamin B9.md	1735
3e90146fbb98d9defc51bcbfcd97f36c5bebbfc2389a0e099b9512b4b56e19d9	30_Pharmacopoeia/Pneumatic/Ololiuhqui.md	30_Pharmacopoeia/_pharmacopoeia-vault/Manus Compound Notes/Ololiuhqui.md	1487
b83f57338306a2ebf80cc8d956667a24d06967f45c792b4c2075802c7a090804	30_Pharmacopoeia/Chthonic/Hyoscyamus albus.md	30_Pharmacopoeia/_pharmacopoeia-vault/Manus Compound Notes/Hyoscyamus albus.md	1682
7c08512644044102e46dfa987c0938f91b1c8c401f1ab6061cf5d237bba6c1d8	30_Pharmacopoeia/Nutritional/BDNF.md	30_Pharmacopoeia/_pharmacopoeia-vault/Manus Compound Notes/BDNF.md	1313
6b2561f0e542fa8b2157536770fa578e5253a35ea6b2c4e8d2c8b31a1b0180e6	30_Pharmacopoeia/Nutritional/Apis mellifera.md	30_Pharmacopoeia/_pharmacopoeia-vault/Manus Compound Notes/Apis mellifera.md	1539
05aab7ad415eba6a2a700e02f79542f9638d4ad87412b217412bb74489d6e967	30_Pharmacopoeia/Nutritional/Glehnia littoralis.md	30_Pharmacopoeia/_pharmacopoeia-vault/Manus Compound Notes/Glehnia littoralis.md	2051
9b19e046611d7a28040e4ebb65987bf5cd3d6b9beb1a92af13a478bfe719f9fd	30_Pharmacopoeia/Nutritional/Leonurus cardiaca.md	30_Pharmacopoeia/_pharmacopoeia-vault/Manus Compound Notes/Leonurus cardiaca.md	1788
f39b3d299c92c71ec817aa562b41f6b7aa453992d36b0f84584b953d2ad4d1be	30_Pharmacopoeia/Nutritional/nepetalactone.md	30_Pharmacopoeia/_pharmacopoeia-vault/Manus Compound Notes/nepetalactone.md	1685
2fa7485b61a26cb666389b668fa85e03102d842c6a3b8559e8c63cf7d6872f1b	30_Pharmacopoeia/Chthonic/Datura.md	30_Pharmacopoeia/_pharmacopoeia-vault/Manus Compound Notes/Datura.md	1511
f45983d76a16c4a120f31e3e16e9345d3c2fe6988c5662051d8fd4e9b2e21f39	30_Pharmacopoeia/Nutritional/ranunculin precursors.md	30_Pharmacopoeia/_pharmacopoeia-vault/Manus Compound Notes/ranunculin precursors.md	1423
6418c1b3d1ad9acccfc80b3ba142d1d61028cded7c17b5c3875f829899da813e	30_Pharmacopoeia/Nutritional/Polygonum multiflorum.md	30_Pharmacopoeia/_pharmacopoeia-vault/Manus Compound Notes/Polygonum multiflorum.md	2058
02cf54280cfeafff43c28a7dfe11954c2d14954dcb5105ea2b4cf24de814fb81	30_Pharmacopoeia/Nutritional/mesembrine.md	30_Pharmacopoeia/_pharmacopoeia-vault/Manus Compound Notes/mesembrine.md	2136
c5ff10ab6e3bfe7b59607e69f155437cebf76948a2133faf6f39a536b8d21903	30_Pharmacopoeia/Chthonic/Hyoscyamus muticus.md	30_Pharmacopoeia/_pharmacopoeia-vault/Manus Compound Notes/Hyoscyamus muticus.md	1545
fd3e3c40cc9880054a82690105c22733cf4886ff10b0551424e01faabf69d190	30_Pharmacopoeia/Functional/aniracetam.md	30_Pharmacopoeia/_pharmacopoeia-vault/Manus Compound Notes/aniracetam.md	1604
3f56b275c8fbabc030e3f76bd1dec778a797d598133de2dd07879010dc12d840	30_Pharmacopoeia/Pneumatic/Voacanga africana.md	30_Pharmacopoeia/_pharmacopoeia-vault/Manus Compound Notes/Voacanga africana.md	1658
cdb284b7b5b05a0400e961a7674f34d8c7a3d4c9ff69c7de67440c43774663e7	30_Pharmacopoeia/Functional/1,4-butanediol.md	30_Pharmacopoeia/_pharmacopoeia-vault/Manus Compound Notes/1,4-butanediol.md	1555
f1c37efd25ab44fc7fa8d2606aa9b91ea25d0f54bffc152678cadf2a328eff07	30_Pharmacopoeia/Nutritional/achilleine.md	30_Pharmacopoeia/_pharmacopoeia-vault/Manus Compound Notes/achilleine.md	1679
8ff8bea77b631e34baf42bcf3115f3f15903e5e592bf2982d51586359353a383	30_Pharmacopoeia/Medical/papaverine.md	30_Pharmacopoeia/_pharmacopoeia-vault/Manus Compound Notes/papaverine.md	1671
b9a621bf59032194982aa4cebc5e129a0331a50c975df7bf20f29db0537fe03a	30_Pharmacopoeia/Nutritional/Uncaria tomentosa.md	30_Pharmacopoeia/_pharmacopoeia-vault/Manus Compound Notes/Uncaria tomentosa.md	1827
c349033fecba93f061ebe3b7b5d0c49e794d17c2bcacf1c186c346192541fba9	30_Pharmacopoeia/Nutritional/cucurbitacins.md	30_Pharmacopoeia/_pharmacopoeia-vault/Manus Compound Notes/cucurbitacins.md	1723
9affc4d0d0a7da41a544605353743e9ccf54f457a2cdb63939c08e61195ba10e	30_Pharmacopoeia/Functional/Erinacines.md	30_Pharmacopoeia/_pharmacopoeia-vault/Manus Compound Notes/Erinacines.md	1347
55a3ac55803502d42cfee2ec5f1c11b3c25ea016f4c1c918b9f4dfec0c8aa36c	30_Pharmacopoeia/Nutritional/Agathosma betulina.md	30_Pharmacopoeia/_pharmacopoeia-vault/Manus Compound Notes/Agathosma betulina.md	1615
d9625c33bb71be8e818e77311904cb9e3b945f3826c74687e36d731f7bb1ce20	30_Pharmacopoeia/Nutritional/Ipomoea batatas.md	30_Pharmacopoeia/_pharmacopoeia-vault/Manus Compound Notes/Ipomoea batatas.md	1578
23dfc5fefa975c89ef55e306dd7835ffca9d15f731c93e0109d2ad358b7604d1	30_Pharmacopoeia/Nutritional/isoflavones.md	30_Pharmacopoeia/_pharmacopoeia-vault/Manus Compound Notes/isoflavones.md	1650
b8df6c2b6ebce604cce7fe76cf22e548f03e7442f74892cddf45c00b38cc1d55	30_Pharmacopoeia/Nutritional/solanine.md	30_Pharmacopoeia/_pharmacopoeia-vault/Manus Compound Notes/solanine.md	1846
dbc39de90709d02c4de81ed700391c6f0664c5f4005b2f50e30488c33f9d42c1	30_Pharmacopoeia/Nutritional/taraxasterols.md	30_Pharmacopoeia/_pharmacopoeia-vault/Manus Compound Notes/taraxasterols.md	1722
ac19ac714598f5341c31346b958caa0cfa3e0cdb7c82ed53fc3c7c968ebc5462	30_Pharmacopoeia/Functional/Secoverine.md	30_Pharmacopoeia/_pharmacopoeia-vault/Manus Compound Notes/Secoverine.md	1704
96606bb71410775bd4791133cfe2c8b8ccd9f7975f719741ed460ff420dd2e62	30_Pharmacopoeia/Functional/PEA.md	30_Pharmacopoeia/_pharmacopoeia-vault/Manus Compound Notes/PEA.md	1340
90ffd722756803c4b09bbb112f178f81a50ba59c82bf23a05c59d1ce82e487a7	30_Pharmacopoeia/Nutritional/L-DOPA.md	30_Pharmacopoeia/_pharmacopoeia-vault/Manus Compound Notes/L-DOPA.md	1707
d63d5188d4057d244a8e11f8e395a26cd491a9850d97187fdd2e41b96109dc8b	30_Pharmacopoeia/Functional/Fibroblast growth factor (FGF.md	30_Pharmacopoeia/_pharmacopoeia-vault/Manus Compound Notes/Fibroblast growth factor (FGF.md	1478
c4e5b3befec63faedae334f7595b55dc36a8684e9e3ad492bbacbd513e9cccb8	30_Pharmacopoeia/Pneumatic/Voacangine.md	30_Pharmacopoeia/_pharmacopoeia-vault/Manus Compound Notes/Voacangine.md	1693
122e436971e38b26588e045791a1fe182d9b032c95ab8aef80967342d17b17a1	30_Pharmacopoeia/Pneumatic/peyote alkaloids.md	30_Pharmacopoeia/_pharmacopoeia-vault/Manus Compound Notes/peyote alkaloids.md	1457
7d65be2eabb9c38867ea42b99b3d7e1da1f1feaff969a76fb18f35fe9e591d3c	30_Pharmacopoeia/Nutritional/Gynostemma pentaphyllum.md	30_Pharmacopoeia/_pharmacopoeia-vault/Manus Compound Notes/Gynostemma pentaphyllum.md	2078
3054faff095a44a31d8eba3d4dad3e758fef180a72dbbb402c67b962a4edf552	30_Pharmacopoeia/Nutritional/resveratrol.md	30_Pharmacopoeia/_pharmacopoeia-vault/Manus Compound Notes/resveratrol.md	1761
987bcce8757a011b797ad502fb377de5a302a60e0f2c50140cdfd07a89ba96de	30_Pharmacopoeia/Nutritional/convolvine.md	30_Pharmacopoeia/_pharmacopoeia-vault/Manus Compound Notes/convolvine.md	1872
c0ab6d11292ff7c0dac8e3e529d619e426dadeec5dff0f52b9f630690ecb386b	30_Pharmacopoeia/Nutritional/Peumus boldus.md	30_Pharmacopoeia/_pharmacopoeia-vault/Manus Compound Notes/Peumus boldus.md	1761
0b3124eba767e2172a1f1824cf857f4afc6795e7fe425a3aa805408e57a95110	30_Pharmacopoeia/Functional/Hericenones (Lion's Mane.md	30_Pharmacopoeia/_pharmacopoeia-vault/Manus Compound Notes/Hericenones (Lion's Mane.md	1409
9ed7f8580377960bf677c0d9a440195a71d6107b4069ad8c1075a949a6e4ddc5	30_Pharmacopoeia/Nutritional/Amanita muscaria.md	30_Pharmacopoeia/_pharmacopoeia-vault/Manus Compound Notes/Amanita muscaria.md	1539
788f4b802d2732ada501b05eebfc28d56988d237de43ff541d1116602067461a	30_Pharmacopoeia/Nutritional/Piptadenia peregrina.md	30_Pharmacopoeia/_pharmacopoeia-vault/Manus Compound Notes/Piptadenia peregrina.md	1529
6fb3d72b514cc443de6f87f0a0f875738d829776870ade681dcd5f6307da2d88	30_Pharmacopoeia/Functional/Areca catechu.md	30_Pharmacopoeia/_pharmacopoeia-vault/Manus Compound Notes/Areca catechu.md	1751
c92976cbb662e1235a53f0232ac6130603435afc2b2a837241ecbf0d6d100195	30_Pharmacopoeia/Nutritional/mesembrenone.md	30_Pharmacopoeia/_pharmacopoeia-vault/Manus Compound Notes/mesembrenone.md	2065
2602bae207e767808ead8d2b324870d4726f95f5f9316640140929d5a21f7a34	30_Pharmacopoeia/Functional/5-MeO-MiPT.md	30_Pharmacopoeia/_pharmacopoeia-vault/Manus Compound Notes/5-MeO-MiPT.md	1713
003d9464a7809ba462ba53fbd860d18165ddc5e33113b9286f8867267bf8c268	30_Pharmacopoeia/Nutritional/withaferin A.md	30_Pharmacopoeia/_pharmacopoeia-vault/Manus Compound Notes/withaferin A.md	1892
01a0f1ac05d3720dd7dbbd7e897de14e825f9fd1baab26de4da7ee1f27e56748	30_Pharmacopoeia/Functional/cathine.md	30_Pharmacopoeia/_pharmacopoeia-vault/Manus Compound Notes/cathine.md	1621
e4b66b16bab28755855c50b018c829617049e4973f8f917ba6e37483c81f98eb	30_Pharmacopoeia/Pneumatic/hordenine.md	30_Pharmacopoeia/_pharmacopoeia-vault/Manus Compound Notes/hordenine.md	1593
37d194b38ce3f466dd9c3218497b572c9ea2b5420dc94c7f084712b7ebfc16d1	30_Pharmacopoeia/Functional/nesodine.md	30_Pharmacopoeia/_pharmacopoeia-vault/Manus Compound Notes/nesodine.md	1779
e844343db0d613d87b0934a7bda0aba5bb7dd31ae691f306cd57ef96ed9891cb	30_Pharmacopoeia/Functional/CBG.md	30_Pharmacopoeia/_pharmacopoeia-vault/Manus Compound Notes/CBG.md	1664
0039256547767c09d746c7554e2df84190fb2e9626496dbe800fa4b5b48b5ced	30_Pharmacopoeia/Nutritional/triterpene saponins.md	30_Pharmacopoeia/_pharmacopoeia-vault/Manus Compound Notes/triterpene saponins.md	1598
408e8511b7644934fe3f4093845b98fb50287f0492868f412f0a378f82cbe77f	30_Pharmacopoeia/Nutritional/Magnesium L-threonate.md	30_Pharmacopoeia/_pharmacopoeia-vault/Manus Compound Notes/Magnesium L-threonate.md	1746
430cc5d4343a16b8bd3c55ed1ddb08e8d7226765c9fb6954064f34a0cc1aa622	30_Pharmacopoeia/Nutritional/VMAT-2.md	30_Pharmacopoeia/_pharmacopoeia-vault/Manus Compound Notes/VMAT-2.md	1335
2a97216edb7d4cb83ee228fd4c4af6e845703cd7497f3a4252de6279338d0440	30_Pharmacopoeia/Functional/Aralosides.md	30_Pharmacopoeia/_pharmacopoeia-vault/Manus Compound Notes/Aralosides.md	1398
5f564318709bce195b6407dd40bc1acaedf55c8799cd8db9e710033d5424be6d	30_Pharmacopoeia/Functional/annonacin.md	30_Pharmacopoeia/_pharmacopoeia-vault/Manus Compound Notes/annonacin.md	1678
fdece1c603ca27de18dd7a99a87180f5f3655dd0e99c4b226d2bafcd62cdd0ff	30_Pharmacopoeia/Nutritional/flavonoids.md	30_Pharmacopoeia/_pharmacopoeia-vault/Manus Compound Notes/flavonoids.md	1434
20fbcb9f4f809120bf35e32bb5831ceed92150189d032c0b419672943aaf12f8	30_Pharmacopoeia/Nutritional/coenzyme Q10.md	30_Pharmacopoeia/_pharmacopoeia-vault/Manus Compound Notes/coenzyme Q10.md	1727
b2b1851e8aa237119e06da1b4de02712074964cebdaab2db4f25990713517069	30_Pharmacopoeia/Nutritional/catuabines.md	30_Pharmacopoeia/_pharmacopoeia-vault/Manus Compound Notes/catuabines.md	1363
5a67df84111ba9be26884af1013cf144ede92634a9246479030a584a260547d7	30_Pharmacopoeia/Nutritional/Brunfelsia grandiflora.md	30_Pharmacopoeia/_pharmacopoeia-vault/Manus Compound Notes/Brunfelsia grandiflora.md	1455
050ab42158cbeadae09884de86d0ceed2419ef94cb340d5b58f7d51cf92219e3	30_Pharmacopoeia/Nutritional/Desmanthus illinoensis.md	30_Pharmacopoeia/_pharmacopoeia-vault/Manus Compound Notes/Desmanthus illinoensis.md	1637
3d1da82ad535be14f3563f7958e80ec2e5e0a115aba526adc2d3e43f502a8d0f	30_Pharmacopoeia/Nutritional/solasonine.md	30_Pharmacopoeia/_pharmacopoeia-vault/Manus Compound Notes/solasonine.md	1863
5af8a376e53ea0e6ab8cd811cb8d585627a556452c1fd15d9e0812e0ba6bb4a1	30_Pharmacopoeia/Nutritional/Panax vietnamensis.md	30_Pharmacopoeia/_pharmacopoeia-vault/Manus Compound Notes/Panax vietnamensis.md	1842
d3b6f76bc047c9b158736cea50fba6d2466d83121437f6e66afea89ddcd7d0b4	30_Pharmacopoeia/Functional/5-MeO-DMT.md	30_Pharmacopoeia/_pharmacopoeia-vault/Manus Compound Notes/5-MeO-DMT.md	1939
a39bf708297b0a4aa21e89c7ab0262414669b7a031ff05c4ea7e897881def9ca	30_Pharmacopoeia/Nutritional/stachydrine.md	30_Pharmacopoeia/_pharmacopoeia-vault/Manus Compound Notes/stachydrine.md	1702
e1f4f5cf470ffdfc68db3dafbbfe328131f7087ab26c49d990de0921cd96f176	30_Pharmacopoeia/Functional/flavanols.md	30_Pharmacopoeia/_pharmacopoeia-vault/Manus Compound Notes/flavanols.md	1335
51494ce7e805ec27c7a8748fe4161bb71455c988fd2e831fda6d5dfa4c331e5d	30_Pharmacopoeia/Pneumatic/harmaline.md	30_Pharmacopoeia/_pharmacopoeia-vault/Manus Compound Notes/harmaline.md	1832
5fbbba1aded24ad07d83a3613c68550d187502a1699a41ed652ecba6ceff21c5	30_Pharmacopoeia/Nutritional/Vitis vinifera.md	30_Pharmacopoeia/_pharmacopoeia-vault/Manus Compound Notes/Vitis vinifera.md	1449
450f1741be47015387e2ae6e5b4646ca9a568431bcc3e6b97b038519ceaadaa9	30_Pharmacopoeia/Nutritional/flumazenil.md	30_Pharmacopoeia/_pharmacopoeia-vault/Manus Compound Notes/flumazenil.md	1724
67cd951d387f1e1bbcb2d31eb2ab39fe51990e037979cf174fd467d6b9b92574	30_Pharmacopoeia/Nutritional/Elettaria cardamomum.md	30_Pharmacopoeia/_pharmacopoeia-vault/Manus Compound Notes/Elettaria cardamomum.md	1786
af9f88fa10a3887310d7d486d3b79982c4a133bdf49fc6ff120584bccea7f084	30_Pharmacopoeia/Medical/ergonovine.md	30_Pharmacopoeia/_pharmacopoeia-vault/Manus Compound Notes/ergonovine.md	1797
74c0cd6c41fa5da90f6a5b900605b25d700cc0b6cc268f8f0dfbe456a585d755	30_Pharmacopoeia/Nutritional/bilobalide.md	30_Pharmacopoeia/_pharmacopoeia-vault/Manus Compound Notes/bilobalide.md	1779
8c14681311df1f2d52f41fb97caefca99b55eb0f32845354c01e47afcf606a9c	30_Pharmacopoeia/Functional/Catha edulis.md	30_Pharmacopoeia/_pharmacopoeia-vault/Manus Compound Notes/Catha edulis.md	1718
f068f33c852278c61b06547bcce1b4c225562e190a5705b963b109d7c417bc81	30_Pharmacopoeia/Nutritional/Inonotus obliquus.md	30_Pharmacopoeia/_pharmacopoeia-vault/Manus Compound Notes/Inonotus obliquus.md	1767
1244a5618a7c20013273348f8f8943fe32796712673dd88388eddfdfe2e34592	30_Pharmacopoeia/Nutritional/Adenophora tetraphylla.md	30_Pharmacopoeia/_pharmacopoeia-vault/Manus Compound Notes/Adenophora tetraphylla.md	2166
20bf187bdae70bf24c15e340531e48cbbe06b6a63d71d1fbc40c5cbe52c83ceb	30_Pharmacopoeia/Nutritional/Folate (Vitamin B9.md	30_Pharmacopoeia/_pharmacopoeia-vault/Manus Compound Notes/Folate (Vitamin B9.md	1380
7c9808d8c9ef7c4764c1970b70b1ccaa32d742cf208bd461aeca12e6ba67689f	30_Pharmacopoeia/Pneumatic/Dexedrine.md	30_Pharmacopoeia/_pharmacopoeia-vault/Manus Compound Notes/Dexedrine.md	1335
3f3550050d4b7ff02b1df1402e905c91f3e8cb7eeaad6772de56101d4cc32225	30_Pharmacopoeia/Functional/PSP.md	30_Pharmacopoeia/_pharmacopoeia-vault/Manus Compound Notes/PSP.md	1356
8f8d4340527d652a43a046ed1edd830fa13ac6cdc8a31ca846787e2b18e66290	30_Pharmacopoeia/Pneumatic/noribogaine.md	30_Pharmacopoeia/_pharmacopoeia-vault/Manus Compound Notes/noribogaine.md	1760
bb2648ba61b1ae4af5fe3985b5fcebf431c796f401d91de6f8f9f9f9bab75a40	30_Pharmacopoeia/Nutritional/Punica granatum.md	30_Pharmacopoeia/_pharmacopoeia-vault/Manus Compound Notes/Punica granatum.md	1406
da77688f9c534902972094515e55f8de0c8bb30f0a5e5a37ed4894ade9d7241d	30_Pharmacopoeia/Functional/Hericenones.md	30_Pharmacopoeia/_pharmacopoeia-vault/Manus Compound Notes/Hericenones.md	1353
a132eb16e6c027e73e019106fa611256673f4fd84a59c10050b534f32e880bc0	30_Pharmacopoeia/Nutritional/safranal.md	30_Pharmacopoeia/_pharmacopoeia-vault/Manus Compound Notes/safranal.md	1730
750d4c5d697cc8d4b7e3353d187b2e17f7d457c48737c69a456aa3dc603f8280	30_Pharmacopoeia/Nutritional/Cichorium intybus.md	30_Pharmacopoeia/_pharmacopoeia-vault/Manus Compound Notes/Cichorium intybus.md	1794
52fc8b9664fb21efa68349c441f38b8c48596d57da343ce34ede89e65ff60b96	30_Pharmacopoeia/Nutritional/Magnesium L-threonate (MagteinÔö¼┬½.md	30_Pharmacopoeia/_pharmacopoeia-vault/Manus Compound Notes/Magnesium L-threonate (Magtein┬«.md	1532
b56de4ebe72094be39f4f00436b5a95ca37e752ff0bd3186055bb72f872d1065	30_Pharmacopoeia/Nutritional/absinthe.md	30_Pharmacopoeia/_pharmacopoeia-vault/Manus Compound Notes/absinthe.md	1341
c6f14d61e419056b780b321cc87612256232659d3d2dc49c501c442b0b03502a	30_Pharmacopoeia/Nutritional/Isaria sinclairii.md	30_Pharmacopoeia/_pharmacopoeia-vault/Manus Compound Notes/Isaria sinclairii.md	1651
35c15f902a3554f9dde4ac00053b23bfb074c5f094027a95383a8eec5203f067	30_Pharmacopoeia/Nutritional/lapachol.md	30_Pharmacopoeia/_pharmacopoeia-vault/Manus Compound Notes/lapachol.md	1820
b2ce2e34492555ec030f5fb4bcd44bf117f7854cfff203c621e988d94a8b7086	30_Pharmacopoeia/Nutritional/dihydrokavain.md	30_Pharmacopoeia/_pharmacopoeia-vault/Manus Compound Notes/dihydrokavain.md	1881
1511238a5cc7b3541db79e02f1fd9fbbd9d849cb4ab66a5aa01611637539df7d	30_Pharmacopoeia/Nutritional/Stachys palustris.md	30_Pharmacopoeia/_pharmacopoeia-vault/Manus Compound Notes/Stachys palustris.md	1736
e83a58f05b3346c9192bc95cba9dd826b259a9c51d91a7469fda1adbaa6270a1	30_Pharmacopoeia/Nutritional/Panax notoginseng.md	30_Pharmacopoeia/_pharmacopoeia-vault/Manus Compound Notes/Panax notoginseng.md	1839
d5e345aa1a43589e9a16d917e33bcf2abd1b57ced885f5c80a2271c85d20c5fa	30_Pharmacopoeia/Nutritional/citronellol.md	30_Pharmacopoeia/_pharmacopoeia-vault/Manus Compound Notes/citronellol.md	1596
d8397f64ef175bb95d50cab3b0fd7b29aca21132dc13003632eb7ddf322eac8a	30_Pharmacopoeia/Nutritional/Ilex kudingcha.md	30_Pharmacopoeia/_pharmacopoeia-vault/Manus Compound Notes/Ilex kudingcha.md	1762
3c8a2d171a5cd8de7583beb0c83adba86ad9f058b13cc7167a6e35d5c8916012	30_Pharmacopoeia/Functional/corynantheidine.md	30_Pharmacopoeia/_pharmacopoeia-vault/Manus Compound Notes/corynantheidine.md	1809
500a7ee0fe61392cdb655e21e26707e79f4513ece7b7600205b6d25e4af2db68	30_Pharmacopoeia/Pneumatic/tetrahydroharmine.md	30_Pharmacopoeia/_pharmacopoeia-vault/Manus Compound Notes/tetrahydroharmine.md	1814
0ba5e5a68dca972d8671899c6fa6617a3de599ecb717b6c95cc581a4c142eccb	30_Pharmacopoeia/Nutritional/mitraphylline.md	30_Pharmacopoeia/_pharmacopoeia-vault/Manus Compound Notes/mitraphylline.md	1698
e351b766c3c4f953cbefa252b974d9a5acdb9128acc985e65fb1d259ed6ddfa6	30_Pharmacopoeia/Nutritional/Ilex tarapotina.md	30_Pharmacopoeia/_pharmacopoeia-vault/Manus Compound Notes/Ilex tarapotina.md	1833
89e5043073a7cb747a4034e0a43be755ae84fd8734796eb7e0f5a796501b6e23	30_Pharmacopoeia/Nutritional/californidine.md	30_Pharmacopoeia/_pharmacopoeia-vault/Manus Compound Notes/californidine.md	1874
32e043e2ad031d0e7df25c2722ce3f3238c7176a2ded20ee5a684e47c0583bfd	30_Pharmacopoeia/Nutritional/Withania somnifera.md	30_Pharmacopoeia/_pharmacopoeia-vault/Manus Compound Notes/Withania somnifera.md	1870
34b8150395219a2af6e163bcea3bbf727d909963290ed524e751553e9e33413e	30_Pharmacopoeia/Nutritional/galantamine.md	30_Pharmacopoeia/_pharmacopoeia-vault/Manus Compound Notes/galantamine.md	1821
34ace6a5e0667f0ac70d1233d500ff100e6c219433cfdd311d501b9210af8102	30_Pharmacopoeia/Nutritional/tetracyclic chemotype.md	30_Pharmacopoeia/_pharmacopoeia-vault/Manus Compound Notes/tetracyclic chemotype.md	1443
3d7196ac88c3163b0a7bcab74bd764c3ddb0befdd5428f3b231b90cceeff42ff	30_Pharmacopoeia/Functional/2-FMA.md	30_Pharmacopoeia/_pharmacopoeia-vault/Manus Compound Notes/2-FMA.md	1630
f2e7802cf27a9642ed37e7d41ada1c0d240232bf5c0d961d5397024cbb7163a3	30_Pharmacopoeia/Pneumatic/LSD.md	30_Pharmacopoeia/_pharmacopoeia-vault/Manus Compound Notes/LSD.md	1758
260f258bf2fb50807e540096ec884187b685aed4d81968907719781fa9801d93	30_Pharmacopoeia/Functional/D-fraction.md	30_Pharmacopoeia/_pharmacopoeia-vault/Manus Compound Notes/D-fraction.md	1353
d6d2c2612225df9666a4ca497fbb2095f6a04d52590049a155a541dccd7b76c9	30_Pharmacopoeia/Nutritional/Iron.md	30_Pharmacopoeia/_pharmacopoeia-vault/Manus Compound Notes/Iron.md	1501
f6b211755065c407f5c9f3ddd5cb21123720f0f6025958cf5c99f4c50b5a9a43	30_Pharmacopoeia/Nutritional/Rhus coriaria.md	30_Pharmacopoeia/_pharmacopoeia-vault/Manus Compound Notes/Rhus coriaria.md	1884
cc4705f75a0718024aa8a1b030c030dbf12704574b4b757c4be5349a65fbe579	30_Pharmacopoeia/Nutritional/piperine.md	30_Pharmacopoeia/_pharmacopoeia-vault/Manus Compound Notes/piperine.md	1707
8bbee834de469203f7577a034e3e9ba8ff7806d11ebea41f719f21294abc282a	30_Pharmacopoeia/Nutritional/Prunus cerasus.md	30_Pharmacopoeia/_pharmacopoeia-vault/Manus Compound Notes/Prunus cerasus.md	1399
4dde5a8302d7d590a1e1ad9fab7d27c5eed6df7aa0f19371a8a1f9d5fc5f9082	30_Pharmacopoeia/Functional/phenylethylamine.md	30_Pharmacopoeia/_pharmacopoeia-vault/Manus Compound Notes/phenylethylamine.md	1654
34a12d63c6f7178f9bd2a28d96c013cc3a27f2313f5c7808d8afece057556762	30_Pharmacopoeia/Pneumatic/lyfoline.md	30_Pharmacopoeia/_pharmacopoeia-vault/Manus Compound Notes/lyfoline.md	1714
bf1f041420470ff0a0ad83f7dc28ff24f44417cde5c00889d9359143db54ebf8	30_Pharmacopoeia/Nutritional/Pinus pinaster.md	30_Pharmacopoeia/_pharmacopoeia-vault/Manus Compound Notes/Pinus pinaster.md	1740
727a813e72cc36d74474484450b5a026965a8b46482036ba77599c5ffbee6407	30_Pharmacopoeia/Functional/kolanin.md	30_Pharmacopoeia/_pharmacopoeia-vault/Manus Compound Notes/kolanin.md	1370
c54d05e9f7d96ebeb860ac6eedce31ec2784e5ce8f9f9ce3b31cbbc5bc7bfe55	30_Pharmacopoeia/Nutritional/1,8-cineole.md	30_Pharmacopoeia/_pharmacopoeia-vault/Manus Compound Notes/1,8-cineole.md	1684
f6e02fe755c87137afe59628f6d85e735d048e475cb875432dbc6701dba2f102	30_Pharmacopoeia/Functional/terpenoids.md	30_Pharmacopoeia/_pharmacopoeia-vault/Manus Compound Notes/terpenoids.md	1444
ebb8104c963dac5613d990908391c680edaecb0e5c2267ed50daaad3cf5a41aa	30_Pharmacopoeia/Nutritional/pterostilbene.md	30_Pharmacopoeia/_pharmacopoeia-vault/Manus Compound Notes/pterostilbene.md	1763
0e5ab3d1acd66e25dc44fe07287d5a111c228f5f5a6c5925f7d9a4bfa08b3259	30_Pharmacopoeia/Nutritional/Trametes versicolor.md	30_Pharmacopoeia/_pharmacopoeia-vault/Manus Compound Notes/Trametes versicolor.md	1792
de63dcadbcc17ec0f02c5150a4a350c39fb568e2a303fa50dd3a30c59b0d1922	30_Pharmacopoeia/Nutritional/Tinospora cordifolia.md	30_Pharmacopoeia/_pharmacopoeia-vault/Manus Compound Notes/Tinospora cordifolia.md	1581
2ba808e15b7eedb4cda73f02578e5806f3318acd67de528faa45c4ed19ef6605	30_Pharmacopoeia/Nutritional/Hyssopus officinalis.md	30_Pharmacopoeia/_pharmacopoeia-vault/Manus Compound Notes/Hyssopus officinalis.md	1933
a0dfedf0ea398f6f63df74bf8c5a16fe42f594f053c96e461420a2264a9c533b	30_Pharmacopoeia/Chthonic/Atropa baetica.md	30_Pharmacopoeia/_pharmacopoeia-vault/Manus Compound Notes/Atropa baetica.md	1499
3ff8092727ea935bec4af8c2bf0c68b8195dbd31ca01923ad7f7fc0c24419fb2	30_Pharmacopoeia/Nutritional/Rg1.md	30_Pharmacopoeia/_pharmacopoeia-vault/Manus Compound Notes/Rg1.md	1880
779a187401ff6c0cdc63783474e4116e8c818d2242172d420dd02b0370df6546	30_Pharmacopoeia/Functional/catechin.md	30_Pharmacopoeia/_pharmacopoeia-vault/Manus Compound Notes/catechin.md	1655
1389731f03f662b89c8ef58818748fb027a4c1a44012fd102eff2ccca33f75be	30_Pharmacopoeia/Nutritional/eugenol.md	30_Pharmacopoeia/_pharmacopoeia-vault/Manus Compound Notes/eugenol.md	1952
1f4df412508e27dcda52493e55820b3045c49219b52310b5b4b34a3643fe2e1e	30_Pharmacopoeia/Nutritional/Anadenanthera colubrina.md	30_Pharmacopoeia/_pharmacopoeia-vault/Manus Compound Notes/Anadenanthera colubrina.md	1800
078405181c767db55f400d3687e9bc62f7bcb52fcc29f09c4533e335a35ce046	30_Pharmacopoeia/Pneumatic/tropanes.md	30_Pharmacopoeia/_pharmacopoeia-vault/Manus Compound Notes/tropanes.md	1339
d58d4ad2a053647ae18dbaf5c82f5352cc03f92c8684ea8dc00158020ecae9aa	30_Pharmacopoeia/Nutritional/L-methylfolate.md	30_Pharmacopoeia/_pharmacopoeia-vault/Manus Compound Notes/L-methylfolate.md	1817
f12a5989184ca7c228650471e12841882f3c8136a771c55c5b3b4afa4dab7673	30_Pharmacopoeia/Nutritional/Veratrum album.md	30_Pharmacopoeia/_pharmacopoeia-vault/Manus Compound Notes/Veratrum album.md	1796
53c3a2f7ad57eb1ffa73dcb964ff0594920114fc76a76f1024129fcc080b6a21	30_Pharmacopoeia/Nutritional/Huperzia serrata.md	30_Pharmacopoeia/_pharmacopoeia-vault/Manus Compound Notes/Huperzia serrata.md	1633
aa64541e7da61b7d0abe57e4598e5388812eba5672deb439a2c7d550f025ffb0	30_Pharmacopoeia/Chthonic/mesaconitine.md	30_Pharmacopoeia/_pharmacopoeia-vault/Manus Compound Notes/mesaconitine.md	1794
ac9b753ae2206f0edad687f5fe0e6e3bbca33c323219caf7b0f76b165795e516	30_Pharmacopoeia/Chthonic/Scopolia stramoniifolia.md	30_Pharmacopoeia/_pharmacopoeia-vault/Manus Compound Notes/Scopolia stramoniifolia.md	1580
a3661cf2153eedb95a18969112fd324dd4cac6fbe1dca4c4bc2a939738a26d27	30_Pharmacopoeia/Nutritional/pinocamphone.md	30_Pharmacopoeia/_pharmacopoeia-vault/Manus Compound Notes/pinocamphone.md	1668
e3605b056027b5227d2a8dbeed67d272f3e7bc21b14e844c3975eef1ac17534a	30_Pharmacopoeia/Nutritional/COX-2.md	30_Pharmacopoeia/_pharmacopoeia-vault/Manus Compound Notes/COX-2.md	1319
3994cc1b5159224f1745967d21654b3ca67b0584240ad1ea06e6b9ce72c00438	30_Pharmacopoeia/Functional/tacrine.md	30_Pharmacopoeia/_pharmacopoeia-vault/Manus Compound Notes/tacrine.md	1577
9a2383936857560d5ca0b80fd22c23f5266d379429c6c18d692057998a699a0d	30_Pharmacopoeia/Nutritional/Mesembryanthemum cordifolium.md	30_Pharmacopoeia/_pharmacopoeia-vault/Manus Compound Notes/Mesembryanthemum cordifolium.md	1957
1d9a560edb089c623ca9707b08a676766e2b97800c63e59db1fe9d534888248f	30_Pharmacopoeia/Medical/morphine.md	30_Pharmacopoeia/_pharmacopoeia-vault/Manus Compound Notes/morphine.md	1798
741a670bc06ec36b2f868a11aae18e6a275de6635a435b9ef51ae48bd57a7250	30_Pharmacopoeia/Nutritional/Fallopia multiflora.md	30_Pharmacopoeia/_pharmacopoeia-vault/Manus Compound Notes/Fallopia multiflora.md	1873
d1332de505b9a8991adabe66d43c4e98b9c809837e852492253cac5a51f19a4a	30_Pharmacopoeia/Nutritional/Delosperma echinatum.md	30_Pharmacopoeia/_pharmacopoeia-vault/Manus Compound Notes/Delosperma echinatum.md	1967
f42aaacb329ec348fcdfac20fa9cec01526d8ece68af528f28116c2006b18625	30_Pharmacopoeia/Nutritional/fatty oil.md	30_Pharmacopoeia/_pharmacopoeia-vault/Manus Compound Notes/fatty oil.md	1378
d9c65e371a394a692181b995a1b01a7278e13a41d18554b7949c4dd5949cacdc	30_Pharmacopoeia/Nutritional/kavalactones (kavain, dihydrokavain, methysticin, yangonin.md	30_Pharmacopoeia/_pharmacopoeia-vault/Manus Compound Notes/kavalactones (kavain, dihydrokavain, methysticin, yangonin.md	1678
d94c56e0a9f26d3beced9519010e447d4cf64cf6e985184c9c11548dd9ed398f	30_Pharmacopoeia/Functional/theobromine.md	30_Pharmacopoeia/_pharmacopoeia-vault/Manus Compound Notes/theobromine.md	1955
7dab7c5a52e70d52b7f8f53237ccd63e5146242826b9dcadb5daa38f78ce5498	30_Pharmacopoeia/Nutritional/tiliroside.md	30_Pharmacopoeia/_pharmacopoeia-vault/Manus Compound Notes/tiliroside.md	1695
d237a3da905af29388d6905536a3d26d5d80f46923fbff0aac23a42e15d8b583	30_Pharmacopoeia/Functional/Ilex cassine.md	30_Pharmacopoeia/_pharmacopoeia-vault/Manus Compound Notes/Ilex cassine.md	1605
0aa016670a0f6625669a64a96f23095dd5b93e158dec6c7504707d5a4edcd381	30_Pharmacopoeia/Chthonic/jervine.md	30_Pharmacopoeia/_pharmacopoeia-vault/Manus Compound Notes/jervine.md	1788
18bd56062ba85a8538777ec55eaddae726887e5594090c7bc18f186620c26af2	30_Pharmacopoeia/Functional/Paullinia cupana.md	30_Pharmacopoeia/_pharmacopoeia-vault/Manus Compound Notes/Paullinia cupana.md	1778
27a32e434641838d0808df3552ae962e218e66fd84947efe3e6a12b2d51e3fff	30_Pharmacopoeia/Nutritional/Rb1.md	30_Pharmacopoeia/_pharmacopoeia-vault/Manus Compound Notes/Rb1.md	1715
dd6b31825140e91b52de428c4feceafcc956052daf06d05da52108fa3b41fba2	30_Pharmacopoeia/Nutritional/columbin diterpenes.md	30_Pharmacopoeia/_pharmacopoeia-vault/Manus Compound Notes/columbin diterpenes.md	1688
6ea861db938bdfeed01e4a6febb3b92f53dad8856e7cd060fbd5749fc4d3b312	30_Pharmacopoeia/Nutritional/Glycyrrhiza uralensis.md	30_Pharmacopoeia/_pharmacopoeia-vault/Manus Compound Notes/Glycyrrhiza uralensis.md	2121
9e628dd57f2afc6103d0fa56c4babfadeea7df112a45234259fb7d5f5134e134	30_Pharmacopoeia/Nutritional/Artemisia absinthium.md	30_Pharmacopoeia/_pharmacopoeia-vault/Manus Compound Notes/Artemisia absinthium.md	1852
34364c50389343003d54d99b5d937b8dde4a8260309973e282a9a310f2b0f63e	30_Pharmacopoeia/Nutritional/Salvia rosmarinus.md	30_Pharmacopoeia/_pharmacopoeia-vault/Manus Compound Notes/Salvia rosmarinus.md	2041
817ba1d37ac8d3ee45044f811ade3da33852cc2be24e358dbc1b1ecdd92414e9	30_Pharmacopoeia/Nutritional/phenolic acids.md	30_Pharmacopoeia/_pharmacopoeia-vault/Manus Compound Notes/phenolic acids.md	1375
e71011ce3976c2fca6e1617efa5bf48cc4b552d0d86f132206e999cb29f804d3	30_Pharmacopoeia/Pneumatic/LSD derivatives.md	30_Pharmacopoeia/_pharmacopoeia-vault/Manus Compound Notes/LSD derivatives.md	1393
dca269caa03e387c1b5894f9df29b9121084661a6d4115c9e84fb9a1815c8db7	30_Pharmacopoeia/Chthonic/atropine.md	30_Pharmacopoeia/_pharmacopoeia-vault/Manus Compound Notes/atropine.md	2051
e5a8c76c979e024502e7941ecfae0a5f5fcee657c7d1b4f3ce7ebac08d7f38b7	30_Pharmacopoeia/Nutritional/L-tryptophan.md	30_Pharmacopoeia/_pharmacopoeia-vault/Manus Compound Notes/L-tryptophan.md	1653
f9a6a1743c70ec74c20f429dfa4fdaa227771ac5b8aa7f256aab06dde9ec813e	30_Pharmacopoeia/Nutritional/Mansoa hymenaea.md	30_Pharmacopoeia/_pharmacopoeia-vault/Manus Compound Notes/Mansoa hymenaea.md	1445
8ce20e32d5f109a8333af4b52a3e52acbe37ae8b5f48e0444b468ac380772a16	30_Pharmacopoeia/Nutritional/Scutellaria baicalensis.md	30_Pharmacopoeia/_pharmacopoeia-vault/Manus Compound Notes/Scutellaria baicalensis.md	1772
a27d6d3b6d508ce8222264c491615e922702b3f8287b4ddb239e2ea0297afc65	30_Pharmacopoeia/Nutritional/ginsenoside Rb1.md	30_Pharmacopoeia/_pharmacopoeia-vault/Manus Compound Notes/ginsenoside Rb1.md	2009
3481563c550724d78c300b6e5e839b19384f9a6b8fd99e414a7f603ab59886b6	30_Pharmacopoeia/Medical/Papaver bracteatum.md	30_Pharmacopoeia/_pharmacopoeia-vault/Manus Compound Notes/Papaver bracteatum.md	1735
1bb36ef2f946f4fb86a1bc9558af74341db7f3647c464fc731ca59f93cf8fa6f	30_Pharmacopoeia/Chthonic/Helleborus niger.md	30_Pharmacopoeia/_pharmacopoeia-vault/Manus Compound Notes/Helleborus niger.md	1734
f23ad882ae65ee889ad6fdd54b42a221ba74e3c56608e2edac8152025ce897a2	30_Pharmacopoeia/Nutritional/NMDA.md	30_Pharmacopoeia/_pharmacopoeia-vault/Manus Compound Notes/NMDA.md	1645
b8a6f9de6da7fbbdee05579677dccb284f2a1ba90a6b726ebdba33d1629b25e7	30_Pharmacopoeia/Nutritional/linalool.md	30_Pharmacopoeia/_pharmacopoeia-vault/Manus Compound Notes/linalool.md	1728
bd0a6052f5583477bf3701c7801c9f8cbfcedaca3912dd24654b2d7c06576dcb	30_Pharmacopoeia/Nutritional/Alpinia galanga.md	30_Pharmacopoeia/_pharmacopoeia-vault/Manus Compound Notes/Alpinia galanga.md	1940
d8e7000a10e06288a2b17233cf95d3162d7a97bf72f506c091fc9b2d40944c0b	30_Pharmacopoeia/Nutritional/Cimicifuga racemosa.md	30_Pharmacopoeia/_pharmacopoeia-vault/Manus Compound Notes/Cimicifuga racemosa.md	1673
423845023fa7a2ba620d80d76b91f5663c858902cf36ede5512a4a14f2195f2f	30_Pharmacopoeia/Nutritional/Ôò¼ÔûÆ2-antagonist.md	30_Pharmacopoeia/_pharmacopoeia-vault/Manus Compound Notes/╬▒2-antagonist.md	1377
3ca2d1c6fc7a10ea2b3b6096de9ad764f0e264470b2ad633004427624e847a8b	30_Pharmacopoeia/Nutritional/kavain.md	30_Pharmacopoeia/_pharmacopoeia-vault/Manus Compound Notes/kavain.md	1849
2a51b021be045c4148ad6448d8fb198d8790cce98149ef98434ac0f04a6ab405	30_Pharmacopoeia/Functional/Psilocin.md	30_Pharmacopoeia/_pharmacopoeia-vault/Manus Compound Notes/Psilocin.md	1667
1644e9fe43328b50b3d25251edf9246e579acbdc7ba0c16a8a91721d7d1c0dbc	30_Pharmacopoeia/Nutritional/Annona muricata.md	30_Pharmacopoeia/_pharmacopoeia-vault/Manus Compound Notes/Annona muricata.md	1777
4dd7d3663688f7e83efe14c0e7a3df049d5be78454ed68fee913ba1b5c828656	30_Pharmacopoeia/Pneumatic/dextroamphetamine.md	30_Pharmacopoeia/_pharmacopoeia-vault/Manus Compound Notes/dextroamphetamine.md	1623
0f6891a1919c8f4aeb40c69cd84f3c9bb57451e8574f754ed9e4abf70d685e32	30_Pharmacopoeia/Chthonic/veratrine.md	30_Pharmacopoeia/_pharmacopoeia-vault/Manus Compound Notes/veratrine.md	1817
c85e5664673557b123dfaeadf9236293db44f91452efb29f12c4aef45fa274df	17_Personal_Sensitive_Drugs/General/Salvia divinorum - Trip Reports.md	30_Pharmacopoeia/_pharmacopoeia-vault/Trip Reports/Salvia divinorum - Trip Reports.md	4650
859e8b0fa0c58d825cf990cd9181fa14aa6e43551b314af58010708a0525c6e8	17_Personal_Sensitive_Drugs/General/Psilocybin - Trip Reports.md	30_Pharmacopoeia/_pharmacopoeia-vault/Trip Reports/Psilocybin - Trip Reports.md	12366
dbc92c0426d6803b7829954f2a365898f8d9f8c82b7f85cc98571f5c3f8d0a34	17_Personal_Sensitive_Drugs/General/Iboga - Trip Reports.md	30_Pharmacopoeia/_pharmacopoeia-vault/Trip Reports/Iboga - Trip Reports.md	5569
c7e725bbe372778200d688a3736a173d6afc2c463e381025cac877c9c391967f	17_Personal_Sensitive_Drugs/General/Datura - Trip Reports.md	30_Pharmacopoeia/_pharmacopoeia-vault/Trip Reports/Datura - Trip Reports.md	24190
001fda002e03bfed50d3cf0e710f015076ad84016bd962bb9b3617ffb671fe74	30_Pharmacopoeia/Chthonic/Long_Form_Parts/01_Plants-of-Power_Chthonic__part-05.md	30_Pharmacopoeia/_pharmacopoeia-vault/01_Plants-of-Power_Chthonic/01_Plants-of-Power_Chthonic__part-05.md	79256
77f23fbd3722045e415432d3c0ca8c2e2728e13368c86a42b92dea4f85feaf01	30_Pharmacopoeia/Chthonic/Long_Form_Parts/01_Plants-of-Power_Chthonic__part-18.md	30_Pharmacopoeia/_pharmacopoeia-vault/01_Plants-of-Power_Chthonic/01_Plants-of-Power_Chthonic__part-18.md	6602
021f598cd7656a2e45b95df6ae3ab174fc9a4d5fa7a5aec8e7b65c1eec1e7bad	30_Pharmacopoeia/Chthonic/Long_Form_Parts/01_Plants-of-Power_Chthonic__part-06.md	30_Pharmacopoeia/_pharmacopoeia-vault/01_Plants-of-Power_Chthonic/01_Plants-of-Power_Chthonic__part-06.md	79818
f9830e7a4c0c8cee4787e5ee7f64a94988be1dc03313b4b70a488f41d3438154	30_Pharmacopoeia/Chthonic/Long_Form_Parts/01_Plants-of-Power_Chthonic__part-16.md	30_Pharmacopoeia/_pharmacopoeia-vault/01_Plants-of-Power_Chthonic/01_Plants-of-Power_Chthonic__part-16.md	6442
a161ea0894a51b1be09791bbbdca6c93aea481a1aef611ce21b71ea217f72034	30_Pharmacopoeia/Chthonic/Long_Form_Parts/01_Plants-of-Power_Chthonic__part-11.md	30_Pharmacopoeia/_pharmacopoeia-vault/01_Plants-of-Power_Chthonic/01_Plants-of-Power_Chthonic__part-11.md	70549
cd277cd38b6b1a6b54ffcb1c8be6de29b8e8a205f71d6127f6cdf3c739fe8c34	30_Pharmacopoeia/Chthonic/Long_Form_Parts/01_Plants-of-Power_Chthonic__part-03.md	30_Pharmacopoeia/_pharmacopoeia-vault/01_Plants-of-Power_Chthonic/01_Plants-of-Power_Chthonic__part-03.md	78023
9b6b4190d9a86b4382c278b124463d57500d20b0403db0ec2fb8019fcc9741ee	30_Pharmacopoeia/Chthonic/Long_Form_Parts/01_Plants-of-Power_Chthonic__part-20.md	30_Pharmacopoeia/_pharmacopoeia-vault/01_Plants-of-Power_Chthonic/01_Plants-of-Power_Chthonic__part-20.md	25689
d20c8c6fcf6cbc3a0b53e7d17a89c3d718190d77a2de061f988b4726f6aea639	30_Pharmacopoeia/Chthonic/Long_Form_Parts/01_Plants-of-Power_Chthonic__part-10.md	30_Pharmacopoeia/_pharmacopoeia-vault/01_Plants-of-Power_Chthonic/01_Plants-of-Power_Chthonic__part-10.md	69907
016fee633b2b9b0d720d423096e43fc51daf9f9dd4410c5f655d00bc4d732201	30_Pharmacopoeia/Chthonic/Long_Form_Parts/01_Plants-of-Power_Chthonic__part-02.md	30_Pharmacopoeia/_pharmacopoeia-vault/01_Plants-of-Power_Chthonic/01_Plants-of-Power_Chthonic__part-02.md	64343
261621aa294bbb85a4fdd4783edb11f8f841c423f5b997e24f4f6378d83804ad	30_Pharmacopoeia/Chthonic/Long_Form_Parts/01_Plants-of-Power_Chthonic__part-14.md	30_Pharmacopoeia/_pharmacopoeia-vault/01_Plants-of-Power_Chthonic/01_Plants-of-Power_Chthonic__part-14.md	1528
c36833fb568c74f7b46f8faa48cad9b8a6f8855fdd879a87f5c9f9e975b5426c	30_Pharmacopoeia/Chthonic/Long_Form_Parts/01_Plants-of-Power_Chthonic__part-04.md	30_Pharmacopoeia/_pharmacopoeia-vault/01_Plants-of-Power_Chthonic/01_Plants-of-Power_Chthonic__part-04.md	75422
0658f04b025d30041ead623b3b96f3cf863655ec72d5bd2c446575f8483295a2	30_Pharmacopoeia/Chthonic/Long_Form_Parts/01_Plants-of-Power_Chthonic__part-13.md	30_Pharmacopoeia/_pharmacopoeia-vault/01_Plants-of-Power_Chthonic/01_Plants-of-Power_Chthonic__part-13.md	9008
d90ab05e4de500befd2248373a1f408378ba1d41976235db8db0f230317b64f3	30_Pharmacopoeia/Chthonic/Long_Form_Parts/01_Plants-of-Power_Chthonic__part-08.md	30_Pharmacopoeia/_pharmacopoeia-vault/01_Plants-of-Power_Chthonic/01_Plants-of-Power_Chthonic__part-08.md	73880
74351d7e9383d166151043234bff5b61e30d4b7fe3cf956771cc60f75fcdd3d9	30_Pharmacopoeia/Chthonic/Long_Form_Parts/01_Plants-of-Power_Chthonic__part-12.md	30_Pharmacopoeia/_pharmacopoeia-vault/01_Plants-of-Power_Chthonic/01_Plants-of-Power_Chthonic__part-12.md	38160
adeff66fee31e813a5ad64768e788d6f4d00933214b5956ea7069b3a0fba8d24	30_Pharmacopoeia/Chthonic/Long_Form_Parts/01_Plants-of-Power_Chthonic__part-17.md	30_Pharmacopoeia/_pharmacopoeia-vault/01_Plants-of-Power_Chthonic/01_Plants-of-Power_Chthonic__part-17.md	6657
749854a9ae5377d55ad4017ce46958332b0955bd8fe7a8c377dc0a7177333542	30_Pharmacopoeia/Chthonic/Long_Form_Parts/01_Plants-of-Power_Chthonic__part-15.md	30_Pharmacopoeia/_pharmacopoeia-vault/01_Plants-of-Power_Chthonic/01_Plants-of-Power_Chthonic__part-15.md	3336
23c7027ba4876a7de572682b0f4e1879231daed0ab26f65b9b1bd7bcd65cb634	30_Pharmacopoeia/Chthonic/Long_Form_Parts/01_Plants-of-Power_Chthonic__part-21.md	30_Pharmacopoeia/_pharmacopoeia-vault/01_Plants-of-Power_Chthonic/01_Plants-of-Power_Chthonic__part-21.md	32875
578cc3c362e6d84c3a61c091ffbd02491f718bb6dfd41565ba8e3a617572eb80	30_Pharmacopoeia/Chthonic/Long_Form_Parts/01_Plants-of-Power_Chthonic__part-09.md	30_Pharmacopoeia/_pharmacopoeia-vault/01_Plants-of-Power_Chthonic/01_Plants-of-Power_Chthonic__part-09.md	67719
a232590e36c3dcbbc56412a82714c7320e69b7a3c0c585ac1c5c986d7f412e99	30_Pharmacopoeia/Chthonic/Long_Form_Parts/01_Plants-of-Power_Chthonic__part-19.md	30_Pharmacopoeia/_pharmacopoeia-vault/01_Plants-of-Power_Chthonic/01_Plants-of-Power_Chthonic__part-19.md	9872
5bcc269cb62480f0ec0efd4986d6dc21d81db10ecfb64e8b0d44f5776ca10850	30_Pharmacopoeia/Chthonic/Long_Form_Parts/01_Plants-of-Power_Chthonic__part-07.md	30_Pharmacopoeia/_pharmacopoeia-vault/01_Plants-of-Power_Chthonic/01_Plants-of-Power_Chthonic__part-07.md	81360
629defab75848a4a865f32beed35aa2635182e2cf1d66f4df0b8735cf03839f5	16_Personal_NSFW/Sissy_Training/banners/achievement-good-girl-trophy.jpg	16_Personal_NSFW/Sissy_Training/banners/user-supplied-newphotos/userphoto_172_629defab75.jpg	260825
5e75b07e798a81738e28fb011d27713953c12a7eab7fd0e4b5bda75081005187	16_Personal_NSFW/Sissy_Training/banners/achievement-mistresss-favorite.jpg	16_Personal_NSFW/Sissy_Training/banners/user-supplied-newphotos/userphoto_201_5e75b07e79.jpg	262453
e7ca1896569080005a5003a6daeae2769576393ca4f680ea39188f2286460260	16_Personal_NSFW/Sissy_Training/banners/pink-lace-detail.jpg	16_Personal_NSFW/Sissy_Training/banners/user-supplied-newphotos/userphoto_137_e7ca189656.jpg	322132
03138f47237c05937fb8e17f5d08e5ee71172af8aa292f769c1c7a066e13cb01	16_Personal_NSFW/Sissy_Training/banners/silhouette-pink-lingerie.jpg	16_Personal_NSFW/Sissy_Training/banners/user-supplied-newphotos/userphoto_146_03138f4723.jpg	119164
36a6df04f19accea9f5d9cc4c6d797d99e1cc6ff9e16686838624e2c993f9ea5	16_Personal_NSFW/Sissy_Training/banners/kneeling-cute-pink-dress.jpg	16_Personal_NSFW/Sissy_Training/banners/user-supplied-newphotos/userphoto_212_36a6df04f1.jpg	170781
00a2f8f65e90dc0270e049908ca6ed36118b7a7745a5f4a6ebdae632a4a2c663	16_Personal_NSFW/Sissy_Training/banners/sissy-collection.jpg	16_Personal_NSFW/Sissy_Training/banners/user-supplied-newphotos/userphoto_152_00a2f8f65e.jpg	364424
9062dd45f5c5548fd329aa261016b230fa3caa9f27ac3b9d6310bff6b9098ab4	16_Personal_NSFW/Sissy_Training/banners/achievement-soft-heart-pedestal.jpg	16_Personal_NSFW/Sissy_Training/banners/user-supplied-newphotos/userphoto_164_9062dd45f5.jpg	270055
b901fd98c35d32c335f497de92571bef58d9bf8fee4944fa36d4ed4fff0c4ba9	16_Personal_NSFW/Sissy_Training/banners/silhouette-kneeling-pink.jpg	16_Personal_NSFW/Sissy_Training/banners/user-supplied-newphotos/userphoto_145_b901fd98c3.jpg	137396
fa1ae8f324e83f7239b4933d9d4e2d010becc689732c828e6f800f7735efacaa	16_Personal_NSFW/Sissy_Training/banners/chastity-pearls-lace.jpg	16_Personal_NSFW/Sissy_Training/banners/user-supplied-newphotos/userphoto_186_fa1ae8f324.jpg	271697
aa60bd8c4db04808337b11c136b1119bf306eb48e15de8af9933dfd798a8e9e8	16_Personal_NSFW/Sissy_Training/banners/achievement-princess-in-progress.jpg	16_Personal_NSFW/Sissy_Training/banners/user-supplied-newphotos/userphoto_204_aa60bd8c4d.jpg	243469
f1021499a1c5878c5b913380f785b72bf3083847ecd86292d22d5ed257e5fafe	16_Personal_NSFW/Sissy_Training/banners/achievement-pink-lock-princess.jpg	16_Personal_NSFW/Sissy_Training/banners/user-supplied-newphotos/userphoto_163_f1021499a1.jpg	272354
23d43ac8e1c75c8b6abcb3aa9dbaf611ca86b48928fc1444b2529593757b45e2	16_Personal_NSFW/Sissy_Training/banners/locked-for-her.jpg	16_Personal_NSFW/Sissy_Training/banners/user-supplied-newphotos/userphoto_179_23d43ac8e1.jpg	260170
499cc86e7d8c099f176825674d83a6cdb59c43db78d3391d2fde00f5a17d615a	16_Personal_NSFW/Sissy_Training/banners/mistress-precious.jpg	16_Personal_NSFW/Sissy_Training/banners/user-supplied-newphotos/userphoto_216_499cc86e7d.jpg	387283
adf70ff13b5c45d5ef52cbeadfb45a00bd182eb52d68e8a1c51a08861d6ba39d	16_Personal_NSFW/Sissy_Training/banners/princess-illustration-pink.jpg	16_Personal_NSFW/Sissy_Training/banners/user-supplied-newphotos/userphoto_144_adf70ff13b.jpg	137505
cdaa820ded5aa51afbcbc4ddc59c0da0382f40230983841a4aea7e1e8441726b	16_Personal_NSFW/Sissy_Training/banners/chastity-velvet-box.jpg	16_Personal_NSFW/Sissy_Training/banners/user-supplied-newphotos/userphoto_221_cdaa820ded.jpg	295804
a38281f0de578bca861db32065ba882292f317fe5ac83e800174c44f53837df8	16_Personal_NSFW/Sissy_Training/banners/chastity-satin-confetti.jpg	16_Personal_NSFW/Sissy_Training/banners/user-supplied-newphotos/userphoto_181_a38281f0de.jpg	249637
57c2c83d2fdab36713e5e54b2b6e264300df6ee43032daa9c7a81cc11c20fc94	16_Personal_NSFW/Sissy_Training/banners/achievement-lingerie-princess.jpg	16_Personal_NSFW/Sissy_Training/banners/user-supplied-newphotos/userphoto_157_57c2c83d2f.jpg	311485
ef89f3ed037a54dcf6760e1d76c128ed446fe68aa2eeac58ac7a588c3eeb03aa	16_Personal_NSFW/Sissy_Training/banners/achievement-lipstick-queen.jpg	16_Personal_NSFW/Sissy_Training/banners/user-supplied-newphotos/userphoto_161_ef89f3ed03.jpg	256669
00041adc3b3ad5d20003cb107af83c9d80825f7ae756d70f42a302283def260e	16_Personal_NSFW/Sissy_Training/banners/heart-padlock-key.jpg	16_Personal_NSFW/Sissy_Training/banners/user-supplied-newphotos/userphoto_173_00041adc3b.jpg	186982
34fa2185b6e4d0fe34e0efff300de42684c3b1c991a38052aade7dff41e97663	16_Personal_NSFW/Sissy_Training/banners/achievement-feminine-glow.jpg	16_Personal_NSFW/Sissy_Training/banners/user-supplied-newphotos/userphoto_199_34fa2185b6.jpg	194817
cd430b743f42d587e46293332f27f52a1c04a4ed95dd0dc6fedc3514917f051d	16_Personal_NSFW/Sissy_Training/banners/achievement-feminization-queen.jpg	16_Personal_NSFW/Sissy_Training/banners/user-supplied-newphotos/userphoto_171_cd430b743f.jpg	335179
691ddd1feb2830cb32b3cda8fc11419ee4a138e1f0543b28029d29a6fa80090b	16_Personal_NSFW/Sissy_Training/banners/chastity-floating-hearts.jpg	16_Personal_NSFW/Sissy_Training/banners/user-supplied-newphotos/userphoto_185_691ddd1feb.jpg	191280
76d7215a2b5327004405bdb46dab540f2d1bfbb1b6f8ff929b502d65a67032c0	16_Personal_NSFW/Sissy_Training/banners/her-princess.jpeg	16_Personal_NSFW/Sissy_Training/banners/user-supplied-newphotos/userphoto_210_76d7215a2b.jpg	319549
ff1a6165a7252d110f7a125e786e616ac481d54e58a275eb9b6ac1c15ef363af	16_Personal_NSFW/Sissy_Training/banners/chastity-jewelry-pearls.jpg	16_Personal_NSFW/Sissy_Training/banners/user-supplied-newphotos/userphoto_184_ff1a6165a7.jpg	309910
f5d7a091456cc286d13aa9632f97f0c9a5c548c36415f69d427842ee580a0432	16_Personal_NSFW/Sissy_Training/banners/achievement-locked-in-heels-v2.jpg	16_Personal_NSFW/Sissy_Training/banners/user-supplied-newphotos/userphoto_154_f5d7a09145.jpg	183818
da66dcfbcd5e3f1488e3f76d448ac249a79dd0ad7b6b7383ec3bca40683bb330	16_Personal_NSFW/Sissy_Training/banners/weekly-report.jpg	16_Personal_NSFW/Sissy_Training/banners/user-supplied-newphotos/userphoto_151_da66dcfbcd.jpg	288947
70fe3225aec9ea562f0536657d1af21b1e7b4ec0377134f5ca20d8a498ea85d3	16_Personal_NSFW/Sissy_Training/banners/achievement-high-heel-princess.jpg	16_Personal_NSFW/Sissy_Training/banners/user-supplied-newphotos/userphoto_162_70fe3225ae.jpg	301406
a91581af1ab94ab19fd0975004896eb644601450519fa92755e65f86c7ff3f31	16_Personal_NSFW/Sissy_Training/banners/feminine-movement.jpg	16_Personal_NSFW/Sissy_Training/banners/user-supplied-newphotos/userphoto_217_a91581af1a.jpg	309627
394700bc2098a38107dc4c7daef46fa70c958c460a2533ab845db4ee244edfe3	16_Personal_NSFW/Sissy_Training/banners/achievement-makeup-goddess.jpg	16_Personal_NSFW/Sissy_Training/banners/user-supplied-newphotos/userphoto_159_394700bc20.jpg	394021
6d552e4d1e59fdabc08d8476e8bf035049c03860b7c79cae616321dd9644c952	16_Personal_NSFW/Sissy_Training/banners/pink-lace-hearts-2.jpeg	16_Personal_NSFW/Sissy_Training/banners/user-supplied-newphotos/userphoto_214_6d552e4d1e.jpg	249649
88f0017fb1b57cae2bda27357978dbdd4e9270383292000c484a870aba89239d	16_Personal_NSFW/Sissy_Training/banners/achievement-soft-obedient-ribbon.jpg	16_Personal_NSFW/Sissy_Training/banners/user-supplied-newphotos/userphoto_166_88f0017fb1.jpg	267746
e291d9b0e412310065e277faf2b35c3370b96abdcf6377bb459cc2d1d4585a92	16_Personal_NSFW/Sissy_Training/banners/achievement-locked-and-lovely.jpg	16_Personal_NSFW/Sissy_Training/banners/user-supplied-newphotos/userphoto_205_e291d9b0e4.jpg	224333
6aec77d0b82a4ab87181652b565ad079e00052a7869033755746c4eeceda1b7a	16_Personal_NSFW/Sissy_Training/banners/cuckold-devotion.jpg	16_Personal_NSFW/Sissy_Training/banners/user-supplied-newphotos/userphoto_153_6aec77d0b8.jpg	271776
73880a873c9ba1e52d05330a9fa08d01c6197242adb21b553f298ca9f8e97617	16_Personal_NSFW/Sissy_Training/banners/photo-diary.jpg	16_Personal_NSFW/Sissy_Training/banners/user-supplied-newphotos/userphoto_150_73880a873c.jpg	305297
7ee2e690276d13ec22d33a45893ff5aa4e031b4b4cf052b9705bfe6e0a7f605d	16_Personal_NSFW/Sissy_Training/banners/lingerie-silhouette-back.jpg	16_Personal_NSFW/Sissy_Training/banners/user-supplied-newphotos/userphoto_213_7ee2e69027.jpg	129564
f2a366f435f88cf37a48f0a7e78a6a6e20658200ff7ddf12b78fb8e42f04d093	16_Personal_NSFW/Sissy_Training/banners/hand-pink-chastity.jpg	16_Personal_NSFW/Sissy_Training/banners/user-supplied-newphotos/userphoto_130_f2a366f435.jpg	175368
feb8cc07016d81005e57c43cbec0f34651c1b1c2529aeeb41d8232a200f43415	16_Personal_NSFW/Sissy_Training/banners/pearls-crown-charms.jpg	16_Personal_NSFW/Sissy_Training/banners/user-supplied-newphotos/userphoto_136_feb8cc0701.jpg	223533
7cdda0f90d0913550db54e38a0807bde13154381b2561fe40ad9b6eb6ff256d6	16_Personal_NSFW/Sissy_Training/banners/chastity-heart-lock-stars.jpg	16_Personal_NSFW/Sissy_Training/banners/user-supplied-newphotos/userphoto_218_7cdda0f90d.jpg	239550
ff60806c75b184412caa056756bdd628e78ddb819f407b1512bbed840329688a	16_Personal_NSFW/Sissy_Training/banners/voice-training.jpg	16_Personal_NSFW/Sissy_Training/banners/user-supplied-newphotos/userphoto_149_ff60806c75.jpg	355661
3f66901a38b755964b09ed6d2ab14f4208dfdbe2079b2c2b43c06c45c5cb1ab9	16_Personal_NSFW/Sissy_Training/banners/achievement-obedient-princess-seal.jpg	16_Personal_NSFW/Sissy_Training/banners/user-supplied-newphotos/userphoto_167_3f66901a38.jpg	275081
289ff75c76cbd56a0f81f295270cc385171e88f896367e14c569dc3053b0d0a6	16_Personal_NSFW/Sissy_Training/banners/soft-heart.jpg	16_Personal_NSFW/Sissy_Training/banners/user-supplied-newphotos/userphoto_187_289ff75c76.jpg	339739
bbf91b9deaa55984fb3ddc3455589e79c233014fc434ebf9eac15c1104c71cfe	16_Personal_NSFW/Sissy_Training/banners/achievement-voice-training-medal.jpg	16_Personal_NSFW/Sissy_Training/banners/user-supplied-newphotos/userphoto_170_bbf91b9dea.jpg	240304
4037ff5c007299f0774eb1f62246bd824fc5be064b512fab9c89d6a4893e0235	16_Personal_NSFW/Sissy_Training/banners/achievement-submissive-princess-30.jpg	16_Personal_NSFW/Sissy_Training/banners/user-supplied-newphotos/userphoto_200_4037ff5c00.jpg	356077
65bbb955c17ed930cca993722ca14e55a8929e7868209fcc71cd80c13e49a5af	16_Personal_NSFW/Sissy_Training/banners/kneeling-illustration.jpg	16_Personal_NSFW/Sissy_Training/banners/user-supplied-newphotos/userphoto_215_65bbb955c1.jpg	158717
1c8d3eedbf86c309acb1cfc5a50299c435cab2450343b1f58dc34399bcdb99f8	16_Personal_NSFW/Sissy_Training/banners/lingerie-figure-illustration.jpg	16_Personal_NSFW/Sissy_Training/banners/user-supplied-newphotos/userphoto_180_1c8d3eedbf.jpg	136375
a23dfa84758604c798cff44e1cd77eccb68a719c67d7b066d5dab53ffa185481	16_Personal_NSFW/Sissy_Training/banners/achievement-mistress-precious-jewel.jpg	16_Personal_NSFW/Sissy_Training/banners/user-supplied-newphotos/userphoto_165_a23dfa8475.jpg	312689
f32bb90d174a26c541e0a3c52133b088c32af896884a0450b22aed9861d08fa2	16_Personal_NSFW/Sissy_Training/banners/pink-lock-princess.jpg	16_Personal_NSFW/Sissy_Training/banners/user-supplied-newphotos/userphoto_220_f32bb90d17.jpg	408548
04c2ae1ae6b990e64b8313c14de7262a212757eadc5f3cad35c1f11a0ae8501c	16_Personal_NSFW/Sissy_Training/banners/achievement-bra-panties-princess.jpg	16_Personal_NSFW/Sissy_Training/banners/user-supplied-newphotos/userphoto_160_04c2ae1ae6.jpg	287916
991d489daa5b54773b1107a518d37c9966e9e4205d3749313770a19f99af01c9	16_Personal_NSFW/Sissy_Training/banners/silhouette-pink-heels.jpg	16_Personal_NSFW/Sissy_Training/banners/user-supplied-newphotos/userphoto_147_991d489daa.jpg	149485
f4728e898a437c2fbfeb1856a17099e04f59c896f27542364c59b957221a575c	16_Personal_NSFW/Sissy_Training/banners/achievement-devoted-cuckold.jpg	16_Personal_NSFW/Sissy_Training/banners/user-supplied-newphotos/userphoto_168_f4728e898a.jpg	266141
83e9927169851fcfca4ea391c4c10d7409b08ec74341943a81b073a3312d1e37	16_Personal_NSFW/Sissy_Training/banners/chastity-sissy-bow.jpg	16_Personal_NSFW/Sissy_Training/banners/user-supplied-newphotos/userphoto_182_83e9927169.jpg	308013
363662ea78fd026b9ce3666dc047f971af6338bfc30dfb51c7c43a0540bee69b	16_Personal_NSFW/Sissy_Training/banners/achievement-devoted-sissy.jpg	16_Personal_NSFW/Sissy_Training/banners/user-supplied-newphotos/userphoto_203_363662ea78.jpg	196251
1e39c3e0db9a0f02526d028c2c35ed6e5d2dcfeec7976bd149f8a73c022d77d9	16_Personal_NSFW/Sissy_Training/banners/achievement-soft-and-obedient-seal.jpg	16_Personal_NSFW/Sissy_Training/banners/user-supplied-newphotos/userphoto_202_1e39c3e0db.jpg	219586
a5fc7ca7e84fc51d4d7a2e240209e26da1e2e211f0e811a82c7d2ecf6cd743a3	16_Personal_NSFW/Sissy_Training/banners/princess-silhouette-heel.jpg	16_Personal_NSFW/Sissy_Training/banners/user-supplied-newphotos/userphoto_219_a5fc7ca7e8.jpg	220575
7823282c865a7e97adcb746ac2c81281e5b770e9e0b396a3da881629a1ed9e52	16_Personal_NSFW/Sissy_Training/banners/achievement-daily-devotion.jpg	16_Personal_NSFW/Sissy_Training/banners/user-supplied-newphotos/userphoto_169_7823282c86.jpg	304782
83e73dd41239cbd28ac76239db4a751463962b087d0ca6c9a7d7d87a579e3778	16_Personal_NSFW/Sissy_Training/banners/achievement-locked-in-heels.jpg	16_Personal_NSFW/Sissy_Training/banners/user-supplied-newphotos/userphoto_158_83e73dd412.jpg	208746
e22d0df04584a1e868e0395c910606fcb51f979e849a2590714ac467d2e9342a	16_Personal_NSFW/Sissy_Training/banners/good-girl.jpg	16_Personal_NSFW/Sissy_Training/banners/user-supplied-newphotos/userphoto_183_e22d0df045.jpg	339515
51a578acace4888a7f947cceac673abe14702f10dde7b151723f85328c7d8e55	16_Personal_NSFW/Sissy_Training/banners/kisses-ribbon-banner.jpg	16_Personal_NSFW/Sissy_Training/banners/user-supplied-newphotos/userphoto_135_51a578acac.jpg	208200
